,text_id,component_tokens,labels
2614,AbstRCT_neoplasm_21892106,The overall response rate was 51% in arm A and 38% in arm B (p = 0.147).,Premise
2615,AbstRCT_neoplasm_21892106,Grade 3/4 toxicity in both arms was acceptable.,Premise
2616,AbstRCT_neoplasm_21892106,"There was no difference in median progression-free survival between the two arms (5.5 versus 5.0 months, p = 0.19).",Premise
2617,AbstRCT_neoplasm_21892106,Patients in arm A had longer median survival,Premise
2618,AbstRCT_neoplasm_21892106,"but this did not reach statistical significance (13.1 versus 8.3 months, p = 0.25).",Premise
2619,AbstRCT_neoplasm_21892106,No difference in quality of life was observed.,Claim
2620,AbstRCT_neoplasm_21892106,"radiation therapy alone as it demonstrated a response rate greater than 50%, and data suggested that arm A had superior survival to arm B.",Claim
2621,AbstRCT_neoplasm_11370551,"In recent years, encouraging results of preoperative radiotherapy have been reported.",Claim
2622,AbstRCT_neoplasm_11370551,Postoperative radiochemotherapy is recommended for patients with advanced disease (pT3/4 or pN+).,Claim
2623,AbstRCT_neoplasm_11370551,"Acute toxicity (WHO) of radiochemotherapy was low, with less than 15% of patients experiencing Grade 3 or higher toxicity",Premise
2624,AbstRCT_neoplasm_11370551,"The principal toxicity was diarrhea, with 12% in the postoperative radiochemotherapy arm and 10% in the preoperative radiochemotherapy arm having Grade-3, and 1% in either arm having Grade-4 diarrhea.",Premise
2625,AbstRCT_neoplasm_11370551,"Erythema, nausea and leukopenia were the next common toxicities, with less than 3% of patients in either arm suffering Grade 3 or greater leukopenia or nausea.",Premise
2626,AbstRCT_neoplasm_11370551,"Postoperative complication rates were similar in both arms, with 12% (postoperative radiochemotherapy) and 13% (preoperative radiochemotherapy) of patients, respectively, suffering from anastomotic leakage, 4% (postoperative radiochemotherapy) and 3% (preoperative radiochemotherapy) from postoperative bleeding, and 6% (postoperative radiochemotherapy) and 5% (preoperative radiochemotherapy) from delayed wound healing.",Premise
2627,AbstRCT_neoplasm_11370551,"The patient accrual of our trial is satisfactory,",Claim
2628,AbstRCT_neoplasm_11370551,neoadjuvant radiochemotherapy is well tolerated and bears no higher risk for postoperative morbidity.,Claim
2629,AbstRCT_neoplasm_20585099,"Male sexual dysfunction was significantly increased following surgery (P < .001),",Premise
2630,AbstRCT_neoplasm_20585099,although there was no difference between treatment arms.,Premise
2631,AbstRCT_neoplasm_20585099,"Both treatment groups reported similar levels of decreased physical function at 3 months,",Premise
2632,AbstRCT_neoplasm_20585099,but thereafter it returned to baseline levels.,Premise
2633,AbstRCT_neoplasm_20585099,"There was no evidence of any major changes between treatments or time points in terms of general health or bowel function,",Premise
2634,AbstRCT_neoplasm_20585099,but exploratory analysis indicated a significant (P = .006 at 2 years) increase in the level of fecal incontinence with PRE.,Premise
2635,AbstRCT_neoplasm_20585099,"These results from a large randomized trial using validated patient-completed questionnaires show that, for males, the main adverse effect was sexual dysfunction, and the main cause of this was surgery,",Claim
2636,AbstRCT_neoplasm_20585099,PRE also affected sexual and some aspects of bowel functioning.,Claim
2637,AbstRCT_neoplasm_20734132,Upper limb volumes were also lower amongst intervention group participants.,Premise
2638,AbstRCT_neoplasm_20734132,"Participants in the intervention group demonstrated greater improvement in health-related quality of life between baseline and the 3-month assessment [mean (sd) EQ-5D VAS (0-100) baseline: 72.6 (15.6), 3 month: 80.6 (11.6)] when compared to control group participants [baseline: 77.5 (13.5), 3 month: 74.1 (20.6), P = 0.006] and also improved more in terms of physical function [mean (sd) EORTC C30 physical function scale intervention (0-100) baseline: 84.9 (14.8), 3 month: 86.9 (10.7), control baseline: 91.3 (9.6), 3 month: 86.7 (14.9), P = 0.02].",Premise
2639,AbstRCT_neoplasm_20734132,there was low probability that the intervention would be both less costly and more effective than the control condition (range probability = 0.05-50.02% depending on approach).,Premise
2640,AbstRCT_neoplasm_20734132,Provision of multimodal exercise programs will improve the short-term health of women undergoing adjuvant therapy for breast cancer but are of questionable economic efficiency.,Claim
2641,AbstRCT_neoplasm_12721238,"Androgen deprivation therapy is a common treatment in men with prostate cancer that may cause fatigue, functional decline, increased body fatness, and loss of lean body tissue.",Claim
2642,AbstRCT_neoplasm_12721238,These physical changes can negatively affect health-related quality of life.,Claim
2643,AbstRCT_neoplasm_12721238,"Resistance exercise may help to counter some of these side effects by reducing fatigue, elevating mood, building muscle mass, and reducing body fat.",Claim
2644,AbstRCT_neoplasm_12721238,Men assigned to resistance exercise had less interference from fatigue on activities of daily living (P =.002) and higher quality of life (P =.001) than men in the control group.,Premise
2645,AbstRCT_neoplasm_12721238,Men in the intervention group demonstrated higher levels of upper body (P =.009) and lower body (P <.001) muscular fitness than men in the control group.,Premise
2646,AbstRCT_neoplasm_12721238,"The 12-week resistance exercise intervention did not improve body composition as measured by changes in body weight, body mass index, waist circumference, or subcutaneous skinfolds.",Premise
2647,AbstRCT_neoplasm_12721238,Resistance exercise reduces fatigue and improves quality of life and muscular fitness in men with prostate cancer receiving androgen deprivation therapy.,Claim
2648,AbstRCT_neoplasm_12721238,This form of exercise can be an important component of supportive care for these patients.,MajorClaim
2649,AbstRCT_neoplasm_16505413,"for patients with hepatic metastases from colorectal cancer, hepatic arterial infusion (HAI) of chemotherapy may improve outcome.",Claim
2650,AbstRCT_neoplasm_16505413,"Overall survival was significantly longer for HAI versus systemic treatment (median, 24.4 v 20 months; P = .0034), as were response rates (47% and 24%; P = .012) and time to hepatic progression (THP; 9.8 v 7.3 months; P = .034).",Premise
2651,AbstRCT_neoplasm_16505413,Time to extrahepatic progression (7.7 v 14.8 months; P = .029) was significantly shorter in the HAI group.,Premise
2652,AbstRCT_neoplasm_16505413,Quality-of-life measurements showed improved physical functioning in the HAI group at the 3- and 6-month follow-up assessments.,Premise
2653,AbstRCT_neoplasm_16505413,"Toxicity included grade > or = 3 neutropenia (2% and 45%; P < .01), stomatitis (0% and 24%; P < .01), and bilirubin elevation (18.6% and 0; P < .01) in the HAI and systemic treatment groups, respectively.",Premise
2654,AbstRCT_neoplasm_16505413,"A greater proportion of men versus women receiving HAI experienced biliary toxicity (37% and 15%, respectively; P = .05).",Premise
2655,AbstRCT_neoplasm_16505413,"For HAI patients with thymidylate synthase levels in tumor less than or > or = 4, the median survival was 24 and 14 months, respectively (P = .17).",Premise
2656,AbstRCT_neoplasm_16505413,"HAI therapy increased overall survival, response rate, THP, and was associated with better physical functioning compared with systemic therapy.",Claim
2657,AbstRCT_neoplasm_16505413,Additional studies need to address the overall benefit and cost of new chemotherapy agents versus HAI alone or the combination of HAI with new agents.,Claim
2658,AbstRCT_neoplasm_17876009,"Overall, patients assigned to receive stress management training did not report significantly less psychological distress on the Medical Outcomes Study 36-Item Short Form (SF-36) Mental Component Summary Scale than did those assigned to usual care.",Premise
2659,AbstRCT_neoplasm_17876009,patients with above-average levels of psychological distress (scores < or = 50) who were randomly assigned to the intervention condition reported significant improvement in their distress compared with those assigned to usual care only on the SF-36 Mental Health Subscale and the Center for Epidemiologic Studies Depression Scale.,Premise
2660,AbstRCT_neoplasm_17876009,This study found that self-administered stress management training is effective only in those radiotherapy patients with initially higher levels of psychological distress.,Claim
2661,AbstRCT_neoplasm_17876009,Additional research should examine the benefits of stress management training targeted specifically to patients experiencing heightened distress.,Claim
2662,AbstRCT_neoplasm_18669464,Sunitinib provides superior QOL compared with IFN-alpha in mRCC patients.,Claim
2663,AbstRCT_neoplasm_18669464,"Patients receiving sunitinib reported higher FKSI-15 and FKSI-DRS scores at each cycle than those receiving IFN-alpha, with a significant difference in the overall least squares means (3.27 and 1.98, respectively; P < .0001).",Premise
2664,AbstRCT_neoplasm_18669464,"differences in least squares means for FACT-G (and all subscales), EQ-5D Index, and EQ-VAS were all significantly favorable for sunitinib (P < .01).",Premise
2665,AbstRCT_neoplasm_11438417,"Over 73 months after randomization, the fludarabine group gained a mean of 45 days of toxicity-free survival at CAP, and 61 days over ChOP.",Premise
2666,AbstRCT_neoplasm_11438417,"The mean TWIST was 27.05 months with CAP, 31.5 months with ChOP and 32.95 months with fludarabine.",Premise
2667,AbstRCT_neoplasm_11438417,"The threshold analyses showed that, whatever the utility weights, the mean Q-TWIST was always greater with ChOP or fludarabine as compared to CAP.",Premise
2668,AbstRCT_neoplasm_11438417,"Fludarabine was consistently a better treatment than ChOP,",Claim
2669,AbstRCT_neoplasm_11438417,except in the unlikely case of high utility weights attributed to toxicity and low utility weights attributed to treatment.,Premise
2670,AbstRCT_neoplasm_11438417,"from a clinical point of view, differences between ChOP and fludarabine were moderate or event slight (mean difference in TWIST of 1.45 months).",Premise
2671,AbstRCT_neoplasm_11438417,patients with advanced CLL have a moderate benefit in terms of Q-TWIST when treated with fludarabine over ChOP.,Claim
2672,AbstRCT_neoplasm_11438417,These two treatments are always superior to CAP.,Claim
2673,AbstRCT_neoplasm_23615094,"Serviceable hearing was lost in 54 of 71 (76%) (CM) and 34 of 53 (64%) (GKRS) patients during the study period (not significant, log-rank test).",Premise
2674,AbstRCT_neoplasm_23615094,There was a significant reduction in tumor volume over time in the GKRS group.,Premise
2675,AbstRCT_neoplasm_23615094,"The need for treatment following initial GKRS or CM differed at highly significant levels (log-rank test, P < .001).",Premise
2676,AbstRCT_neoplasm_23615094,Symptom and QoL development did not differ significantly between the groups.,Premise
2677,AbstRCT_neoplasm_23615094,"In VS patients, GKRS reduces the tumor growth rate and thereby the incidence rate of new treatment about tenfold.",Claim
2678,AbstRCT_neoplasm_23615094,Hearing is lost at similar rates in both groups.,Claim
2679,AbstRCT_neoplasm_23615094,Symptoms and QoL seem not to be significantly affected by GKRS.,Claim
2680,AbstRCT_neoplasm_23814044,Compliance rates for the EORTC questionnaires were acceptable at 72%-93% of eligible patients out to the 12-month assessment.,Premise
2681,AbstRCT_neoplasm_23814044,"Systemic side effect (SE) change scores were significantly improved for TCH-treated patients compared with AC→TH and AC→T at EOC, suggesting improved tolerability.",Premise
2682,AbstRCT_neoplasm_23814044,"Physical functioning (PF) was only slightly worse at midpoint for those receiving TCH, compared with patients who were just starting on taxane in an AC→TH regimen, but was otherwise similar between arms.",Premise
2683,AbstRCT_neoplasm_23814044,"All treatment arms recovered from the deterioration in SE, PF, and Global Health Scale scores by 1 year and median future perspective change scores continued to improve throughout treatment and follow-up.",Claim
2684,AbstRCT_neoplasm_23814044,HRQL outcomes for adjuvant docetaxel and trastuzumab-based regimens are favorable and support TCH as a more tolerable treatment option.,Claim
2685,AbstRCT_neoplasm_9640214,"The Cronbach's alpha coefficients were 0.79 and 0.73 for the body image and fear of recurrence scales, respectively.",Premise
2686,AbstRCT_neoplasm_9640214,Significant benefit in body image and satisfaction with treatment was observed in the BCT patients.,Premise
2687,AbstRCT_neoplasm_9640214,No significant difference was observed in fear of recurrence between the two groups.,Premise
2688,AbstRCT_neoplasm_9640214,"Ratings of cosmetic results decreased with time, in line with clinical observations of long-term side-effects of radiotherapy.",Premise
2689,AbstRCT_neoplasm_9640214,Wide excision appeared to be the most important predictive factor for poor cosmetic result.,Claim
2690,AbstRCT_neoplasm_9640214,"In this multicentre randomised study, BCT helped to maintain the patients' body image, resulted in higher satisfaction with treatment and yielded no significant difference from MRM with respect to fear of recurrence.",Claim
2691,AbstRCT_neoplasm_24007947,Analgesia and early quality of recovery may be improved by epidural analgesia.,MajorClaim
2692,AbstRCT_neoplasm_24007947,More patients without epidural (34%) ceased opioid analgesia 3-5 days after surgery compared to patients who had an epidural (7%; p<0.01).,Premise
2693,AbstRCT_neoplasm_24007947,Postoperative complications (any grade) occurred in 86% of patients with and in 66% of patients without an epidural (p<0.01),Premise
2694,AbstRCT_neoplasm_24007947,there was no difference in serious adverse events (p=0.19).,Premise
2695,AbstRCT_neoplasm_24007947,Epidural analgesia was associated with increased length of stay (up to 48 days compared to up to 34 days in the non-epidural group).,Premise
2696,AbstRCT_neoplasm_24007947,There was no difference in postoperative quality of life up to six months after surgery.,Claim
2697,AbstRCT_neoplasm_24007947,"Epidural analgesia was associated with an increase in any, but not serious, postoperative complications and length of stay after abdominal hysterectomy.",Claim
2698,AbstRCT_neoplasm_24007947,"Randomised controlled trials are needed to examine the effect of epidural analgesia on surgical adverse events,",MajorClaim
2699,AbstRCT_neoplasm_24007947,the present data do not support a quality of life benefit with epidural analgesia.,Claim
2700,AbstRCT_neoplasm_11970761,"Cutaneous T-cell lymphoma (CTCL) can be associated with painful, pruritic, disfiguring lesions.",Claim
2701,AbstRCT_neoplasm_11970761,"Composite FACT-G and most individual subscale scores (physical, social/family, emotional, and functional well being) in documented responders (n = 21) gradually increased during the study period, generally reaching statistical significance (P < 0.05) by cycle 3, and were significantly (P < or = 0.041) higher than the scores of nonresponders at endpoint.",Premise
2702,AbstRCT_neoplasm_11970761,"Additionally for responders, assessments of skin severity and pruritus severity showed significant (P < or = 0.05) improvements at study endpoint compared with baseline.",Premise
2703,AbstRCT_neoplasm_11970761,"Adverse transfusion-related events (eg, hypersensitivity reactions, flu-like syndrome) were common during cycles 1 and 2, and vascular-leak syndrome occurred in 25% of patients.",Premise
2704,AbstRCT_neoplasm_11970761,Denileukin diftitox was not associated with any clinically significant myelosuppression.,Claim
2705,AbstRCT_neoplasm_11970761,"Heavily pretreated patients with advanced and/or recurrent CTCL who responded to denileukin diftitox therapy showed significant improvements in self-rated overall QOL, skin appearance, and pruritus severity.",Claim
2706,AbstRCT_neoplasm_12047964,"The hazard ratios for overall survival were 0.88 (95% CI 0.70-1.12, p=0.17) for de Gramont versus Lokich, and 0.99 (0.79-1.25, p=0.94) for de Gramont versus raltitrexed.",Premise
2707,AbstRCT_neoplasm_12047964,"For the de Gramont, Lokich, and raltitrexed groups, respectively, median survival was 294, 302, and 266 days.",Premise
2708,AbstRCT_neoplasm_12047964,"An increase in treatment-related deaths was seen on raltitrexed (de Gramont one, Lokich two, raltitrexed 18) due to combined gastrointestinal and haematological toxicity.",Premise
2709,AbstRCT_neoplasm_12047964,"Patients' assessment of quality of life showed that raltitrexed was inferior to the fluorouracil-based regimens, especially in terms of palliation and functioning.",Premise
2710,AbstRCT_neoplasm_12047964,"The deGramont and Lokich regimens were similar in terms of survival, quality of life, and response rates.",Claim
2711,AbstRCT_neoplasm_12047964,The Lokich regimen was associated with more central line complications and hand-foot syndrome.,Claim
2712,AbstRCT_neoplasm_12047964,"Raltitrexed showed similar response rates and overall survival to the de Gramont regimen and was easier to administer,",Claim
2713,AbstRCT_neoplasm_12047964,but resulted in greater toxicity and inferior quality of life.,Claim
2714,AbstRCT_neoplasm_20821047,Tamoxifen-naïve patients had a higher mean ES (endocrine symptoms subscale) score at entry versus those having extended therapy (66.0 vs. 61.9; P = 0.001).,Premise
2715,AbstRCT_neoplasm_20821047,There was no significant change in FACT-B-ES (overall) scores or ES scores while patients were taking anastrozole or letrozole and no significant differences between drugs.,Premise
2716,AbstRCT_neoplasm_20821047,Nearly 80% of patients reported one or more side effects with either agent.,Premise
2717,AbstRCT_neoplasm_20821047,"No differences in frequency, grade, or range of side effects were seen between drugs.",Premise
2718,AbstRCT_neoplasm_20821047,both AIs are equally well tolerated.,Claim
2719,AbstRCT_neoplasm_20821047,There were no significant differences in QOL scores between the two drugs.,Claim
2720,AbstRCT_neoplasm_18589314,"The mean total costs per patient in the UAE group were significantly lower than those in the hysterectomy group ($11,626 vs $18,563; mean difference, -$6,936 [-37%], 95% CI: -$9,548, $4,281).",Premise
2721,AbstRCT_neoplasm_18589314,"From a societal economic perspective, UAE is the superior treatment strategy in women with symptomatic uterine fibroids.",Claim
2722,AbstRCT_neoplasm_18589314,The 24-month cumulative cost of UAE is lower than that of hysterectomy.,Premise
2723,AbstRCT_neoplasm_18589314,"The costs related to absence from work differed significantly between the treatment strategies in favor of UAE (mean difference, -$5,453; 95% CI: -$7,718, -$3,107).",Premise
2724,AbstRCT_neoplasm_18589314,"The direct medical in-hospital costs were significantly lower in the UAE group: $6,688 vs $8,313 (mean difference, -$1,624 [-20%], 95% CI: -$2,605, -$586).",Premise
2725,AbstRCT_neoplasm_18589314,"Direct medical out-of-hospital and direct nonmedical costs were low in both groups (mean cost difference, $156 in favor of hysterectomy).",Premise
2726,AbstRCT_neoplasm_20651011,"Over time, levels of fatigue significantly decreased in all domains in all groups,",Premise
2727,AbstRCT_neoplasm_20651011,except in mental fatigue in the WLC group.,Premise
2728,AbstRCT_neoplasm_20651011,"Analyses of variance of postintervention fatigue showed statistically significant group effects on general fatigue, on physical and mental fatigue, and on reduced activation but not on reduced motivation.",Premise
2729,AbstRCT_neoplasm_20651011,"Compared with the WLC group, the PT group reported significantly greater decline in 4 domains of fatigue, whereas the PT+CBT group reported significantly greater decline in physical fatigue only.",Premise
2730,AbstRCT_neoplasm_20651011,No significant differences in decline in fatigue were found between the PT+CBT and PT groups.,Premise
2731,AbstRCT_neoplasm_20651011,Physical training combined with cognitive-behavioral therapy and physical training alone had significant and beneficial effects on fatigue compared with no intervention.,Premise
2732,AbstRCT_neoplasm_20651011,"Physical training was equally effective as or more effective than physical training combined with cognitive-behavioral therapy in reducing cancer-related fatigue,",Claim
2733,AbstRCT_neoplasm_20651011,cognitive-behavioral therapy did not have additional beneficial effects beyond the benefits of physical training.,Claim
2734,AbstRCT_neoplasm_23749688,"Meaningful differences in aerobic fitness between the exercise and usual care groups at both the 8-week [mean 3.0 mL kg(-1) min(-1) (95 % CI -1.1-7.0)] and 3-month follow-up [2.1 mL kg(-1) min(-1) (-2.3-6.6)] were found,",Premise
2735,AbstRCT_neoplasm_23749688,although these differences did not achieve statistical significance (p values >0.14).,Premise
2736,AbstRCT_neoplasm_23749688,Self-reported physical activity increased in the exercise group (EG) compared to the usual care group at both 8-week (p = 0.01) and 3-month follow-up (p = 0.03) and significant differences in favour of the EG were found for physical well-being at both the 8-week (p = 0.03) and 3-month follow-up (p = 0.04).,Premise
2737,AbstRCT_neoplasm_23749688,"Improvements in fatigue (p = 0.01), total quality of life plus fatigue (p = 0.04), and a composite physical functioning score (p = 0.01) at the 3-month follow-up were also found.",Premise
2738,AbstRCT_neoplasm_23749688,"The PEACH trial suggests that 8 weeks of supervised aerobic exercise training was feasible and may improve aerobic fitness, fatigue and quality of life in de-conditioned cancer survivors during the early survivorship phase.",Claim
2739,AbstRCT_neoplasm_23749688,"Exercise interventions commenced in the early survivorship phase appear safe, feasible and may lead to improvements in QOL and fatigue.",Claim
2740,AbstRCT_neoplasm_20625123,"Using an area under the serum concentration-time curve analysis, there was no evidence that methylphenidate, as compared with placebo, improved the primary end point of cancer-related fatigue in this patient population (P = .35).",Premise
2741,AbstRCT_neoplasm_20625123,"Comparisons of secondary end points, including clinically significant changes in quality-of-life variables and cancer-related fatigue change from baseline, were similarly negative.",Premise
2742,AbstRCT_neoplasm_20625123,"However, a subset analysis suggested that patients with more severe fatigue and/or with more advanced disease did have some fatigue improvement with methylphenidate (eg, in patients with stage III or IV disease, the mean improvement in usual fatigue was 19.7 with methylphenidate v 2.1 with placebo; P = .02).",Premise
2743,AbstRCT_neoplasm_20625123,"There was a significant difference in self-reported toxicities (SED), with increased levels of nervousness and appetite loss in the methylphenidate arm.",Premise
2744,AbstRCT_neoplasm_20625123,This clinical trial was unable to support the primary prestudy hypothesis that the chosen long-acting methylphenidate product would decrease cancer-related fatigue.,Claim
2745,AbstRCT_neoplasm_23860204,Epoetin alfa avoided the decrease in hemoglobin level (no decrease in the epoetin alfa group vs -2.20g/dL change for the control group; P < .001) and statistically significantly reduced the percentage of subjects requiring red blood cell transfusion (12.8% vs 28.1%; P < .0001).,Premise
2746,AbstRCT_neoplasm_23860204,The incidence of thrombotic events was 7% in the epoetin alfa arm vs 3% in the control arm.,Premise
2747,AbstRCT_neoplasm_23860204,"After a median follow-up of 62 months, epoetin alfa treatment did not affect overall survival, relapse-free survival, or intramammary relapse.",Premise
2748,AbstRCT_neoplasm_23860204,Epoetin alfa resulted in improved hemoglobin levels and decreased transfusions without an impact on relapse-free or overall survival.,Claim
2749,AbstRCT_neoplasm_23860204,"However, epoetin alfa had an adverse effect, resulting in increased thrombosis.",Claim
2750,AbstRCT_neoplasm_18591555,"Median overall survival was 17.2 months (95% CI, 13.5 to 21.9 months) with topotecan, 17.8 months (95% CI, 13.7 to 20.0 months) with topotecan plus etoposide (log-rank P = .7647), and 15.2 months (95% CI, 11.3 to 20.9 months) with topotecan plus gemcitabine (log-rank P = .2344).",Premise
2751,AbstRCT_neoplasm_18591555,Platinum-sensitive patients lived significantly longer than platinum-refractory patients (21.9 v 10.6 months).,Premise
2752,AbstRCT_neoplasm_18591555,Patients under combined treatment were at higher risk of severe thrombocytopenia.,Premise
2753,AbstRCT_neoplasm_18591555,Nonplatinum topotecan combinations do not provide a survival advantage over topotecan alone in women with relapsed ovarian cancer.,Claim
2754,AbstRCT_neoplasm_15288288,"Dysphagia improved more rapidly after stent placement than after brachytherapy,",Premise
2755,AbstRCT_neoplasm_15288288,but long-term relief of dysphagia was better after brachytherapy.,Premise
2756,AbstRCT_neoplasm_15288288,"For generic HRQoL, there was an overall significant difference in favour of brachytherapy on four out of five functional scales of the EORTC QLQ-C30 (role, emotional, cognitive and social) (P < 0.05).",Premise
2757,AbstRCT_neoplasm_15288288,"Generic HRQoL deteriorated over time on all functional scales of the EORTC QLQ C-30 and EQ-5D, in particular physical and role functioning (on average -23 and -24 on a 100 points scale during 0.5 years of follow-up).",Premise
2758,AbstRCT_neoplasm_15288288,This decline was more pronounced in the stent group.,Premise
2759,AbstRCT_neoplasm_15288288,"Major improvements were seen on the dysphagia and eating scales of the EORTC OES-23, in contrast to other scales of this disease-specific measure, which remained almost stable during follow-up.",Premise
2760,AbstRCT_neoplasm_15288288,"Reported levels of chest or abdominal pain remained stable during follow-up in both treatment groups,",Premise
2761,AbstRCT_neoplasm_15288288,general pain levels increased to a minor extent.,Premise
2762,AbstRCT_neoplasm_15288288,The effects of single dose brachytherapy on HRQoL compared favourably to those of stent placement for the palliation of oesophageal cancer.,Claim
2763,AbstRCT_neoplasm_15288288,"Future studies on palliative care for oesophageal cancer should at least include generic HRQoL scales,",Claim
2764,AbstRCT_neoplasm_15288288,since these were more responsive in measuring patients' functioning and well-being during follow-up than disease-specific HRQoL scales.,Premise
2765,AbstRCT_neoplasm_17690882,KPS was improved from baseline to post-chemotherapy in both arms.,Premise
2766,AbstRCT_neoplasm_17690882,"Eighteen patients experienced brief and reversible adverse events during transfusion, including two patients with acute pulmonary edema.",Premise
2767,AbstRCT_neoplasm_17690882,"QOL data showed improvement in some symptom scores,",Premise
2768,AbstRCT_neoplasm_17690882,but there was no difference in the QOL scores between the two arms at baseline and all four cycles of treatment.,Premise
2769,AbstRCT_neoplasm_17690882,"Similar response rates were observed in both arms (arm 1, 30%; arm 2, 35%).",Premise
2770,AbstRCT_neoplasm_17690882,"Both arms showed similar chemotherapy duration (3.8 and 4.1 months, respectively), progression-free survival (4.0 and 4.1 months) and overall survival (9.9 and 9.3 months).",Premise
2771,AbstRCT_neoplasm_17690882,Red blood cell transfusion achieving Hb level above 10 g/dl might contribute to the improvement of the KPS and QOL seen in patients with AGC.,Claim
2772,AbstRCT_neoplasm_17690882,"The observation of equivalent outcomes at the two target Hb levels supports the feasibility of anemia correction to Hb 10 g/dl, which merits further evaluation",Claim
2773,AbstRCT_neoplasm_21905158,"The PA group reported significant increases in minutes of PA at 3 months (7-day PAR) and caloric expenditure (CHAMPS) compared with the control group,",Premise
2774,AbstRCT_neoplasm_21905158,but the group differences were attenuated over time.,Premise
2775,AbstRCT_neoplasm_21905158,"The PA group showed significant improvements in fitness at 3, 6, and 12 months versus the control group.",Premise
2776,AbstRCT_neoplasm_21905158,Improvements in motivational readiness for PA were reported in the PA group only at 3 months.,Premise
2777,AbstRCT_neoplasm_21905158,"No significant group differences were found for fatigue, self-reported physical functioning, and quality of life at 3, 6, and 12 months.",Premise
2778,AbstRCT_neoplasm_21905158,"A home-based intervention improved survivors' PA and motivational readiness at 3 months and increased submaximal aerobic fitness at 3, 6, and 12 months.",Claim
2779,AbstRCT_neoplasm_20600809,HT patients had a minimal decrease in natural killer cell cytotoxicity (NKCC) over the course of treatment whereas NKCC of RT and UC patients declined sharply during chemoradiation (group by time interaction: p = 0.018).,Premise
2780,AbstRCT_neoplasm_20600809,HT patients showed greater decreases in two different indicators of depressed mood (CES-D depressed mood subscale and POMS depression scale) compared to RT and UC (group by time interactions: p<0.05).,Premise
2781,AbstRCT_neoplasm_20600809,"No between group differences were observed in QOL, treatment delay, or clinically-rated toxicities.",Premise
2782,AbstRCT_neoplasm_20600809,HT may benefit cervical cancer patients by moderating effects of chemoradiation on depressed mood and cellular immunity.,Claim
2783,AbstRCT_neoplasm_20600809,"Effects of HT on toxicities, treatment delay, QOL, and fatigue were not observed.",Claim
2784,AbstRCT_neoplasm_12711121,Both patients with objective response and disease stabilisation had clearly better symptom control than those with disease progression.,Premise
2785,AbstRCT_neoplasm_12711121,"Symptom control in both arms was similar for 'disease-specific' symptoms such as cough, dyspnea, pain or haemoptysis.",Premise
2786,AbstRCT_neoplasm_12711121,"Compared to PV, a significantly larger number of GEM-patients had better scores for 'constitutional' items such as anorexia (P=0.007), ability to carry on with daily activities (P=0.04) and overall impression of quality-of-life (P=0.008).",Premise
2787,AbstRCT_neoplasm_12711121,"Symptom control was very similar in younger (<65 years) versus older (>/=65 years) patients, and only slightly better in those with a Karnofsky PS >/=80% compared to those <80%.",Premise
2788,AbstRCT_neoplasm_12711121,"Most of the symptom improvement occurred in the first 3 cycles, with some further symptom improvement in the following cycles in the GEM-arm only.",Premise
2789,AbstRCT_neoplasm_12711121,Both GEM and PV yield a symptom control rate much higher than expected by the objective tumour RR.,Claim
2790,AbstRCT_neoplasm_12711121,"GEM is equally effective in controlling 'disease-specific' symptoms, but superior in controlling 'constitutional' symptoms.",Claim
2791,AbstRCT_neoplasm_12711121,"Most of the symptom control was achieved during the first 3 cycles of treatment, with some further improvement thereafter in the GEM-arm only.",Premise
2792,AbstRCT_neoplasm_16462503,Fatigue has a significant impact on the quality of life (QOL) of cancer patients.,Claim
2793,AbstRCT_neoplasm_16462503,Recent research has suggested that physical activity can reduce fatigue in patients receiving active cancer treatment.,Claim
2794,AbstRCT_neoplasm_16462503,"Most of scores indicated less fatigue (higher score) in the standard treatment group,",Premise
2795,AbstRCT_neoplasm_16462503,"but there were no statistically significant differences found at baseline and weeks 4, 8, and 27 except for SDS at week 8 (P = 0.018) with less patients reporting significant fatigue in the standard treatment arm.",Premise
2796,AbstRCT_neoplasm_16462503,"For the entire participant population, fatigue levels initially worsened with radiotherapy, stabilized at week 8, and returned to baseline by week 27.",Premise
2797,AbstRCT_neoplasm_16462503,"Disease site, chemotherapy use, and radiotherapy dose did not have a significant impact on fatigue levels.",Premise
2798,AbstRCT_neoplasm_16462503,Radiotherapy initially caused a worsening of fatigue but with time fatigue levels returned to baseline,Premise
2799,AbstRCT_neoplasm_16462503,"Clinically, this structured multidisciplinary intervention had no impact on fatigue,",Claim
2800,AbstRCT_neoplasm_16462503,there was the suggestion the multiple sessions may have contributed to worse fatigue during active cancer treatment.,Claim
2801,AbstRCT_neoplasm_12657097,"At radical prostatectomy, pathological variables were not significantly different in the two groups.",Premise
2802,AbstRCT_neoplasm_12657097,"Serum testosterone level was significantly higher (mean 359.2 compared to 10.5, P < 0.001),",Premise
2803,AbstRCT_neoplasm_12657097,"complete response rate of PSA (13% compared to 57%, P = 0.028) and rate of downsizing of prostate volume (mean, -17.7% compared to -35.4%, P = 0.038) were significantly lower in the flutamide group than in the LHRH group.",Premise
2804,AbstRCT_neoplasm_12657097,"After neoadjuvant hormone therapy, the scores on the sexual problem domain of EORTC-P (P = 0.033) and sexual desire score of SMUF (P = 0.021) were significantly higher in the flutamide group than in the LHRH group.",Premise
2805,AbstRCT_neoplasm_12657097,This study suggests that flutamide monotherapy can be an acceptable modality as an option for neoadjuvant hormone therapy.,Claim
2806,AbstRCT_neoplasm_12657097,"At a median follow-up of 34 months after prostatectomy, biochemical failure-free survival rate in the flutamide group did not differ from that in the LHRH group.",Premise
2807,AbstRCT_neoplasm_24246508,No effects of the intervention were found for any outcome after one year.,Claim
2808,AbstRCT_neoplasm_24246508,"Supervised compared to unsupervised exercise training resulted in no improvement in health-related quality of life,",Claim
2809,AbstRCT_neoplasm_24246508,"except for the bodily pain domain, four months after lung cancer surgery.",Claim
2810,AbstRCT_neoplasm_24246508,We found no effect of the intervention on 6MWT or lung volumes at any time-point.,Claim
2811,AbstRCT_neoplasm_24246508,"At 12 months, the tendency was reversed, with the CG presenting overall slightly better measures.",Premise
2812,AbstRCT_neoplasm_24246508,"We found a statistically significant effect after four months in the bodily pain domain of SF36, with an estimated mean difference (EMD) of 15.3 (95% CI:4 to 26.6, p=0.01) and a trend in favour of the intervention for role physical functioning (EMD 12.04, 95% CI: -1 to 25.1, p=0.07) and physical component summary (EMD 3.76, 95% CI:-0.1 to 7.6, p=0.06).",Premise
2813,AbstRCT_neoplasm_18520802,"PPX/carboplatin failed to provide superior survival compared with paclitaxel/carboplatin in the first-line treatment of PS 2 patients with NSCLC,",Claim
2814,AbstRCT_neoplasm_18520802,but the results with respect to progression-free survival and overall survival were comparable and the PPX regimen was more convenient.,Claim
2815,AbstRCT_neoplasm_18520802,"Alopecia, arthralgias/myalgias, and cardiac events were significantly less frequent with PPX/carboplatin, whereas grade > or =3 neutropenia and grade 3 neuropathy showed a trend of worsening.",Premise
2816,AbstRCT_neoplasm_18520802,There was no significant difference in the incidence of hypersensitivity reactions despite the absence of routine premedication in the PPX arm.,Premise
2817,AbstRCT_neoplasm_18520802,"Overall survival was similar between treatment arms (hazard ratio, 0.97; log rank p = 0.769).",Premise
2818,AbstRCT_neoplasm_18520802,"Median and 1-year survival rates were 7.9 months and 31%, for PPX versus 8 months and 31% for paclitaxel.",Premise
2819,AbstRCT_neoplasm_18448745,No serious adverse events were reported.,Premise
2820,AbstRCT_neoplasm_18448745,"Compared with PLC, CDB-2914 significantly reduced leiomyoma volume after three cycles, or 90-102 days.",Premise
2821,AbstRCT_neoplasm_18448745,"In this small study, CDB-2914 was well-tolerated without serious adverse events.",Claim
2822,AbstRCT_neoplasm_18448745,"Thus, there may be a role for CDB-2914 in the treatment of leiomyomata.",Claim
2823,AbstRCT_neoplasm_18448745,CDB-2914 treatment resulted in improvements in the concern subscale of the Uterine Fibroid Symptom Quality of Life assessment.,Premise
2824,AbstRCT_neoplasm_23598172,"Median overall survival was 20.1 months (95% CI 16.7-23.4) with axitinib and 19.2 months (17.5-22.3) with sorafenib (hazard ratio [HR] 0.969, 95% CI 0.800-1.174; one-sided p=0.3744).",Premise
2825,AbstRCT_neoplasm_23598172,"Median investigator-assessed PFS was 8.3 months (95% CI 6.7-9.2) with axitinib and 5·7 months (4.7-6.5) with sorafenib (HR 0.656, 95% CI 0.552-0.779; one-sided p<0.0001).",Premise
2826,AbstRCT_neoplasm_23598172,"Patient-reported outcomes scores were similar in the treatment groups at baseline, were maintained during treatment,",Premise
2827,AbstRCT_neoplasm_23598172,but decreased at end-of-treatment.,Premise
2828,AbstRCT_neoplasm_23598172,"Common grade 3 or higher treatment-related adverse events were hypertension (60 [17%]), diarrhoea (40 [11%]), and fatigue (37 [10%]) in 359 axitinib-treated patients and hand-foot syndrome (61 [17%]), hypertension (43 [12%]), and diarrhoea (27 [8%]) in 355 sorafenib-treated patients.",Premise
2829,AbstRCT_neoplasm_23598172,"In a post-hoc 12-week landmark analysis, median overall survival was longer in patients with a diastolic blood pressure of 90 mm Hg or greater than in those with a diastolic blood pressure of less than 90 mm Hg: 20.7 months (95% CI 18.4-24.6) versus 12.9 months (10.1-20.4) in the axitinib group (p=0.0116), and 20.2 months (17.1-32.0) versus 14.8 months (12.0-17.7) in the sorafenib group (one-sided p=0.0020).",Premise
2830,AbstRCT_neoplasm_23598172,investigator-assessed PFS remained longer in the axitinib group compared with the sorafenib group.,Claim
2831,AbstRCT_neoplasm_23598172,These results establish axitinib as a second-line treatment option for patients with metastatic renal cell carcinoma.,Claim
2832,AbstRCT_neoplasm_23598172,"overall survival, a secondary endpoint for the study, did not differ between the two groups,",Claim
2833,AbstRCT_neoplasm_8839553,Cerebral metastasis is a common oncologic problem that occurs in 15-30% of cancer patients;,Claim
2834,AbstRCT_neoplasm_8839553,No difference in survival was detected between the groups;,Premise
2835,AbstRCT_neoplasm_8839553,"the median survival for the radiation group was 6.3 months (95% confidence interval, 3-11.4) compared with 5.6 months for the surgery plus radiation group (95% confidence interval, 3.9-7.2) (P = 0.24).",Premise
2836,AbstRCT_neoplasm_8839553,Most patients died within the first year (69.8% in the radiation arm vs. 87.8% in the surgery plus radiation arm).,Premise
2837,AbstRCT_neoplasm_8839553,"There were no significant differences in the 30-day mortality, morbidity, or causes of death.",Premise
2838,AbstRCT_neoplasm_8839553,"Extracranial metastases was an important predictor of mortality (relative risk, 2.3).",Premise
2839,AbstRCT_neoplasm_8839553,The mean proportion of days that the Karnofsky performance status was > or = 70% did not differ between the 2 groups.,Premise
2840,AbstRCT_neoplasm_8839553,This trial failed to demonstrate that the addition of surgery to radiation therapy improved outcome of patients with a single brain metastasis.,Claim
2841,AbstRCT_neoplasm_8839553,"Thus, the efficacy of surgery plus radiation compared with radiation alone needs to be addressed by further clinical trials and/or a meta-analysis.",Claim
2842,AbstRCT_neoplasm_10526263,"For several decades, both preoperative intra-arterial chemotherapy and preoperative irradiation have been accepted treatments for patients with tumors of the head and neck.",Claim
2843,AbstRCT_neoplasm_10526263,Occurrence of a second carcinoma was 3 times as frequent in the irradiation group (9 patients) as in the chemotherapy group (3 patients).,Premise
2844,AbstRCT_neoplasm_10526263,the survival rates were by-and-large the same for the two groups.,Claim
2845,AbstRCT_neoplasm_10526263,"Regarding postoperative quality of life, the chemotherapy group presented a more favorable picture.",Claim
2846,AbstRCT_neoplasm_10526263,The long term survival results subsequent to preoperative intra-arterial chemotherapy or preoperative radiotherapy were practically the same.,Claim
2847,AbstRCT_neoplasm_10526263,"Regarding postoperative quality of life, patients who underwent intra-arterial chemotherapy appeared to be in a slightly more favorable situation.",Claim
2848,AbstRCT_neoplasm_10526263,"After 5 years, 18 of the 47 patients who received chemotherapy and 15 of the 48 patients who received irradiation were still alive and tumor free.",Premise
2849,AbstRCT_neoplasm_10526263,A few more patients had died of recurrence or regional metastasis in the chemotherapy group (23 patients) than in the irradiation group (20 patients).,Premise
2850,AbstRCT_neoplasm_21901389,"Results tended to decline at 12 months and even more at 24 months, though at all times, they were as robust in women with lower expectation of effect as in those with higher expectation.",Premise
2851,AbstRCT_neoplasm_21901389,"The MBSR intervention appears to benefit psychosocial adjustment in cancer patients, over and above the effects of usual care or a credible control condition.",Claim
2852,AbstRCT_neoplasm_21901389,The universality of effects across levels of expectation indicates a potential to utilize this stress reduction approach as complementary therapy in oncologic practice.,MajorClaim
2853,AbstRCT_neoplasm_21901389,"Secondary outcome improvements resulting in significant between-group contrasts favoring the MBSR group at 4 months included meaningfulness, depression, paranoid ideation, hostility, anxiety, unhappiness, and emotional control.",Premise
2854,AbstRCT_neoplasm_16446335,"Of the 103 participants, overall QOL at week 4 was maintained by the patients in the intervention (n = 49), whereas QOL at week 4 significantly decreased for patients in the control group (n = 54).",Premise
2855,AbstRCT_neoplasm_16446335,This change reflected a 3-point increase from baseline in the intervention group and a 9-point decrease from baseline in the control group (P = .009).,Premise
2856,AbstRCT_neoplasm_16446335,"Intervention participants maintained their QOL, and controls gradually returned to baseline by the end of the 6-month follow-up period.",Premise
2857,AbstRCT_neoplasm_16446335,"Although intervention participants maintained and actually improved their QOL during radiation therapy, control participants experienced a significant decrease in their QOL",Claim
2858,AbstRCT_neoplasm_16446335,"Thus, a structured multidisciplinary intervention can help maintain or even improve QOL in patients with advanced cancer who are undergoing cancer treatment.",Claim
2859,AbstRCT_neoplasm_15251160,Bone metastases occur in most women with advanced breast cancer and can lead to considerable morbidity and a rapid deterioration in the patient's quality of life.,Claim
2860,AbstRCT_neoplasm_15251160,Ibandronate was generally well tolerated.,Premise
2861,AbstRCT_neoplasm_15251160,"Compared with baseline measurements, the bone pain score was increased at the last assessment in both the placebo and 2 mg ibandronate groups,",Premise
2862,AbstRCT_neoplasm_15251160,"but was significantly reduced in the patients receiving 6 mg ibandronate (-0.28+/-1.11, P < 0.001).",Premise
2863,AbstRCT_neoplasm_15251160,A significant improvement in quality of life was demonstrated for patients treated with ibandronate (P < 0.05) for all global health status.,Premise
2864,AbstRCT_neoplasm_15251160,"Overall, at the last assessment, the 6 mg ibandronate group showed significantly better functioning compared with placebo (P = 0.004), and had significantly better scores on the domains of physical, emotional, and social functioning, and in global health status (P < 0.05).",Premise
2865,AbstRCT_neoplasm_15251160,Significant improvements in the symptoms of fatigue and pain were also observed in the 6 mg ibandronate group.,Premise
2866,AbstRCT_neoplasm_15251160,"I.v. ibandronate treatment leads to significant improvements in quality of life, and is an effective and well-tolerated palliative treatment in patients with bone metastases due to breast cancer.",Claim
2867,AbstRCT_neoplasm_23788218,"Significantly fewer patients receiving escitalopram developed depression (24.6% in the placebo group vs 10.0% in the escitalopram group; stratified log-rank test, P = .04).",Premise
2868,AbstRCT_neoplasm_23788218,"The hazard ratio of 0.37 (95% CI, 0.14-0.96) demonstrated an advantage of escitalopram (P = .04).",Premise
2869,AbstRCT_neoplasm_23788218,"Patients undergoing radiotherapy as the initial modality were significantly more likely to develop depression than those undergoing surgery (radiotherapy compared with surgery group; hazard ratio, 3.6; 95% CI, 1.38-9.40; P = .009).",Premise
2870,AbstRCT_neoplasm_23788218,Patients in the escitalopram group who completed the study and were not depressed rated their overall quality of life as significantly better for 3 consecutive months after cessation of drug use.,Premise
2871,AbstRCT_neoplasm_23788218,"In nondepressed patients undergoing treatment for head and neck cancer, prophylactic escitalopram reduced the risk of developing depression by more than 50%.",Claim
2872,AbstRCT_neoplasm_23788218,"In nondepressed patients who completed the trial, quality of life was also significantly better for 3 consecutive months after cessation of drug use in the escitalopram group.",Claim
2873,AbstRCT_neoplasm_23788218,These findings have important implications for the treatment of patients with head and neck cancer.,Claim
2874,AbstRCT_neoplasm_18485819,"Debilitating hot flushes and sleep dysfunction often affect survivors of breast cancer, most notably in those taking anti-oestrogen medications.",MajorClaim
2875,AbstRCT_neoplasm_18485819,"Conventional treatments have been only partially effective in diminishing these issues, and some have serious risks.",MajorClaim
2876,AbstRCT_neoplasm_18485819,The total number of hot flushes decreased from a mean of 79.4 (SD 37.4) per week before the procedure to a mean of 49.9 (SD 39.9) per week during the first 2 weeks after the procedure (p=0.0002).,Premise
2877,AbstRCT_neoplasm_18485819,"The total number of hot flushes continued to decrease over the remaining follow-up period (weeks 3-12), and stabilised at a mean of 8.1 (SD 5.6) per week (p<0.0001).",Premise
2878,AbstRCT_neoplasm_18485819,The number of very severe hot flushes was decreased to near zero by the end of the follow-up period (week 12; p<0.0001).,Premise
2879,AbstRCT_neoplasm_18485819,Night awakenings decreased from a mean of 19.5 (SD 14.8) per week before the procedure to a mean of 7.3 (SD 7.1) per week during the first 2 weeks after the procedure (p<0.0001).,Premise
2880,AbstRCT_neoplasm_18485819,The total number of night awakenings continued to decrease over the remaining follow-up period (weeks 3-12) and stabilised at a mean of 1.4 (SD 1.2) per week (p<0.0001).,Premise
2881,AbstRCT_neoplasm_18485819,The findings of this study suggest that stellate-ganglion block can provide survivors of breast cancer with relief from hot flushes and sleep dysfunction with few or no side-effects.,Claim
2882,AbstRCT_neoplasm_18485819,Long-term relief of symptoms has the potential to improve overall quality of life and increase compliance with anti-oestrogen medications for breast cancer.,MajorClaim
2883,AbstRCT_neoplasm_17852440,"Patients receiving chemotherapy for cancer often develop anemia, which can contribute to increased morbidity and reduced quality of life (QOL).",Claim
2884,AbstRCT_neoplasm_17852440,Chemotherapy-induced anemia can be successfully treated using recombinant human erythropoietin (rHuEPO).,Claim
2885,AbstRCT_neoplasm_17852440,"Among the 30 patients evaluable for hematologic response, the mean increase in Hb from baseline to time of final evaluation was 3.08 +/- 1.48 g/dl (p < 0.001).",Premise
2886,AbstRCT_neoplasm_17852440,"An increase in Hb of > or = 2 g/dl, in the absence of blood transfusion, occurred in 70% of patients (21 of 30 patients) who were on the study for > or = 30 days.",Premise
2887,AbstRCT_neoplasm_17852440,The overall response rate (Hb increase > or = 2 g/dl or Hb > or = 12 g/dl in the absence of blood transfusion) was 90% (27 of 30 patients).,Premise
2888,AbstRCT_neoplasm_17852440,"In 30 patients who were evaluable for QOL assessment, epoetin-alpha therapy was found to significantly (p < 0.001) improve mean cancer linear analog scale (CLAS) scores for energy level, ability to perform daily activity, and overall QOL from baseline to the time of final evaluation.",Premise
2889,AbstRCT_neoplasm_17852440,QW epoetin-alpha was found to be well tolerated.,Premise
2890,AbstRCT_neoplasm_17852440,"Treatment with QW epoetin-alpha was found to increase Hb levels, decrease transfusion requirement, and improve functional status and QOL in anemic patients with ALL in maintenance receiving chemotherapy.",Claim
2891,AbstRCT_neoplasm_17852440,"The once-weekly schedule is convenient, safe, and may reduce the burden on patients, parents, and their caregivers by reducing the number of visits to the clinic.",Claim
2892,AbstRCT_neoplasm_15226325,there were no statistically significant differences in HRQOL between the two treatment groups.,Premise
2893,AbstRCT_neoplasm_15226325,"In both groups, selected aspects of HRQOL were impaired over time, with increased fatigue,",Premise
2894,AbstRCT_neoplasm_15226325,"although some clinically significant improvements in emotional functioning were seen, as well as a reduction in pain over time.",Premise
2895,AbstRCT_neoplasm_15226325,"Overall, global quality of life was maintained in both treatment groups.",Claim
2896,AbstRCT_neoplasm_15226325,This information is important when advising women patients of the expected HRQOL consequences of treatment regimens and should help clinicians and their patients make informed treatment decisions.,Claim
2897,AbstRCT_neoplasm_24151326,Adjusted linear mixed-model analyses showed that neither HIGH (+0.8; 95% confidence interval [CI] = -0.8 to 2.4; P = .30) nor COMB (+0.5; 95% CI = -1.1 to 2.1; P = .52] were superior to STAN for the primary outcome.,Premise
2898,AbstRCT_neoplasm_24151326,"In secondary analyses not adjusted for multiple comparisons, HIGH was superior to STAN for the SF-36 physical component summary (P = .04), SF-36 bodily pain (P = .02), and endocrine symptoms (P = .02).",Premise
2899,AbstRCT_neoplasm_24151326,COMB was superior to STAN for endocrine symptoms (P = .009) and superior to STAN (P < .001) and HIGH (P < .001) for muscular strength.,Premise
2900,AbstRCT_neoplasm_24151326,HIGH was superior to COMB for the SF-36 bodily pain (P = .04) and aerobic fitness (P = .03).,Premise
2901,AbstRCT_neoplasm_24151326,No differences emerged for body composition or chemotherapy completion.,Premise
2902,AbstRCT_neoplasm_24151326,A higher volume of aerobic or combined exercise is achievable and safe during breast cancer chemotherapy and may manage declines in physical functioning and worsening symptoms better than standard volumes.,Claim
2903,AbstRCT_neoplasm_12004217,Low anterior resection with coloanal anastomosis prevents a definitive stoma in patients with distal rectal cancer.,Claim
2904,AbstRCT_neoplasm_12004217,"However, imperative stool urge, stool fragmentation, prolonged stooling sessions, and minor problems of incontinence are frequently observed in the postoperative situation and negatively affect quality of life.",Premise
2905,AbstRCT_neoplasm_12004217,problems with continence for liquids or gas occurred less frequently in the colonic J-pouch group 6 months after surgery.,Premise
2906,AbstRCT_neoplasm_12004217,The frequency of bowel movements was lower in the J-pouch group (2.5 per day) than in the coloanal group (4.7 per day).,Premise
2907,AbstRCT_neoplasm_12004217,"in a manometric study at the same postoperative point, neorectal capacity was decreased to a similar degree in both groups compared with the preoperative rectal volume.",Premise
2908,AbstRCT_neoplasm_12004217,the expected and postulated reservoir effect could not be achieved by forming a 5-cm colonic J-pouch.,Premise
2909,AbstRCT_neoplasm_12004217,The colonic J-pouch was superior with regard to continence for gas and liquids compared with a straight coloanal anastomosis.,Claim
2910,AbstRCT_neoplasm_12004217,stool frequency was significantly lower in the J-pouch group than in the coloanal reconstruction group.,Claim
2911,AbstRCT_neoplasm_12004217,we speculate that the advantage of the colonic J-pouch is not in the creation of a larger neorectal reservoir but rather may be related to decreased motility.,Claim
2912,AbstRCT_neoplasm_12004217,"because neorectal capacity decreased equally in both groups,",Premise
2913,AbstRCT_neoplasm_18591549,CBT for insomnia may be both clinically effective and feasible to deliver in real world practice.,Claim
2914,AbstRCT_neoplasm_18591549,"There was no significant interaction effect between any of these outcomes and baseline demographic, clinical, or sleep characteristics.",Premise
2915,AbstRCT_neoplasm_18591549,CBT was associated with mean reductions in wakefulness of 55 minutes per night compared with no change in TAU.,Premise
2916,AbstRCT_neoplasm_18591549,"Standardized relative effect sizes were large for complaints of difficulty initiating sleep, waking from sleep during the night, and for sleep efficiency (percentage of time in bed spent asleep).",Premise
2917,AbstRCT_neoplasm_18591549,"CBT was associated with moderate to large effect sizes for five of seven QOL outcomes, including significant reduction in daytime fatigue.",Premise
2918,AbstRCT_neoplasm_20733132,Grades 3 to 4 hematologic toxicity and fatigue occurred more frequently in the TCG arm.,Premise
2919,AbstRCT_neoplasm_20733132,quality-of-life analysis during chemotherapy showed a disadvantage in the TCG arm.,Claim
2920,AbstRCT_neoplasm_20733132,"Although objective response was slightly higher in the TCG arm,",Premise
2921,AbstRCT_neoplasm_20733132,this did not translate into improved progression-free survival (PFS) or overall survival (OS).,Premise
2922,AbstRCT_neoplasm_20733132,"Median PFS was 17.8 months for the TCG arm and 19.3 months for the TC arm (hazard ratio [HR], 1.18; 95% CI, 1.06 to 1.32; P = .0044).",Premise
2923,AbstRCT_neoplasm_20733132,"Median OS was 49.5 for the TCG arm and 51.5 months for the TC arm (HR, 1.05; 95% CI, 0.91 to 1.20; P = .5106).",Premise
2924,AbstRCT_neoplasm_20733132,"The addition of gemcitabine to carboplatin plus paclitaxel increased treatment burden, reduced PFS time, and did not improve OS in patients with advanced epithelial ovarian cancer.",Claim
2925,AbstRCT_neoplasm_20733132,"Therefore, we recommend no additional clinical use of TCG in this population.",MajorClaim
2926,AbstRCT_neoplasm_20697941,"The total effective rate in the treatment group was: 84.38% (54/64), and in the control group it was 88.33% (53/60), showing no significant difference between them (P>0.05),",Premise
2927,AbstRCT_neoplasm_20697941,but the analgesia initiating time and the optimal analgesia effect revealing time in the treatment group were significantly shorter (both P<0.01).,Premise
2928,AbstRCT_neoplasm_20697941,"XZP was better in improving patients' QOL, showing more significant improvements in the treatment group than those in the control group in aspects of mental condition, walking capacity, working capacity, social acceptability, sleep and joy of living (P<0.05 or P<0.01).",Premise
2929,AbstRCT_neoplasm_20697941,"Lower incidence of adverse reactions, such as nausea, vomiting, mouth dryness, dizziness, etc., especially constipation, was noted in the treatment group (P<0.05 or P<0.01).",Premise
2930,AbstRCT_neoplasm_20697941,"Applying an external compress: of XZP showed a synergistic action with 3L analgesia for shortening the initiating time and the optimal effect revealing time, and could evidently enhance patients' QOL with fewer adverse reactions.",Claim
2931,AbstRCT_neoplasm_15284262,Objective responses occurred in 19% (6% complete plus 13% partial) of patients receiving cisplatin versus 36% (15% complete plus 21% partial) receiving C+P (P = .002).,Premise
2932,AbstRCT_neoplasm_15284262,"The median PFS was 2.8 and 4.8 months, respectively, for cisplatin versus C+P (P < .001).",Premise
2933,AbstRCT_neoplasm_15284262,There was no difference in median survival (8.8 months v 9.7 months).,Premise
2934,AbstRCT_neoplasm_15284262,Grade 3 to 4 anemia and neutropenia were more common in the combination arm.,Premise
2935,AbstRCT_neoplasm_15284262,"There was no significant difference in QOL scores,",Premise
2936,AbstRCT_neoplasm_15284262,"although a disproportionate number of patients (cisplatin, n = 50; C+P, n = 33) dropped out of the QOL component, presumably because of increasing disease, deteriorating health status, or early death.",Premise
2937,AbstRCT_neoplasm_15284262,C+P is superior to cisplatin alone with respect to response rate and PFS with sustained QOL.,Claim
2938,AbstRCT_neoplasm_23735703,"Although quality of life did not differ significantly,",Premise
2939,AbstRCT_neoplasm_23735703,chemotherapy compliance was significantly higher in the PRE group.,Premise
2940,AbstRCT_neoplasm_23735703,"Pathological complete response was observed in 22 (8.2%) and 16 patients (6.1%), respectively.",Premise
2941,AbstRCT_neoplasm_23735703,"The proportion of responders who received Cycles 3 and 4 was significantly higher in the PRE group (90.4% versus 75.2%, p=0.001).",Premise
2942,AbstRCT_neoplasm_23735703,"In responders, the dose intensity of Cycles 3 and 4 was higher in the PRE group than in the PERI group (mean relative dose intensity of 90.4% versus 82.6%, respectively; p=0.0007).",Premise
2943,AbstRCT_neoplasm_23735703,"There was no difference between GP and TC in 3-year OS (HR=0.97 [95% confidence interval (CI): 0.76-1.25], p=0.80) or response rates.",Premise
2944,AbstRCT_neoplasm_23735703,the regimens' toxicity profiles differed.,Premise
2945,AbstRCT_neoplasm_23735703,This study failed to demonstrate any difference in survival between patients receiving preoperative and perioperative chemotherapy in early-stage NSCLC.,Claim
2946,AbstRCT_neoplasm_23735703,The increase from two to four preoperative chemotherapy cycles did not increase the pathological response rate.,Claim
2947,AbstRCT_neoplasm_21911723,"Adjusted hazard ratios (HRs; TAM-OCT to TAM) were 0.93 for EFS (95% CI, 0.71 to 1.22; P = .62), 0.84 for RFS (95% CI, 0.59 to 1.18; P = .31), and 0.97 for OS (95% CI, 0.69 to 1.37; P = .86).",Premise
2948,AbstRCT_neoplasm_21911723,"Among patients with normal baseline gallbladder imaging, cholecystectomy was required in 23.0% of those receiving TAM-OCT but in only 1.4% of those receiving TAM (P < .001).",Premise
2949,AbstRCT_neoplasm_21911723,"At 4 months, TAM-OCT had significantly (P < .001) lowered IGF-1, IGF binding protein 3, and C-peptide levels.",Premise
2950,AbstRCT_neoplasm_21911723,"Older age (P = .02), tumor size (P = .001), nodal status (P = .01), high C-peptide levels (P < .001), and higher body mass index (BMI) in models excluding C-peptide (P < .001) were associated with poorer EFS in multivariate analysis.",Premise
2951,AbstRCT_neoplasm_21911723,Octreotide did not add significant clinical benefit.,Claim
2952,AbstRCT_neoplasm_21911723,High C-peptide levels (surrogate for insulin secretion rate) and high BMI were associated with poor outcome.,Claim
2953,AbstRCT_neoplasm_21911723,octreotide would lower insulin and IGF-1 levels and reduce risk of breast cancer recurrence.,Claim
2954,AbstRCT_neoplasm_24038913,QOL and survival data were similar for the two groups.,Claim
2955,AbstRCT_neoplasm_24038913,A larger prospective study is justified to study the efficacy of chemotherapy only regimens in younger children.,Claim
2956,AbstRCT_neoplasm_24038913,Analysis of QOL outcomes with a median length of follow-up of 15.1 years (9.5-19.2) showed comparable results.,Premise
2957,AbstRCT_neoplasm_24038913,Molecular marker analysis showed that a smaller proportion of patients <3 years harbored TP53 mutations (P = 0.05).,Premise
2958,AbstRCT_neoplasm_24038913,"Patients <3 years (n = 49, 19.5% of all enrolled patients) at diagnosis had a 10-year EFS and OS of 29 ± 6.5% and 37.5 ± 7%, respectively, while for patients 3-6 years (n = 34, 13.5% of all enrolled patients) 10-year EFS and OS were 35 ± 8% and 36 ± 8%, respectively.",Premise
2959,AbstRCT_neoplasm_16524633,Morbidity is an important issue in cancer research.,MajorClaim
2960,AbstRCT_neoplasm_16524633,"The observer-based toxicity scoring system used by DAHANCA (the Danish head and neck cancer study group) has proved itself sensitive to differences in toxicity in a large randomised study,",Claim
2961,AbstRCT_neoplasm_16524633,but like other toxicity scoring systems it has not been formally validated.,Claim
2962,AbstRCT_neoplasm_16524633,The DAHANCA toxicity scoring system and the EORTC QLQ correlated with several clinical endpoints.,Premise
2963,AbstRCT_neoplasm_16524633,The conceptually similar endpoints of the two methods correlated significantly.,Premise
2964,AbstRCT_neoplasm_16524633,The objective endpoints of the DAHANCA scoring system were only correlated with quality of life endpoints to a very low degree.,Premise
2965,AbstRCT_neoplasm_16524633,The DAHANCA toxicity scores had a low sensitivity (0.48-0.74) in detecting equivalent subjective complaints from the questionnaires and the observer-based scoring system severely underestimated patient complaints.,Premise
2966,AbstRCT_neoplasm_16524633,A specific patient group where the DAHANCA score had a higher tendency to fail could not be detected.,Premise
2967,AbstRCT_neoplasm_16524633,The DAHANCA toxicity score is an effective instrument in assessing objective treatment induced toxicity in head and neck cancer patients but insensitive and non-specific with regard to patient assessed subjective endpoints.,Claim
2968,AbstRCT_neoplasm_16524633,"This weakness seems inherent in an observer-based scoring system, and will probably also apply to newer ones like CTCAE 3.0.",Claim
2969,AbstRCT_neoplasm_16490846,"Compared with surgical excision, the total treatment costs of MMS are significantly higher (cost difference: primary BCC, 254 euros; 95% confidence interval, 181-324 euros; recurrent BCC, 249 euros; 95% confidence interval, 175-323 euros).",Premise
2970,AbstRCT_neoplasm_16490846,"For primary BCC, the incremental cost-effectiveness ratio was 29,231 euros, while the ratio for recurrent BCC amounted to 8094 euros.",Premise
2971,AbstRCT_neoplasm_16490846,"The acceptability curves showed that for these ratios, the probability of MMS being more cost-effective than surgical excision never reached 50%.",Premise
2972,AbstRCT_neoplasm_16490846,"At present, it does not seem cost-effective to introduce MMS on a large scale for both primary and recurrent BCC.",Claim
2973,AbstRCT_neoplasm_16490846,because a 5-year period is normally required to determine definite recurrence rates,Premise
2974,AbstRCT_neoplasm_16490846,it is possible that MMS may become a cost-effective treatment for recurrent BCC.,Claim
2975,AbstRCT_neoplasm_23771714,PFS was similar in the two arms [HR: XP vs. EP: 1.012 (95 % CI 0.785-1.304); median 10.4 months XP vs. 9.2 months EP].,Premise
2976,AbstRCT_neoplasm_23771714,"Overall survival was also similar [HR 1.027 (95 % CI 0.740-1.424); median 22.0 vs. 26.1 months], and response rate was 47 % versus 42 %.",Premise
2977,AbstRCT_neoplasm_23771714,Both regimens were tolerable: there were more grade 3/4 diarrhea and grade 3 hand-foot syndromes with XP and more grade 3/4 hematologic toxicities with EP.,Premise
2978,AbstRCT_neoplasm_23771714,There were no major differences in QoL.,Premise
2979,AbstRCT_neoplasm_23771714,first-line XP was active and feasible.,Claim
2980,AbstRCT_neoplasm_23771714,"Although, noninferiority of XP to EP was formally not proven,",Claim
2981,AbstRCT_neoplasm_23771714,"XP is a valid first-line alternative to anthracycline/taxane regimens, especially in patients previously treated with adjuvant anthracyclines.",Claim
2982,AbstRCT_neoplasm_8648360,A beneficial effect of MPA on appetite was observed after both 6 weeks (P = .008) and 12 weeks (P = .01) of treatment.,Premise
2983,AbstRCT_neoplasm_8648360,"After 12 weeks, a mean weight gain of 0.6 +/- 4.4 kg was seen in the MPA, versus an ongoing mean weight loss of 1.4 +/- 4.6 kg in the placebo group.",Premise
2984,AbstRCT_neoplasm_8648360,This difference of 2.0 kg was statistically significant (P = .04).,Premise
2985,AbstRCT_neoplasm_8648360,"During the study, several areas of QL deteriorated in the total group of patients.",Premise
2986,AbstRCT_neoplasm_8648360,"With the exception of an improvement in appetite and possible also a reduction in nausea and vomiting, no measurable beneficial effects of MPA on QL could be demonstrated.",Claim
2987,AbstRCT_neoplasm_8648360,The side effects profile of MPA was favorable: only a trend toward an increase in (usually mild) peripheral edema was observed.,Premise
2988,AbstRCT_neoplasm_8648360,"In weight-losing, advanced-stage non-hormone-sensitive cancer patients, MPA exhibits a mild side effects profile, has a beneficial effect on appetite, and may prevent further weight loss.",Claim
2989,AbstRCT_neoplasm_8648360,"However, general QL in the present study was not measurably influenced by MPA treatment.",Claim
2990,AbstRCT_neoplasm_10210927,"octreotide, the long acting somatostatin analogue, improves survival of animals with pancreatic cancer.",MajorClaim
2991,AbstRCT_neoplasm_10210927,"The patients treated with octreotide showed a significant advantage in quality of life (restored appetite, improvement of digestion and intestine function, remission of abdominal pain and preservation of baseline body weight) with a mean > 80 of karnofsky performance score.",Premise
2992,AbstRCT_neoplasm_10210927,"Monitoring of tumour size changes (US-TC) over the 6 months study period, showed slackened neoplastic growth in all treated patients,",Premise
2993,AbstRCT_neoplasm_10210927,whereas neoplasm grew according to an almost exponential trend in untreated patients,Premise
2994,AbstRCT_neoplasm_10210927,survival was better in treated patients,Premise
2995,AbstRCT_neoplasm_10210927,Karnofsky performance score was particularly high in both patients.,Premise
2996,AbstRCT_neoplasm_10210927,octreotide is endowed with antiproliferative activity.,Claim
2997,AbstRCT_neoplasm_10210927,octreotide therapy seems to confer a survival benefit and a better quality of life in advanced pancreatic tumour.,Claim
2998,AbstRCT_neoplasm_8683634,"Combined radiation therapy and chemotherapy after surgery, compared with postsurgical radiation therapy alone, has been shown to improve disease-free survival and overall survival significantly among patients with poor-prognosis (i.e., advanced stage disease or metastasis to regional lymph nodes) resectable rectal cancer.",MajorClaim
2999,AbstRCT_neoplasm_8683634,"However, the combined therapy is associated with more toxic effects, raising the question of whether the benefits of the treatment justify its quality-of-life costs for the individual patient.",Claim
3000,AbstRCT_neoplasm_8683634,"As reported previously, the combined therapy reduced the risk of relapse by 34% (95% confidence interval [CI] = 12%-50%; P = .0016) and reduced the overall death rate by 29% (95% CI = 7%-45%; P = .025) in comparison with adjuvant radiation therapy alone.",Premise
3001,AbstRCT_neoplasm_8683634,"In the 5 years following assignment to treatment, patients who received the combined therapy had more time with toxicity (3.1 months; 95% CI = 2.0-4.1 months), shorter survival after relapse (3.6 months less; 95% CI = 0.9-6.3 months less), and more TWiST (6.1 months; 95% CI = 0.2-12.0 months) than patients who received adjuvant radiation therapy alone.",Premise
3002,AbstRCT_neoplasm_8683634,"Despite an increase in the amount of time that individuals spent with early and late toxic effects, the Q-TWiST analysis indicated that the combined therapy conferred significantly greater benefit for a wide range of patient preferences about living with the toxicity of treatment or the symptoms of overt disease.",Claim
3003,AbstRCT_neoplasm_8683634,"Use of combined chemotherapy and radiation therapy as an adjuvant to surgery for patients with poor-prognosis resectable rectal cancer is justified,",Claim
3004,AbstRCT_neoplasm_8683634,since the improved outcome in terms of delayed recurrence and increased survival balances the time spent with early and late toxic effects.,Premise
3005,AbstRCT_neoplasm_8683634,The Q-TWiST method is an excellent way to compare treatment outcomes that include quality-of-life considerations.,Claim
3006,AbstRCT_neoplasm_23768153,"Participants in the intervention group reported, on average, 53 fewer days of sick leave over the first 6 months post-surgery than those in the control group;",Premise
3007,AbstRCT_neoplasm_23768153,"however, this difference was not statistically significant (p = 0.122; 95% confidence interval -15.8, 122.0).",Premise
3008,AbstRCT_neoplasm_23768153,No statistically significant differences were found for secondary outcomes.,Premise
3009,AbstRCT_neoplasm_23768153,"Interviews with trial participants indicated that trial procedures, including recruitment, randomisation and research instruments, were acceptable.",Premise
3010,AbstRCT_neoplasm_23768153,"Conducting a pragmatic trial of effectiveness of a VR intervention among cancer survivors is both feasible and acceptable,",Claim
3011,AbstRCT_neoplasm_23768153,but more research about the exact components of a VR intervention and choice of outcomes to measure effectiveness is required.,Claim
3012,AbstRCT_neoplasm_23768153,VR to assist breast cancer patients in the return to work process is an important component of cancer survivorship plans.,MajorClaim
3013,AbstRCT_neoplasm_12783373,"Imatinib (Gleevec), a highly effective specific tyrosine kinase inhibitor, demonstrates a better side effect profile than interferon-alpha (IFN), which impairs patients' quality of life (QoL).",Claim
3014,AbstRCT_neoplasm_12783373,Two hundred sixty-one patients (50%) crossed over from IFN to imatinib and 11 (2%) crossed over from imatinib to IFN.,Premise
3015,AbstRCT_neoplasm_12783373,"There was a significant decline in TOI scores for the IFN treatment arm compared with preservation of baseline TOI scores in the imatinib arm (P <.001, ITT).",Premise
3016,AbstRCT_neoplasm_12783373,"Mean social/family and EWB scores were 22.8 and 19.5, respectively, for imatinib and 21.6 and 17.6, respectively, for IFN (P <.001, ITT).",Premise
3017,AbstRCT_neoplasm_12783373,"After crossing over from IFN to imatinib, patients experienced a significant (P <.001) increase in TOI scores.",Premise
3018,AbstRCT_neoplasm_12783373,Imatinib offers clear QoL advantages over IFN as first-line treatment of chronic-phase CML.,Claim
3019,AbstRCT_neoplasm_12783373,patients who crossed over to imatinib reported higher QoL than those who remained on IFN.,Claim
3020,AbstRCT_neoplasm_24127364,This result may be due to higher rates of fatigue and gastrointestinal adverse events.,Claim
3021,AbstRCT_neoplasm_24127364,"Compared with CET/placebo, the combination of CET/BRIV worsened time to QoL deterioration for patients with K-RAS wild-type, chemotherapy-refractory, metastatic colorectal cancer on the PF and GHS scales of European Organization for Research and Treatment of Cancer Quality of Life Questionnaire C30.",Claim
3022,AbstRCT_neoplasm_24127364,"Clinical adverse events of ≥ grade 3 were more common with CET/BRIV than with CET/placebo, including fatigue (25% vs 11%), hypertension, rash, diarrhea, abdominal pain, dehydration, and anorexia.",Premise
3023,AbstRCT_neoplasm_24127364,A greater percentage of patients on the CET/BRIV arm had PF worsening at 6 weeks (31% vs 17%).,Premise
3024,AbstRCT_neoplasm_24127364,"Secondary analysis favored CET/placebo for QOL response on the PF, Cognitive Function, Fatigue, Nausea, Appetite, and Diarrhea scales.",Premise
3025,AbstRCT_neoplasm_24127364,The median time to deterioration was 1.6 months versus 1.1 months for GHS (P =.02) and 5.6 months versus 1.7 months for PF (P <.0001) favoring CET/placebo.,Premise
3026,AbstRCT_neoplasm_20809177,"The dysfunction score was 58.9 ± 15.0 after distal gastrectomy, 66.8 ± 14.1 after total gastrectomy, and 62.4 ± 21.6 after pylorus-preserving gastrectomy.",Premise
3027,AbstRCT_neoplasm_20809177,These values differed significantly among the groups (P = .007).,Premise
3028,AbstRCT_neoplasm_20809177,"Dysfunction scores according to postoperative activity status were 49.1 ± 15.6 in 71 patients who resumed their activities, 56.9 ± 15.7 in 39 patients with reduced activities, 57.3 ± 8.8 in 15 patients with minimal activities, and 63.3 ± 11.8 (P < .05) in 16 patients who did not resume activities because of poor physical condition.",Premise
3029,AbstRCT_neoplasm_20809177,This scoring system for postoperative gastrointestinal dysfunction provides an objective measure of dysfunction related to specific surgical procedures and correlates with activities of daily living in the postoperative period.,Claim
3030,AbstRCT_neoplasm_23820680,"Nausea and vomiting is the only notable symptom that was worse in whole stomach group at the time of 2 years after surgery,",Premise
3031,AbstRCT_neoplasm_23820680,patients in whole stomach group suffered more severe nausea and vomiting.,Claim
3032,AbstRCT_neoplasm_23820680,Narrow gastric tube reconstruction may be a good alternative choice for patients undergoing oncologic esophagectomy in view of better health-related quality of life after the surgery.,Claim
3033,AbstRCT_neoplasm_23820680,"At the time of 6 months and 1 year after surgery, the reflux scores were lower in narrow gastric tube group than in whole stomach group, which revealed that there were less problems of reflux in the patients of narrow gastric tube group;",Premise
3034,AbstRCT_neoplasm_23820680,"the score of physical function scale in narrow gastric tube group was higher conversely, which suggested that the patients gain a better status in physical function.",Premise
3035,AbstRCT_neoplasm_23820680,"At the time of 3 weeks after surgery, the reflux and dyspnea scores were higher in whole stomach group than in narrow gastric tube group, which meant that the patients in whole stomach group suffered more severe problem.",Premise
3036,AbstRCT_neoplasm_23820680,The perioperative complication rate was 26.9% in narrow gastric tube group and 48.1% in whole stomach group (P = 0.31).,Premise
3037,AbstRCT_neoplasm_12011126,"Transfusion-free (P =.0012) survival and transfusion- and severe anemia-free survival (P =.0001) were significantly greater in the epoetin beta group versus placebo (Wald chi(2) test), giving a relative risk reduction of 43% and 51%, respectively.",Premise
3038,AbstRCT_neoplasm_12011126,"The response rate was 67% and 27% in the epoetin beta versus the placebo group, respectively (P <.0001).",Premise
3039,AbstRCT_neoplasm_12011126,"After 12 and 16 weeks of treatment, QOL significantly improved in the epoetin beta group compared with placebo (P <.05);",Premise
3040,AbstRCT_neoplasm_12011126,this improvement correlated with an increase in Hb concentration (> or = 2 g/dL).,Premise
3041,AbstRCT_neoplasm_12011126,"Many severely anemic and transfusion-dependent patients with advanced MM, NHL, and CLL and a low performance status benefited from epoetin therapy, with elimination of severe anemia and transfusion need, and improvement in QOL.",Claim
3042,AbstRCT_neoplasm_23793805,"The LADG and ODG groups showed similar survival [5-year DFS rate: 98.8 % vs. 97.6 %, respectively (P = 0.514), 5-year overall survival (OS) rate: 97.6 vs. 96.3 %, respectively (P = 0.721)] or overall complication rate (29.3 vs. 42.7 %, respectively; P = 0.073).",Premise
3043,AbstRCT_neoplasm_23793805,Mild complications were significantly less frequent in the LADG group than in the ODG group (23.2 vs. 41.5 %; P = 0.012).,Premise
3044,AbstRCT_neoplasm_23793805,"The rates of moderate, severe, and long-term complications (i.e., 31 days to 5 years after surgery) did not differ significantly between groups.",Premise
3045,AbstRCT_neoplasm_23793805,No clinically meaningful differences were detected between the two groups in long-term QOL.,Premise
3046,AbstRCT_neoplasm_23793805,LADG showed similar DFS and OS compared to ODG in treating early gastric cancer.,Claim
3047,AbstRCT_neoplasm_23793805,Marginal benefits in mild complications were observed with LADG.,Claim
3048,AbstRCT_neoplasm_23793805,LADG did not show advantages over ODG regarding other complications and long-term QOL.,Claim
3049,AbstRCT_neoplasm_15157043,"Recombinant human erythropoietin (r-HuEPO) corrects cancer-related anemia and, thereby, improves quality of life.",Claim
3050,AbstRCT_neoplasm_15157043,No patient in G1 developed a thrombotic event.,Premise
3051,AbstRCT_neoplasm_15157043,"In all four patients, Hgb levels were normal at the time of the event.",Premise
3052,AbstRCT_neoplasm_15157043,There were no significant differences in demographic characteristics or current chemotherapy regimen in G1 vs. G2.,Premise
3053,AbstRCT_neoplasm_15157043,The increased incidence of thrombotic events in the r-HuEPO (G2) arm of this study exceeds that in prior studies in this population and prior r-HuEPO trials.,Premise
3054,AbstRCT_neoplasm_15157043,"This may relate to the administration of r-HuEPO in this high-risk population,",Claim
3055,AbstRCT_neoplasm_15157043,but the small sample size and possible predisposing risk factors preclude definitive conclusions.,Claim
3056,AbstRCT_neoplasm_20631341,"Overall survival remained better in those assigned to 3B(90)E(500)P than in those assigned to 4B(30)E(360)P (8-year survival: 92% vs 83%; hazard ratio of death = 0.38, 95% confidence interval = 0.15 to 0.97, P = .037).",Premise
3057,AbstRCT_neoplasm_20631341,"Progression-free survival favored 3B(90)E(500)P but was not statistically significantly different between the treatment groups (8-year progression-free survival, 3B(90)E(500)P vs 4B(30)E(360)P: 86% vs 79%; hazard ratio of progression = 0.6, 95% confidence interval = 0.3 to 1.1, P = .15).",Premise
3058,AbstRCT_neoplasm_20631341,"At the end of treatment, average scores for most side effect scales favored 3B(90)E(500)P.",Claim
3059,AbstRCT_neoplasm_20631341,"After the completion of treatment, average GLQ-8 scores for numbness (P = .003) and hair loss (P = .04) and the Spitzer Quality of Life Index (P = .05) favored 3B(90)E(500)P.",Premise
3060,AbstRCT_neoplasm_20631341,The survival benefit of 3B(90)E(500)P over 4B(30)E(360)P was maintained with long-term follow-up.,Claim
3061,AbstRCT_neoplasm_23803270,No statistically significant between-group differences were found in volume reduction;,Premise
3062,AbstRCT_neoplasm_23803270,"however, all groups had clinically and statistically significant reduction in volume.",Premise
3063,AbstRCT_neoplasm_23803270,No group differences were noted in psychological and physical symptoms or QOL;,Premise
3064,AbstRCT_neoplasm_23803270,"however, treatment-related improvements were noted in symptom burden within all groups.",Premise
3065,AbstRCT_neoplasm_23803270,Skin improvement was noted in each group that received LLLT.,Premise
3066,AbstRCT_neoplasm_23803270,LLLT with bandaging may offer a time-saving therapeutic option to conventional MLD.,Claim
3067,AbstRCT_neoplasm_23803270,compression bandaging alone could account for the demonstrated volume reduction.,Claim
3068,AbstRCT_neoplasm_23803270,APNs can effectively treat lymphedema.,Claim
3069,AbstRCT_neoplasm_23803270,"Lasers may provide effective, less burdensome treatment for lymphedema.",Claim
3070,AbstRCT_neoplasm_23803270,APNs with lymphedema certification can effectively treat this patient population with the use of LLLT.,Claim
3071,AbstRCT_neoplasm_23803270,bioelectrical impedance and tape measurements can be used to assess lymphedema.,Claim
3072,AbstRCT_neoplasm_12925071,Postoperative radiochemotherapy (RCT) is recommended for advanced disease (pT3/4 or pN+).,Claim
3073,AbstRCT_neoplasm_12925071,"Acute toxicity (WHO) of RCT was low, with less than 15% of patients experiencing grade 3 or higher toxicity",Premise
3074,AbstRCT_neoplasm_12925071,"The principal toxicity was diarrhea, with 12% in the postoperative RCT-arm and 11% in the pre-operative RCT-arm having grade 3-, and 1% in either arm having grade 4-diarrhea.",Premise
3075,AbstRCT_neoplasm_12925071,"Erythema, nausea and leukopenia were the next common toxicities, with less than 3% of patients in either arm suffering grade 3 or greater leukopenia or nausea.",Premise
3076,AbstRCT_neoplasm_12925071,"Postoperative complication rates were similar in both arms, with 12% (postop. RCT) and 12% (pre-op. RCT) of patients, respectively, suffering from anastomotic leakage, 3% (postop. RCT) and 3% (pre-op. RCT) from postoperative bleeding, and 6% (postop. RCT) and 4% (pre-op. RCT) from delayed wound healing.",Premise
3077,AbstRCT_neoplasm_12925071,The patient accrual to the trial is satisfactory,Claim
3078,AbstRCT_neoplasm_12925071,Neoadjuvant RCT is well tolerated and bears no higher risk for postoperative morbidity.,Claim
3079,AbstRCT_neoplasm_23840308,"Delirium occurred in 31 patients (11.9%), and there was no significant difference between the incidence of delirium in the intervention group and the usual-care group (9.4% vs. 14.3%, OR: 0.63, 95% CI: 0.29-1.35).",Premise
3080,AbstRCT_neoplasm_23840308,"Within this study, a geriatric liaison intervention based on frailty for the prevention of postoperative delirium in frail elderly cancer patients undergoing elective surgery for a solid tumour has not proven to be effective.",Claim
3081,AbstRCT_neoplasm_23840308,Delirium is a serious and common postoperative complication,MajorClaim
3082,AbstRCT_neoplasm_12748244,Efficacy was similar for the 250- and 500-mg/d groups.,Premise
3083,AbstRCT_neoplasm_12748244,"Objective tumor response rates were 18.4% (95% confidence interval [CI], 11.5 to 27.3) and 19.0% (95% CI, 12.1 to 27.9); among evaluable patients, symptom improvement rates were 40.3% (95% CI, 28.5 to 53.0) and 37.0% (95% CI, 26.0 to 49.1); median progression-free survival times were 2.7 and 2.8 months; and median overall survival times were 7.6 and 8.0 months, respectively.",Premise
3084,AbstRCT_neoplasm_12748244,Adverse events (AEs) at both dose levels were generally mild (grade 1 or 2) and consisted mainly of skin reactions and diarrhea.,Premise
3085,AbstRCT_neoplasm_12748244,Symptom improvements were recorded for 69.2% (250 mg/d) and 85.7% (500 mg/d) of patients with a tumor response.,Premise
3086,AbstRCT_neoplasm_12748244,Drug-related toxicities were more frequent in the higher-dose group.,Premise
3087,AbstRCT_neoplasm_12748244,"Withdrawal due to drug-related AEs was 1.9% and 9.4% for patients receiving gefitinib 250 and 500 mg/d, respectively.",Premise
3088,AbstRCT_neoplasm_12748244,Gefitinib showed clinically meaningful antitumor activity and provided symptom relief as second- and third-line treatment in these patients.,Claim
3089,AbstRCT_neoplasm_12748244,"At 250 mg/d, gefitinib had a favorable AE profile.",Claim
3090,AbstRCT_neoplasm_12748244,"Gefitinib 250 mg/d is an important, novel treatment option for patients with pretreated advanced NSCLC.",Claim
3091,AbstRCT_neoplasm_15226773,Malnutrition occurs frequently in patients with cancer of the gastrointestinal (GI) or head and neck area and can lead to negative outcomes.,Claim
3092,AbstRCT_neoplasm_15226773,"The NI group had statistically smaller deteriorations in weight (P<0.001), nutritional status (P=0.020) and global QoL (P=0.009) compared with those receiving UC.",Premise
3093,AbstRCT_neoplasm_15226773,"Clinically, but not statistically significant differences in fat-free mass were observed between the groups (P=0.195).",Premise
3094,AbstRCT_neoplasm_15226773,"Early and intensive NI appears beneficial in terms of minimising weight loss, deterioration in nutritional status, global QoL and physical function in oncology outpatients receiving radiotherapy to the GI or head and neck area.",Claim
3095,AbstRCT_neoplasm_15226773,"Weight maintenance in this population leads to beneficial outcomes and suggests that this, rather than weight gain, may be a more appropriate aim of NI.",Claim
3096,AbstRCT_neoplasm_20680680,There were no statistically significant differences between the TEX group and the ET group on any of the subscales 2 months after randomization.,Premise
3097,AbstRCT_neoplasm_20680680,"Small clinical differences (5-10 points) in favor of the ET group were found for global quality of life, role functioning, social functioning, and insomnia.",Premise
3098,AbstRCT_neoplasm_20680680,"At the 9-months assessment, the TEX group scored statistically significantly higher on global quality of life and physical functioning.",Premise
3099,AbstRCT_neoplasm_20680680,"Small clinically significant differences were found for global quality of life, physical functioning, role functioning, emotional functioning, dyspnoea, and insomnia, all in favour of the TEX group.",Premise
3100,AbstRCT_neoplasm_20680680,"At the 2-months assessment, when side-effects of chemotherapy were present, patients in the TEX group appeared to fare a bit worse than those receiving ET.",Claim
3101,AbstRCT_neoplasm_20680680,"after 9 months, when the patients had adapted to treatment, the TEX group seemed to have a slightly better quality of life.",Claim
3102,AbstRCT_neoplasm_11387359,"Epoetin alfa, compared with placebo, significantly decreased transfusion requirements (P =.0057) and increased hemoglobin (P <.001).",Premise
3103,AbstRCT_neoplasm_11387359,"Improvement of all primary cancer- and anemia-specific QOL domains, including energy level, ability to do daily activities, and fatigue, was significantly (P <.01) greater for epoetin alfa versus placebo patients.",Premise
3104,AbstRCT_neoplasm_11387359,"Kaplan-Meier estimates showed a trend in overall survival favoring epoetin alfa (P =.13, log-rank test),",Premise
3105,AbstRCT_neoplasm_11387359,Cox regression analysis showed an estimated hazards ratio of 1.309 (P =.052) favoring epoetin alfa.,Premise
3106,AbstRCT_neoplasm_11387359,Adverse events were comparable between groups.,Premise
3107,AbstRCT_neoplasm_11387359,Epoetin alfa safely and effectively ameliorates anemia and significantly improves QOL in cancer patients receiving nonplatinum chemotherapy.,Claim
3108,AbstRCT_neoplasm_11387359,Encouraging results regarding increased survival warrant another trial designed to confirm these findings.,Claim
3109,AbstRCT_neoplasm_16571129,"Prospective investigations of complete decongestive lymphatic physiotherapy (CDPT), including manual lymphatic drainage (MLD), have validated the efficacy of these interventions for the initial reduction of edema and long-term maintenance of limb volume in lymphedema.",Claim
3110,AbstRCT_neoplasm_16571129,"the treatments are not always well-accepted,",Claim
3111,AbstRCT_neoplasm_16571129,patients may suffer from a deterioration in quality-of-life or a time-dependent loss of initial treatment benefits.,Claim
3112,AbstRCT_neoplasm_16571129,"Post-treatment arm volume reduced significantly after the Flexitouch, but not after self-administered massage.",Premise
3113,AbstRCT_neoplasm_16571129,"The patients' mean weight decreased significantly with Flexitouch use, but not with massage.",Premise
3114,AbstRCT_neoplasm_16571129,The Flexitouch device was apparently well-tolerated and accepted by patients.,Premise
3115,AbstRCT_neoplasm_16571129,Serial SF-36 administration showed no deterioration in physical or psychosocial scores compared to baseline measurements;,Premise
3116,AbstRCT_neoplasm_16571129,there were no statistical differences in scores when the two treatment modalities were compared.,Premise
3117,AbstRCT_neoplasm_16571129,This short-term prospective evaluation of the Flexitouch suggests that the device may provide better maintenance edema control than self-adiminstered massage in breast cancer-associated lymphedema.,Claim
3118,AbstRCT_neoplasm_16571129,The apparent ease of use and reliability of response to the device suggest that further broad-scale testing is warranted.,Claim
3119,AbstRCT_neoplasm_17674351,Tumor necrosis factor-alpha (TNF-alpha) is a putative mediator of the cancer anorexia/weight loss syndrome.,Claim
3120,AbstRCT_neoplasm_17674351,"Over time, weight gain was found to be minimal in both treatment arms; no patient gained >or=10% of their baseline weight.",Premise
3121,AbstRCT_neoplasm_17674351,Previously validated appetite questionnaires revealed negligible improvements in both treatment arms.,Premise
3122,AbstRCT_neoplasm_17674351,"The median survival was also comparable (175 days vs 148 days in etanercept-treated and placebo-exposed patients, respectively; P = .82).",Premise
3123,AbstRCT_neoplasm_17674351,preliminary data regarding adverse events demonstrated that patients treated with etanercept had higher rates of neurotoxicity (29% vs 0%) but lower rates of anemia (0% vs 19%) and thrombocytopenia (0% vs 14%).,Premise
3124,AbstRCT_neoplasm_17674351,Infection rates were negligible in both groups.,Premise
3125,AbstRCT_neoplasm_17674351,"Genotyping for TNF-alpha-238 and TNF-alpha-308 polymorphisms revealed no clinical significance for these genotypes, except for a preliminary association between presence of the -238 G/A genotype and relatively less favorable survival.",Premise
3126,AbstRCT_neoplasm_17674351,"Etanercept, as prescribed in the current trial, does not appear to palliate the cancer anorexia/weight loss syndrome in patients with advanced disease.",Claim
3127,AbstRCT_neoplasm_21993852,"Only the dyspnea symptom scale showed superior results for R-Y than for B-I (B-I 13.6 ± 17.9, R-Y 8.6 ± 16.3, p = 0.02).",Premise
3128,AbstRCT_neoplasm_21993852,"With respect to DAUGS 20, the total score did not differ significantly between the R-Y and B-I groups (24.8 vs. 23.6, p = 0.41).",Premise
3129,AbstRCT_neoplasm_21993852,"Only reflux symptoms were significantly worse for B-I than for R-Y (0.7 ± 0.6 vs. 0.5 ± 0.6, p = 0.01).",Premise
3130,AbstRCT_neoplasm_21993852,The B-I and R-Y techniques were generally equivalent in terms of postoperative QOL and dysfunction.,Claim
3131,AbstRCT_neoplasm_21993852,Both procedures seem acceptable as standard reconstructions after distal gastrectomy with regard to postoperative QOL and dysfunction.,MajorClaim
3132,AbstRCT_neoplasm_15274068,Advice to rest and take things easy if patients become fatigued during radiotherapy may be detrimental.,Claim
3133,AbstRCT_neoplasm_15274068,Aerobic walking improves physical functioning and has been an intervention for chemotherapy-related fatigue.,Premise
3134,AbstRCT_neoplasm_15274068,There were no significant between group differences noted with regard to fatigue scores at baseline (P = 0.55) or after 4 weeks of radiotherapy (P = 0.18).,Premise
3135,AbstRCT_neoplasm_15274068,"Men in the control group had significant increases in fatigue scores from baseline to the end of radiotherapy (P = 0.013), with no significant increases observed in the exercise group (P = 0.203).",Premise
3136,AbstRCT_neoplasm_15274068,"A nonsignificant reduction (2.4%) in shuttle test distance at the end of radiotherapy was observed in the control group; however, in the exercise group, there was a significant increase (13.2%) in distance walked (P = 0.0003).",Premise
3137,AbstRCT_neoplasm_15274068,Men who followed advice to rest and take things easy if they became fatigued demonstrated a slight deterioration in physical functioning and a significant increase in fatigue at the end of radiotherapy.,Premise
3138,AbstRCT_neoplasm_15274068,"Home-based, moderate-intensity walking produced a significant improvement in physical functioning with no significant increase in fatigue.",Claim
3139,AbstRCT_neoplasm_15274068,Improved physical functioning may be necessary to combat radiation fatigue.,Claim
3140,AbstRCT_neoplasm_12721239,"Peak oxygen consumption increased by 0.24 L/min in the exercise group,",Premise
3141,AbstRCT_neoplasm_12721239,"whereas it decreased by 0.05 L/min in the control group (mean difference, 0.29 L/min; 95% confidence interval [CI], 0.18 to 0.40; P <.001).",Premise
3142,AbstRCT_neoplasm_12721239,"Overall QOL increased by 9.1 points in the exercise group compared with 0.3 points in the control group (mean difference, 8.8 points; 95% CI, 3.6 to 14.0; P =.001).",Premise
3143,AbstRCT_neoplasm_12721239,Pearson correlations indicated that change in peak oxygen consumption correlated with change in overall QOL (r = 0.45; P <.01).,Premise
3144,AbstRCT_neoplasm_12721239,Exercise training had beneficial effects on cardiopulmonary function and QOL in postmenopausal breast cancer survivors.,Claim
3145,AbstRCT_neoplasm_10506606,The response rate was 71% for DepoCyt and 15% for ara-C on an intent-to-treat basis (P =.006).,Premise
3146,AbstRCT_neoplasm_10506606,All of the patients on the DepoCyt arm but only 53% of those on the ara-C arm were able to complete the planned 1-month induction therapy regimen.,Premise
3147,AbstRCT_neoplasm_10506606,"Time to neurologic progression and survival trend in favor of DepoCyt (median, 78.5 v 42 days and 99.5 v 63 days, respectively; P >.05).",Premise
3148,AbstRCT_neoplasm_10506606,DepoCyt treatment was associated with an improved mean change in Karnofsky performance score at the end of induction (P =.041).,Premise
3149,AbstRCT_neoplasm_10506606,"The major adverse events on both arms were headache and arachnoiditis, which were often caused by the underlying disease.",Premise
3150,AbstRCT_neoplasm_10506606,DepoCyt injected once every 2 weeks produced a high response rate and a better quality of life as measured by Karnofsky score relative to that produced by free ara-C injected twice a week.,Claim
3151,AbstRCT_neoplasm_17717452,More recently coloplasty has been advocated as an alternative to a colonic pouch.,Claim
3152,AbstRCT_neoplasm_17717452,Twenty-three (7.4%) died within 24 months of surgery.,Premise
3153,AbstRCT_neoplasm_17717452,No significant difference was observed in the complications among the 4 groups.,Premise
3154,AbstRCT_neoplasm_17717452,There was no difference in bowel function between the CP-1 and SA groups.,Premise
3155,AbstRCT_neoplasm_17717452,"JP patients had fewer bowel movements, less clustering, used fewer pads and had a lower FISI than the CP-2 group.",Premise
3156,AbstRCT_neoplasm_17717452,Other parameters were not statistically different.,Premise
3157,AbstRCT_neoplasm_17717452,QOL scores at 24 months were similar for each of the 4 groups.,Premise
3158,AbstRCT_neoplasm_17717452,"In patients undergoing a restorative resection for low rectal cancer, a colonic JP offers significant advantages in function over an SA or a coloplasty.",Claim
3159,AbstRCT_neoplasm_17717452,"In patients who cannot have a pouch, coloplasty seems not to improve the bowel function of patients over that with an SA.",Claim
3160,AbstRCT_neoplasm_15139072,Research suggests that stress-reduction programs tailored to the cancer setting help patients cope with the effects of treatment and improve their quality of life.,MajorClaim
3161,AbstRCT_neoplasm_15139072,Patients in the TY group reported significantly lower sleep disturbance scores during follow-up compared with patients in the wait-list control group (5.8 vs. 8.1; P < 0.004).,Premise
3162,AbstRCT_neoplasm_15139072,"This included better subjective sleep quality (P < 0.02), faster sleep latency (P < 0.01), longer sleep duration (P < 0.03), and less use of sleep medications (P < 0.02).",Premise
3163,AbstRCT_neoplasm_15139072,"There were no significant differences between groups in terms of intrusion or avoidance, state anxiety, depression, or fatigue.",Premise
3164,AbstRCT_neoplasm_15139072,The participation rates suggested that a TY program is feasible for patients with cancer and that such a program significantly improves sleep-related outcomes.,Claim
3165,AbstRCT_neoplasm_15139072,"However, there were no significant differences between groups for the other outcomes.",Premise
3166,AbstRCT_neoplasm_12118027,The overall response rate was 8.4% (95% confidence interval [CI]) 3.2% to 13.7% for patients treated with PVI 5-FU alone compared with 17.6%; 95% CI 10.3% to 25.1% for PVI 5-FU plus MMC (P =.04).,Premise
3167,AbstRCT_neoplasm_12118027,Median failure-free survival was 2.8 months for PVI 5-FU and 3.8 months for PVI 5-FU plus MMC (P =.14).,Premise
3168,AbstRCT_neoplasm_12118027,Median survival was 5.1 months for PVI 5-FU and 6.5 months for PVI 5-FU plus MMC (P =.34).,Premise
3169,AbstRCT_neoplasm_12118027,Toxicities in both arms were mild.,Premise
3170,AbstRCT_neoplasm_12118027,"There was an increased incidence of neutropenia in the 5-FU plus MMC arm (P <.01), although no differences in infection were seen.",Premise
3171,AbstRCT_neoplasm_12118027,No patients developed hemolytic uremic syndrome.,Premise
3172,AbstRCT_neoplasm_12118027,"Global QOL improved significantly after 24 weeks of treatment compared with baseline for patients receiving 5-FU plus MMC,",Claim
3173,AbstRCT_neoplasm_12118027,although there was no statistically significant difference in QOL between arms.,Premise
3174,AbstRCT_neoplasm_12118027,These results emphasize the importance of chemotherapy in this setting and the continuing value of the fluoropyrimidines in pancreatic cancer.,Claim
3175,AbstRCT_neoplasm_12118027,"PVI 5-FU plus MMC resulted in a superior response rate in comparison with PVI 5-FU alone in advanced pancreatic cancer,",Claim
3176,AbstRCT_neoplasm_12118027,but this did not translate into a survival advantage.,Claim
3177,AbstRCT_neoplasm_24178750,Patients reported similar pain and satisfaction scores in both groups.,Claim
3178,AbstRCT_neoplasm_24178750,"Bolus IV administration of G-CSF results in longer neutropenia duration than SC administration, with no difference in clinical or quality-of-life measures.",Claim
3179,AbstRCT_neoplasm_24178750,"The mean time to neutropenia resolution was longer with IV G-CSF [7.9 days, 95% confidence interval (CI) 6.6-9.1] compared with SC G-CSF (5.4 days, 95% CI 4.6-6.2), log-rank P = 0.001.",Premise
3180,AbstRCT_neoplasm_24178750,"Longer neutropenia duration was observed in all patient subgroups,",Premise
3181,AbstRCT_neoplasm_24178750,except for patients undergoing autologous HCT.,Premise
3182,AbstRCT_neoplasm_24178750,"There was no significant difference between groups in the occurrence of infection or death,",Premise
3183,AbstRCT_neoplasm_24178750,"but more deaths were observed with IV (4/57, 7%) versus SC (1/61, 1.6%) G-CSF administration, P = 0.196.",Premise
3184,AbstRCT_neoplasm_12118024,"After completion of chemotherapy, patients treated with trastuzumab and chemotherapy reported significant improvement in fatigue (P <.05) as compared with their baseline scores.",Premise
3185,AbstRCT_neoplasm_12118024,Higher proportions of patients receiving the combined therapy achieved improvement in global QOL (P <.05) than did patients treated with chemotherapy alone.,Premise
3186,AbstRCT_neoplasm_12118024,"Higher proportions of the combined therapy group also achieved improvement in physical and role functioning and in fatigue as compared with the chemotherapy group,",Premise
3187,AbstRCT_neoplasm_12118024,There were no differences in the proportions of patients in the two groups that reported worsening.,Premise
3188,AbstRCT_neoplasm_12118024,Statistically significantly higher proportions of patients treated with a combination of trastuzumab and chemotherapy reported improved global QOL than did patients treated by chemotherapy alone.,Claim
3189,AbstRCT_neoplasm_12118024,but the differences were not statistically significant.,Premise
3190,AbstRCT_neoplasm_9643663,"At a median follow-up period of approximately 100 weeks for both studies, 'Casodex' 150 mg was found to be less effective than castration in patients with metastatic disease (M1) at entry (hazard ratio of 1.30 for time to death) with a difference in median survival of 6 weeks.",Premise
3191,AbstRCT_neoplasm_9643663,"In symptomatic M1 patients, 'Casodex' was associated with a statistically significant improvement in subjective response (70%) compared with castration (58%).",Premise
3192,AbstRCT_neoplasm_9643663,Analysis of a validated quality-of-life questionnaire proved an advantage for 'Casodex' in sexual interest and physical capacity.,Premise
3193,AbstRCT_neoplasm_9643663,'Casodex' had a substantially lower incidence of hot flushes compared to castration (6-13% compared with 39-44%) and the most commonly reported adverse events were those expected for a potent antiandrogen.,Premise
3194,AbstRCT_neoplasm_9643663,"in patients with M0 disease at entry, the data are still immature with only 13% of M0 patients having died.",Claim
3195,AbstRCT_neoplasm_9643663,An initial analysis of this immature data has suggested that the results in these patients may be different to those obtained in patients with M1 disease.,Claim
3196,AbstRCT_neoplasm_9643663,'Casodex' 150 mg is less effective than castration in patients with M1 disease.,Claim
3197,AbstRCT_neoplasm_9643663,'Casodex' has shown a benefit in terms of quality of life and subjective response when compared to castration and has an acceptable tolerability profile.,Claim
3198,AbstRCT_neoplasm_9643663,Thus 'Casodex' 150 mg monotherapy is an option for patients with M1 prostate cancer for whom surgical or medical castration is not indicated or is not acceptable.,MajorClaim
3199,AbstRCT_neoplasm_11346336,"Responses (> or = 50% improvement) were seen in 3 (20%) of 15 patients with an initial dose at 6.5 mg/m(2) per day (95% confidence interval [CI], 0%-40%), 15 (54%) of 28 patients at 300 mg/m(2) per day (95% CI, 35%-72%), and 10 (67%) of 15 patients at above 300 mg/m(2) per day (95% CI, 43%-91%).",Premise
3200,AbstRCT_neoplasm_11346336,"The rate of progressive disease was 47%, 21%, and 13% at the same dose levels, respectively.",Premise
3201,AbstRCT_neoplasm_11346336,Eight (73%) of 11 patients crossing over from 6.5 mg/m(2) per day to higher doses subsequently responded.,Premise
3202,AbstRCT_neoplasm_11346336,The median duration of response from start of therapy could not be estimated for the 15 patients at 300 mg/m(2) per day owing to low relapse rates in 2 patients (13%); at higher doses it was 516 days.,Premise
3203,AbstRCT_neoplasm_11346336,"The following drug-related adverse effects were reversible and treatable: hypertriglyceridemia (46 patients [79%]), hypercholesterolemia (28 patients [48%]), headache (27 patients [47%]), central hypothyroidism (23 patients [40%]), asthenia (21 patients [36%]), and leukopenia (16 patients [28%]).",Premise
3204,AbstRCT_neoplasm_11346336,"No cases of drug-related neutropenic fever, sepsis, or death occurred.",Premise
3205,AbstRCT_neoplasm_11346336,"Pancreatitis occurred in 3 patients with triglyceride levels higher than 14.69 mmol/L (1300 mg/dL), all of whom were taking 300 mg/m(2) or more of oral bexarotene per day.",Premise
3206,AbstRCT_neoplasm_11346336,Bexarotene (Targretin capsules) (the first retinoid X receptor-selective rexinoid) was well tolerated and effective as an oral treatment for 15 (54%) of 28 patients with refractory or persistent early-stage cutaneous T-cell lymphoma at doses of 300 mg/m(2) per day.,Claim
3207,AbstRCT_neoplasm_11346336,Hypertriglyceridemia and hypothyroidism require monitoring but are reversible and manageable with concomitant medication.,Claim
3208,AbstRCT_neoplasm_23632471,"Participants in the PPDI intervention demonstrated significant (P < .05) reductions in adverse dietary symptoms and significant improvements (P < .05) in functional status, performance status, dietary intake, adherence to dietary guidelines, dietary knowledge, and satisfaction with the intervention as compared with the control group over time.",Premise
3209,AbstRCT_neoplasm_23632471,The PPDI was an effective dietary intervention for patients undergoing a gastrectomy for gastric cancer and deserves additional study in other populations of patients.,Claim
3210,AbstRCT_neoplasm_23632471,Incorporating patients' perspectives into a dietary intervention after gastrectomy for gastric cancer may contribute to improved patient outcomes and quality care.,MajorClaim
3211,AbstRCT_neoplasm_17848814,Cancer-related fatigue is the most disabling symptom experienced by breast cancer patients following the cancer treatment.,Claim
3212,AbstRCT_neoplasm_17848814,The positive effects of physical activity in the rehabilitation of breast cancer patients are documented in several studies.,Premise
3213,AbstRCT_neoplasm_17848814,There was an improvement of muscle strength at the end of rehabilitation for both groups.,Premise
3214,AbstRCT_neoplasm_17848814,The increase from t1 to t2 was significantly higher for the training group.,Premise
3215,AbstRCT_neoplasm_17848814,"The scores for global quality of life, physical well-being, and functionality increased from t1 to t2,",Premise
3216,AbstRCT_neoplasm_17848814,but further improvement in the follow-up (t3) was only observed in the training group.,Premise
3217,AbstRCT_neoplasm_17848814,"The cancer-related fatigue was significantly reduced in the training group from t1 to t3, however, not in the control group.",Premise
3218,AbstRCT_neoplasm_17848814,Structured physical training programs initiated during inpatient rehabilitation and continuously practiced in the time thereafter can improve symptoms of chronic fatigue and quality of life in breast cancer patients.,Claim
3219,AbstRCT_neoplasm_24028441,LRH provided lower pain scores after 36 h of observation in this series.,Claim
3220,AbstRCT_neoplasm_24028441,The perioperative and serious postoperative complications ratios were comparable between the groups.,Claim
3221,AbstRCT_neoplasm_24028441,LRH group mean pain score was significantly lower than ARH after 36 h of observation (P = 0.044; mean difference score: 1.42; 95% CI: 0.04-2.80).,Premise
3222,AbstRCT_neoplasm_24028441,The relative risk of presenting with complications was 0.70; CI 95% (0.23-2.11); P = 0.694.,Premise
3223,AbstRCT_neoplasm_24028441,All of the transoperative complications occurred in the LRH group.,Premise
3224,AbstRCT_neoplasm_24028441,Four patients (25%) in the LRH group and 5 patients (36%) in the ARH group presented with transoperative or serious postoperative complications.,Premise
3225,AbstRCT_neoplasm_24028441,"the postoperative complications of (Campos LS, Limberger LF, Stein AT, Kalil AN) laparoscopic radical hysterectomy are similar to those in abdominal radical hysterectomy.",MajorClaim
3226,AbstRCT_neoplasm_23609927,"At week 4 postintervention, women in the intervention group had statistically significant improvement in their FACT-G score, FACT-G physical well-being subscale, LASA fatigue, POMS total score, POMS fatigue-inertia subscale, and POMS confusion-bewilderment subscale (p < 0.05).",Premise
3227,AbstRCT_neoplasm_23609927,Men receiving the intervention had a smaller decrease in FACT-G score compared to controls (p = 0.048) and also worsened on the LASA financial (p = 0.02).,Premise
3228,AbstRCT_neoplasm_23609927,"At week 27, the only gender difference was that intervention group men had more POMS anger-hostility (p = 0.009).",Premise
3229,AbstRCT_neoplasm_23609927,"By week 52, there were no statistically significant gender differences in any of the QOL measures.",Premise
3230,AbstRCT_neoplasm_23609927,"Gender-based differences appear to play a role in the early, but not late, response to a multidisciplinary intervention to improve QOL for patients with advanced cancer,",Claim
3231,AbstRCT_neoplasm_23609927,early interventions can be tailored for each gender.,Claim
3232,AbstRCT_neoplasm_12837811,"Patients treated with DC had a median survival of 11.3 v 10.1 months for VC-treated patients (P =.044; hazard ratio, 1.183 [97.2% confidence interval, 0.989 to 1.416]).",Premise
3233,AbstRCT_neoplasm_12837811,The 2-year survival rate was 21% for DC-treated patients and 14% for VC-treated patients.,Premise
3234,AbstRCT_neoplasm_12837811,Overall response rate was 31.6% for DC-treated patients v 24.5% for VC-treated patients (P =.029).,Premise
3235,AbstRCT_neoplasm_12837811,"Median survival (9.4 v 9.9 months [for VC]; P =.657; hazard ratio, 1.048 [97.2 confidence interval, 0.877 to 1.253]) and response (23.9%) with DCb were similar to those results for VC.",Premise
3236,AbstRCT_neoplasm_12837811,"Neutropenia, thrombocytopenia, infection, and febrile neutropenia were similar with all three regimens.",Premise
3237,AbstRCT_neoplasm_12837811,"Grade 3 to 4 anemia, nausea, and vomiting were more common (P <.01) with VC than with DC or DCb.",Premise
3238,AbstRCT_neoplasm_12837811,"Patients treated with either docetaxel regimen had consistently improved QoL compared with VC-treated patients, who experienced deterioration in QoL.",Premise
3239,AbstRCT_neoplasm_12837811,DC resulted in a more favorable overall response and survival rate than VC.,Claim
3240,AbstRCT_neoplasm_12837811,Both DC and DCb were better tolerated and provided patients with consistently improved QoL compared with VC.,Claim
3241,AbstRCT_neoplasm_12837811,These findings demonstrate that a docetaxel plus platinum combination is an effective treatment option with a favorable therapeutic index for first-line treatment of advanced or metastatic NSCLC.,Claim
3242,AbstRCT_neoplasm_23816967,More patients on afatinib (64%) versus chemotherapy (50%) experienced improvements in dyspnea scores (P = .010).,Premise
3243,AbstRCT_neoplasm_23816967,"Compared with chemotherapy, afatinib significantly delayed the time to deterioration for cough (hazard ratio [HR], 0.60; 95% CI, 0.41 to 0.87; P = .007) and dyspnea (HR, 0.68; 95% CI, 0.50 to 0.93; P = .015), but not pain (HR, 0.83; 95% CI, 0.62 to 1.10; P = .19).",Premise
3244,AbstRCT_neoplasm_23816967,Differences in mean scores over time significantly favored afatinib over chemotherapy for cough (P < .001) and dyspnea (P < .001).,Premise
3245,AbstRCT_neoplasm_23816967,"Afatinib showed significantly better mean scores over time in global health status/QoL (P = .015) and physical (P < .001), role (P = .004), and cognitive (P = .007) functioning compared with chemotherapy.",Premise
3246,AbstRCT_neoplasm_23816967,"Fatigue and nausea were worse with chemotherapy, whereas diarrhea, dysphagia, and sore mouth were worse with afatinib (all P < .01).",Premise
3247,AbstRCT_neoplasm_23816967,"In patients with lung adenocarcinoma with EGFR mutations, first-line afatinib was associated with better control of cough and dyspnea compared with chemotherapy, although diarrhea, dysphagia, and sore mouth were worse.",Claim
3248,AbstRCT_neoplasm_23816967,Global health status/QoL was also improved over time with afatinib compared with chemotherapy.,Claim
3249,AbstRCT_neoplasm_12915593,"In 389 eligible patients, the relative dose intensities (RDIs) of cyclophosphamide (median, 96.3% v 93.9%; P =.01) and doxorubicin (median, 95.4% v 93.3%; P =.04) were higher in patients treated with CHOP plus G-CSF.",Premise
3250,AbstRCT_neoplasm_12915593,"The complete response rates were 55% and 52% for CHOP and CHOP plus G-CSF, respectively (P =.63).",Premise
3251,AbstRCT_neoplasm_12915593,"The actuarial overall survival at 5 years was 22% with CHOP alone, compared with 24% with CHOP plus G-CSF (P =.76), with a median follow-up of 33 months.",Premise
3252,AbstRCT_neoplasm_12915593,"Patients treated with CHOP plus G-CSF had an identical incidence of infections, with World Health Organization grade 3 to 4 (34 of 1,191 cycles v 36 of 1,195 cycles).",Premise
3253,AbstRCT_neoplasm_12915593,"Only the cumulative days with antibiotics were fewer with CHOP plus G-CSF (median, 0 v 6 days; P =.006) than with CHOP alone.",Premise
3254,AbstRCT_neoplasm_12915593,The number of hospital admissions and the number of days in hospital were not different.,Premise
3255,AbstRCT_neoplasm_12915593,"In elderly patients, G-CSF improved the RDI of CHOP,",Claim
3256,AbstRCT_neoplasm_12915593,but this did not lead to a higher complete response rate or better overall survival.,Premise
3257,AbstRCT_neoplasm_12915593,G-CSF did not prevent serious infections.,Claim
3258,AbstRCT_neoplasm_20679600,"Arm symptoms were significantly more bothersome for SNAD compared with SNR patients at 6 months (mean, 4.8 v 3.0; P < .001) and at 12 months (3.6 v 2.5; P = .006).",Premise
3259,AbstRCT_neoplasm_20679600,"Longitudinally, SNAD patients were more likely to experience ipsilateral arm and breast symptoms, restricted work and social activity, and impaired QOL (P < or = .002 all items).",Premise
3260,AbstRCT_neoplasm_20679600,"From 12 to 36 months, fewer than 15% of either SNAD or SNR patients reported moderate or greater severity of any given symptom or activity limitation.",Premise
3261,AbstRCT_neoplasm_20679600,Arm morbidity was greater with SNAD than with SNR.,Claim
3262,AbstRCT_neoplasm_20679600,this study demonstrates that initial problems with either surgery resolve over time.,Claim
3263,AbstRCT_neoplasm_24040301,"Postcancer fatigue is a frequently occurring problem, impairing quality of life.",MajorClaim
3264,AbstRCT_neoplasm_24040301,"This may suggest that, although postcancer fatigue and chronic fatigue syndrome show strong resemblances as a clinical syndrome, the underlying physiology is different.",Claim
3265,AbstRCT_neoplasm_24040301,Change scores of volumetric and metabolic parameters from baseline to follow-up were not significantly different between patients in the therapy and the waiting list group.,Premise
3266,AbstRCT_neoplasm_24040301,Patients in the therapy group reported a significant larger decrease in fatigue scores than patients in the waiting list group.,Premise
3267,AbstRCT_neoplasm_24040301,No relation was found between postcancer fatigue and the studied volumetric and metabolic markers.,Premise
3268,AbstRCT_neoplasm_16446330,"Patients in the TC arm showed better means scores after treatment on overall QoL (P = .012), physical functioning (P = .012), role functioning (P = .005), and cognitive functioning (P = .024), compared with the PT arm.",Premise
3269,AbstRCT_neoplasm_16446330,"Concerning symptom experience, patients undergoing TC showed less nausea and vomiting (P < .001), less appetite loss (P < .001), and less fatigue (P = .033) after completion of treatment compared with patients undergoing PT.",Premise
3270,AbstRCT_neoplasm_16446330,The TC regimen achieved better QoL outcomes compared with the PT regimen.,Claim
3271,AbstRCT_neoplasm_16446330,"Thus, clinicians may consider replacing cisplatin with carboplatin when treating ovarian cancer patients with chemotherapy.",Claim
3272,AbstRCT_neoplasm_18457329,"On the basis of intention-to-treat analyses, PRET was superior to TP for improving shoulder pain and disability (-9.6; 95% confidence interval [95% CI], -16.4 to -4.5; P = .001), upper extremity strength (+10.8 kg; 95% CI, 5.4-16.2 kg; P < .001), and upper extremity endurance (+194 repetitions x kg; 95% CI, 10-378 repetitions x kg; P = .039).",Premise
3273,AbstRCT_neoplasm_18457329,"Changes in neck dissection impairment, fatigue, and quality of life favored the PRET group",Premise
3274,AbstRCT_neoplasm_18457329,but did not reach statistical significance.,Premise
3275,AbstRCT_neoplasm_18457329,Clinicians should consider the addition of PRET in the rehabilitation of postsurgical head and neck cancer survivors.,Claim
3276,AbstRCT_neoplasm_18457329,The PRET program significantly reduced shoulder pain and disability and improved upper extremity muscular strength and endurance in head and neck cancer survivors who had shoulder dysfunction because of spinal accessory nerve damage.,Premise
3277,AbstRCT_neoplasm_9626213,"Hematologic toxicity was significantly more severe in arm A (leukopenia, neutropenia, and thrombocytopenia grade 3 or 4: 66% v 19%, 83% v 55%, 36% v 2% in arms A and B, respectively), which resulted in more febrile neutropenia (27% v 3% in arms A and B, respectively), dose reductions, and treatment delays.",Premise
3278,AbstRCT_neoplasm_9626213,"There were a total of nine toxic deaths, six due to neutropenic sepsis: five in arm A and one in arm B.",Premise
3279,AbstRCT_neoplasm_9626213,"In contrast, arthralgia/myalgia (grade 2 or 3, 4% v 17%), peripheral neurotoxicity (grade 2 or 3, 6% v 29%), and hypersensitivity reactions (1% v 7%, all grades) were significantly more frequent in arm B.",Premise
3280,AbstRCT_neoplasm_9626213,The frequency and severity of other toxicities were comparable between the two arms.,Claim
3281,AbstRCT_neoplasm_9626213,Responses were one complete and 44 partial on arm A (28%) and two complete and 61 partial (41%) on arm B (P = .018).,Premise
3282,AbstRCT_neoplasm_9626213,"There was no significant difference in survival, with median and 1-year survivals 9.9 versus 9.7 months and 41% versus 43%, respectively in arm A and B.",Premise
3283,AbstRCT_neoplasm_9626213,"Progression-free survival was 4.9 and 5.4 months in arm A and B, respectively.",Premise
3284,AbstRCT_neoplasm_9626213,"Arm B achieved a better score at week 6 for emotional, cognitive and social functioning, global health status, fatigue, and appetite loss, which was lost at 12 weeks.",Premise
3285,AbstRCT_neoplasm_9626213,"In conclusion, arm B appears superior to arm A with regard to response rate, side effects, and QoL.",Claim
3286,AbstRCT_neoplasm_9626213,"Although survival was not improved,",Claim
3287,AbstRCT_neoplasm_9626213,arm B offers a better palliation for advanced NSCLC patients than arm A.,Claim
3288,AbstRCT_neoplasm_10403690,combination chemotherapy improves the quality of life as well as prolonging the survival of patients with advanced NSCLC.,Claim
3289,AbstRCT_neoplasm_10403690,Partial response rates were 40 and 41.7% in IEP and MVP arms.,Premise
3290,AbstRCT_neoplasm_10403690,"Median survival durations were 5.9 and 8.1 months for the IEP and MVP chemotherapy arms, and 4.1 months for BSC (log-rank test: P = 0.0003).",Premise
3291,AbstRCT_neoplasm_10403690,"One year survival was 13, 29.8 and 39.3% for the BSC, IEP and MVP regimens, respectively.",Premise
3292,AbstRCT_neoplasm_10403690,"Two years survival was 7.8, 6.4 and 13.1% for the BSC, IEP and MVP regimens, respectively.",Premise
3293,AbstRCT_neoplasm_10403690,"Improvement in quality of life (QOL) scores at the first, second and third interview were seen in chemotherapy arms only, not in the BSC arm.",Premise
3294,AbstRCT_neoplasm_24019545,"PFS was longer with tivozanib than with sorafenib in the overall population (median, 11.9 v 9.1 months; hazard ratio [HR], 0.797; 95% CI, 0.639 to 0.993; P = .042).",Premise
3295,AbstRCT_neoplasm_24019545,"The final overall survival (OS) analysis showed a trend toward longer survival on the sorafenib arm than on the tivozanib arm (median, 29.3 v 28.8 months; HR, 1.245; 95% CI, 0.954 to 1.624; P = .105).",Premise
3296,AbstRCT_neoplasm_24019545,Adverse events (AEs) more common with tivozanib than with sorafenib were hypertension (44% v 34%) and dysphonia (21% v 5%).,Premise
3297,AbstRCT_neoplasm_24019545,AEs more common with sorafenib than with tivozanib were hand-foot skin reaction (54% v 14%) and diarrhea (33% v 23%).,Premise
3298,AbstRCT_neoplasm_24019545,"Tivozanib demonstrated improved PFS, but not OS, and a differentiated safety profile, compared with sorafenib, as initial targeted therapy for metastatic RCC.",Claim
3299,AbstRCT_neoplasm_24019545,"Tivozanib is a potent and selective tyrosine kinase inhibitor of vascular endothelial growth factor receptor 1 (VEGFR1), -2, and -3.",MajorClaim
3300,AbstRCT_glaucoma_21423036,The mean IOP was significantly lower after 1 year in both the groups (P<0.001).,Premise
3301,AbstRCT_glaucoma_21423036,"The mean IOP in the first month of follow-up was lower in the study group (control; 20.4±9.7, study; 13.6±6.5, P<0.01).",Premise
3302,AbstRCT_glaucoma_21423036,The success rate at 1 year was 78% for the study group and 76% for the control group (P=0.82).,Premise
3303,AbstRCT_glaucoma_21423036,Intravitreal injection of triamcinolone acetonide in neovascular glaucoma did not affect the intermediate-term success of the silicone Ahmed valve nor reduce the incidence of complications.,Claim
3304,AbstRCT_glaucoma_21423036,The mean IOP spike in the first month was lower in the triamcinolone group.,Premise
3305,AbstRCT_glaucoma_21423036,Complication rates were not different between the groups.,Premise
3306,AbstRCT_glaucoma_15741820,"At month 6, the adjusted mean (+/- SEM) diurnal IOP reduction was 5.7 +/- 0.3 mm Hg in the latanoprost group and 3.1 +/- 0.3 mm Hg in patients receiving brimonidine (P < 0.001).",Premise
3307,AbstRCT_glaucoma_15741820,"The mean difference in diurnal IOP reduction was 2.5 +/- 0.3 mm Hg (95% CI: 1.9, 3.2; P < 0.001).",Premise
3308,AbstRCT_glaucoma_15741820,Five times more patients receiving brimonidine than latanoprost were withdrawn from the study due to adverse events.,Premise
3309,AbstRCT_glaucoma_15741820,Latanoprost instilled once daily is more effective and better tolerated than brimonidine administered twice daily for the treatment of patients with glaucoma or ocular hypertension.,Claim
3310,AbstRCT_glaucoma_15741820,"During therapy, the range of daily fluctuation of IOP is less for latanoprost compared with brimonidine.",Claim
3311,AbstRCT_glaucoma_23429621,Both drops provided effective IOP reduction that was greater,Claim
3312,AbstRCT_glaucoma_23429621,patients were more likely to achieve lower target pressures with BTFC than with TTFC.,Claim
3313,AbstRCT_glaucoma_23429621,Both drops provided statistically significant IOP reductions from baseline at all visits (P<0.001).,Premise
3314,AbstRCT_glaucoma_23429621,BTFC provided greater significant mean IOP reductions from baseline than TTFC at each visit (P<0.001).,Premise
3315,AbstRCT_glaucoma_23429621,"Mean IOP reductions were 11.34 and 6.42 mm Hg at 2 weeks (P=0.000), and 11.17 and 7.89 mmHg at 6 months (P=0.001) for BTFC and TTFC, respectively.",Premise
3316,AbstRCT_glaucoma_23429621,"IOPs at 2 weeks were 18 mm Hg in 36 (90.8%) versus 22 (55%) eyes and 16 mm Hg in 28 (70%) versus 16 (40%) eyes (P<0.001), and at 6 months, 18 mm Hg in 38 (95%) versus 28 (70%) eyes and 16 mm Hg in 30 (75%) versus 18 (45%) eyes for BTFC and TTFC, respectively (P<0.001).",Premise
3317,AbstRCT_glaucoma_18826749,"The mean IOP in the first period when all patients were dosed in the evening was assessed 12 h after dosing at 09:00 and it was similar in the two treatment groups (mean +/- standard deviation: 17.9 +/- 2.7 mmHg for travoprost versus 17.7 +/- 2.5 mmHg for latanoprost, p = 0.812).",Premise
3318,AbstRCT_glaucoma_18826749,"In the a.m.-dosing crossover comparison, the 24-h post-dose IOP was significantly lower ( p < 0.001) on travoprost (16.9 +/- 3.1 mmHg) compared to latanoprost (18.6 +/- 3.3 mmHg).",Premise
3319,AbstRCT_glaucoma_18826749,a.m.-dosed travoprost is superior to a.m.-dosed latanoprost by 1.7 mmHg at 24-h post-dose.,Claim
3320,AbstRCT_glaucoma_11158796,Latanoprost administered once daily was significantly more effective in reducing IOP compared with unoprostone administered twice daily in patients with POAG and OH.,Claim
3321,AbstRCT_glaucoma_11158796,"From an overall baseline of 24.1 mmHg, latanoprost reduced IOP by 6.7 mmHg (28%) and unoprostone reduced IOP by 3.3 mmHg (14%).",Premise
3322,AbstRCT_glaucoma_11158796,"The difference between the groups of 3.4 mmHg was significant (P: < 0.001, analysis of covariance; 95% confidence interval [CI]: -4.7 to -2.1) in favor of latanoprost.",Premise
3323,AbstRCT_glaucoma_11158796,A >/=30% reduction in mean IOP from baseline was achieved by 44% of latanoprost-treated patients compared with 8% of unoprostone-treated patients.,Premise
3324,AbstRCT_glaucoma_8628544,"Pulse rate was significantly reduced with timolol, but not with latanoprost.",Premise
3325,AbstRCT_glaucoma_8628544,Slightly more conjunctival hyperemia appeared in latanoprost-treated compared with timolol-treated eyes.,Premise
3326,AbstRCT_glaucoma_8628544,Fewer subjective side effects occurred in latanoprost-treated eyes.,Claim
3327,AbstRCT_glaucoma_8628544,"no significant difference between treatment groups occurred visual acuity, slit-lamp examination, blood pressure, and laboratory values.",Claim
3328,AbstRCT_glaucoma_8628544,Latanoprost has the potential for becoming a new first-line treatment for glaucoma.,MajorClaim
3329,AbstRCT_glaucoma_8628544,Intraocular pressure (IOP) was significantly (P<0.001) reduced and maintained by both medications without evidence of a long-term drift over 6 months.,Premise
3330,AbstRCT_glaucoma_8628544,"Comparing 6-month with baseline diurnal IOP values, the IOP reduction (mean +/- standard deviation) achieved with latanoprost (-6.7 +/- 3.4 mmHg) was significantly (P<0.001) greater than that produced with timolol (4.9 +/- 2.9 mmHg).",Premise
3331,AbstRCT_glaucoma_8628544,"Both eyes of a patient with a characteristic, concentric iris heterochromia (darker centrally) at baseline showed a definite, photographically documented increase in pigmentation during latanoprost treatment, making the irides uniformly darker.",Premise
3332,AbstRCT_glaucoma_20092592,The mean baseline intraocular pressure was 23.8 +/- 12.6 mmHg in the study group and 25.9 +/- 10.6 mmHg in the control group (P = 0.513).,Premise
3333,AbstRCT_glaucoma_20092592,"There was no statistically significant difference in the mean values of Schirmer's tear test 1 and the level of conjunctival hyperaemia between the two groups at baseline, months 1 and 6 post surgery.",Premise
3334,AbstRCT_glaucoma_20092592,"The treatment group had a statistically significant decrease in ocular surface disease index score at 6 months (P = 0.003), indicating less severity of dry eye symptoms and significant reduction in ocular pain.",Premise
3335,AbstRCT_glaucoma_20092592,"Topical cyclosporine 0.05% had no effect on postoperative bleb function and intraocular pressure following trabeculectomy, but improved subjective ocular surface symptoms in these patients.",Claim
3336,AbstRCT_glaucoma_20092592,"Mean intraocular pressure at postoperative month 6 was 14.88 +/- 6.2 and 14.62 +/- 5.46 mmHg in the study group and control group, respectively (P = 0.837).",Premise
3337,AbstRCT_glaucoma_19860553,"The mean IOP levels of latanoprost/timolol (13.83, SD = 2.54) was significantly lower than of bimatoprost (16.16, SD = 3.28; P < 0.0001) at week 8.",Premise
3338,AbstRCT_glaucoma_19860553,"the change in mean IOP values was significantly higher in the latanoprost/timolol group at 10:00 am (P = 0.013) and 12:00 pm (P = 0.01), but not at 8:00 am (P = ns).",Premise
3339,AbstRCT_glaucoma_19860553,there was a significant decrease in mean heart rate in the latanoprost/timolol group,Premise
3340,AbstRCT_glaucoma_19860553,no significant changes in blood pressure and lung spirometry were observed in either groups.,Premise
3341,AbstRCT_glaucoma_19860553,The fixed combination of latanoprost/timolol was significantly superior to bimatoprost alone in reducing IOP in patients with POAG or OHT.,Claim
3342,AbstRCT_glaucoma_19860553,"Further studies with large sample sizes should be taken to support the superior efficacy of latanoprost/timolol, as well as to better assess its profile of side effects.",Claim
3343,AbstRCT_glaucoma_20142538,"Diurnal IOP reductions of 30% or more from baseline to week 12 were achieved by 73.5%, 57.5%, and 32.8% of those treated with FCLT, latanoprost, and timolol, respectively (P = .007 for FCLT vs timolol; P < .001 for FCLT vs latanoprost).",Premise
3344,AbstRCT_glaucoma_20142538,FCLT was associated with greater percentage reductions in diurnal IOP levels and a greater likelihood of achieving lower mean diurnal IOP levels.,Premise
3345,AbstRCT_glaucoma_20142538,FCLT was statistically superior to latanoprost at 7 of 9 time points and at all 9 time points when compared with timolol.,Premise
3346,AbstRCT_glaucoma_20142538,Fixed-combination latanoprost-timolol therapy is as safe and effective in lowering IOP in patients with either ocular hypertension or glaucoma as monotherapy with latanoprost or timolol.,Claim
3347,AbstRCT_glaucoma_20142538,Combination therapy can be used to treat patients for whom monotherapy does not provide sufficient IOP reduction.,MajorClaim
3348,AbstRCT_glaucoma_20142538,"The simplicity, efficacy, and tolerability of FCLT contribute to its utility in clinical practice.",MajorClaim
3349,AbstRCT_glaucoma_20142538,All therapies were well tolerated.,Claim
3350,AbstRCT_glaucoma_18402717,Adjunctive use of brimonidine purite provided greater IOP lowering than brinzolamide at 10 a.m. (p < 0.001) and 4 p.m. (p = 0.050) and equivalent IOP lowering to brinzolamide at 8 a.m. (p = 0.716).,Premise
3351,AbstRCT_glaucoma_18402717,"Baseline mean diurnal IOP (+/- standard deviation, mmHg) on latanoprost was comparable between groups (brimonidine purite: 19.6 +/- 2.94; brinzolamide: 19.8 +/- 3.25; p = 0.846).",Premise
3352,AbstRCT_glaucoma_18402717,Blurred vision at Month 1 and bitter taste at Months 1 and 3 were more common upon instillation of brinzolamide eye drops.,Premise
3353,AbstRCT_glaucoma_18402717,Brimonidine purite 0.1% provided significantly lower IOP compared with brinzolamide 1% when used as adjunctive therapy to latanoprost.,Claim
3354,AbstRCT_glaucoma_18402717,Both adjunctive therapies were well tolerated.,Claim
3355,AbstRCT_glaucoma_18402717,Limitations of this study include the use of a single site and the sample size.,Premise
3356,AbstRCT_glaucoma_18402717,Additional studies are needed to further evaluate these drugs as adjunctive therapy to prostaglandin analogs.,Claim
3357,AbstRCT_glaucoma_18402717,Mean diurnal IOP at Month 3 was 16.3 +/- 2.63 mmHg with brimonidine purite and 17.8 +/- 2.19 mmHg with brinzolamide (p = 0.028).,Premise
3358,AbstRCT_glaucoma_21034177,Bimatoprost provided greater (nonsignificant) mean IOP reductions from baseline than travoprost at each visit.,Claim
3359,AbstRCT_glaucoma_21034177,"Mean IOP reduction was 8.77 mm Hg (33.39%) and 8.42 mm Hg (31.54%) at 2 weeks (P = 0.703), and 8.47 mm Hg (31.61%) and 7.84 mm Hg (29.50%) at 6 months (P = 0.536) for bimatoprost and travoprost, respectively.",Premise
3360,AbstRCT_glaucoma_21034177,"IOPs at 2 weeks were 18 mm Hg in 20 (58.8%) versus 19 (50%) eyes (P = 0.603), and 16 mm Hg in 12 (35%) versus 12 (32%) eyes (P = 0.456); and at 6 months 18 mm Hg in 22 (65%) versus 14 (37%) eyes (P = 0.045), and 16 mm Hg in 12 (35%) versus 7 (18%) eyes (P = 0.037) for bimatoprost and travoprost, respectively.",Premise
3361,AbstRCT_glaucoma_21034177,Ocular adverse and clinical success occurred equally with both drops.,Claim
3362,AbstRCT_glaucoma_21034177,Both drops lowered IOP effectively,Claim
3363,AbstRCT_glaucoma_21034177,but bimatoprost showed a greater non-significant reductions in mean IOP from baseline.,Claim
3364,AbstRCT_glaucoma_21034177,Both drops provided statistically significant IOP reductions from baseline at all visits (P<0.001).,Premise
3365,AbstRCT_glaucoma_19427617,Both treatments resulted in significant reductions in mean intervisit IOP range during 26 weeks.,Claim
3366,AbstRCT_glaucoma_19427617,"After treatment, 6% (19/313) and 11% (35/318) of patients in the latanoprost and timolol groups, respectively, had high intervisit IOP ranges (P = .026).",Premise
3367,AbstRCT_glaucoma_19427617,"Significant risk factors for high posttreatment intervisit range (multivariate logistic regression) were high pretreatment intervisit IOP range, treatment with timolol, Black race, longer time since diagnosis, and higher mean pretreatment IOP.",Premise
3368,AbstRCT_glaucoma_19427617,"Compared with timolol, treatment with latanoprost results in significantly fewer patients with a high IOP fluctuation.",Claim
3369,AbstRCT_glaucoma_9230823,Brimonidine-treated subjects showed an overall mean peak reduction in intraocular pressure (IOP) of 6.5 mm Hg; timolol-treated subjects had a mean peak reduction in IOP of 6.1 mm Hg.,Premise
3370,AbstRCT_glaucoma_9230823,Brimonidine lowered mean peak IOP significantly more than timolol at week 2 and month 3 (P < .03),Premise
3371,AbstRCT_glaucoma_9230823,No evidence of tachyphylaxis was seen in either group.,Premise
3372,AbstRCT_glaucoma_9230823,Allergy was seen in 9% of subjects treated with brimonidine.,Premise
3373,AbstRCT_glaucoma_9230823,"Dry mouth was more common in the brimonidine-treated group than in the timolol-treated group (33.0% vs 19.4%),",Premise
3374,AbstRCT_glaucoma_9230823,"Headache, fatigue, and drowsiness were similar in the 2 groups.",Premise
3375,AbstRCT_glaucoma_9230823,Brimonidine is safe and effective in lowering IOP in glaucomatous eyes.,Claim
3376,AbstRCT_glaucoma_9230823,"Brimonidine provides a sustained long-term ocular hypotensive effect, is well tolerated, and has a low rate of allergic response.",Claim
3377,AbstRCT_glaucoma_9230823,complaints of burning and stinging were more common in the timolol-treated group (41.9%) than in the brimonidine-treated patients (28.1%).,Premise
3378,AbstRCT_glaucoma_11813932,Significantly more patients achieved clinical success with brimonidine monotherapy than with latanoprost monotherapy.,Claim
3379,AbstRCT_glaucoma_11813932,"After 3 months of treatment, 80% of patients in the brimonidine group and 74% of patients in the latanoprost group had achieved > or = 20% reduction in IOP from baseline.",Premise
3380,AbstRCT_glaucoma_11813932,"The mean reduction in IOP from baseline at month 3 was 6.8 mm Hg with brimonidine and 6.5 mm Hg with latanoprost (27.8% vs 27.0%, respectively).",Premise
3381,AbstRCT_glaucoma_11813932,"Among treatment-naive patients, a significantly higher percentage of brimonidine-treated patients achieved > or = 20% decrease in IOP compared with latanoprost-treated patients (88% vs 59%, respectively; P = 0.01).",Premise
3382,AbstRCT_glaucoma_11813932,"In previously treated patients, a higher percentage of the latanoprost group achieved > or = 20% reduction in IOP compared with the brimonidine group (88% vs 74%, respectively);",Premise
3383,AbstRCT_glaucoma_11813932,Significantly more patients in the brimonidine group achieved clinical success at month 3 compared with patients in the latanoprost group (91% vs 74%; P = 0.01).,Premise
3384,AbstRCT_glaucoma_11813932,"At peak effect, brimonidine twice daily was as effective as latanoprost once daily in lowering IOP.",Premise
3385,AbstRCT_glaucoma_11813932,"In treatment-naive patients, latanoprost was associated with a significantly higher rate of nonresponse after 3 months of treatment compared with brimonidine.",Premise
3386,AbstRCT_glaucoma_11813932,This suggests that brimonidine may be the more reliable choice for first-line therapy of newly diagnosed open-angle glaucoma or ocular hypertension.,Claim
3387,AbstRCT_glaucoma_11813932,"In previously treated patients, however, latanoprost provided greater mean IOP reduction than did brimonidine.",Premise
3388,AbstRCT_glaucoma_11813932,"however, the difference was not statistically significant.",Premise
3389,AbstRCT_glaucoma_21141017,The postoperative percentage of IOP reduction (Group A 68.9%; Group B 66.51%) was statically significant in both the groups (p=0.001).,Premise
3390,AbstRCT_glaucoma_21141017,"Trabeculectomy was almost equally effective with complete surgical success of 91% in group A, and 82% in group B (p=0.534).",Premise
3391,AbstRCT_glaucoma_21141017,Final bleb scores were almost similar in both the groups with 3.27 +/- 1.5 in group A and 3.36 +/- 1.21 in group B (p=0.877).,Premise
3392,AbstRCT_glaucoma_21141017,Hypotony with the IOP less than 6 mmHg was found in the first post-operative day in 2 patients in Group A and in 1 in Group B.,Premise
3393,AbstRCT_glaucoma_21141017,"both triangular and rectangular scleral flaps in trabeculectomy are equally effective in terms of post surgical IOP control, bleb characteristics and complications.",Claim
3394,AbstRCT_glaucoma_15037889,Percentage of IOP reduction or the magnitude of IOP reduction showed no intergroup differences either at any time point (13-15%).,Premise
3395,AbstRCT_glaucoma_15037889,"In the visual field, the estimated rate of change in the MD value (dB/year) was -0.34+/-0.17 (SE) for the latanoprost group, and -0.10+/-0.18 (SE) for the timolol group.",Premise
3396,AbstRCT_glaucoma_15037889,"The estimated rate of change in MD showed no significant difference from zero in both groups, and there were no statistical intergroup differences.",Premise
3397,AbstRCT_glaucoma_15037889,No changes in the optic nerve head topography in the vertical cup-to-disc ratio and rim area measured by image-analysis techniques were observed in either group.,Premise
3398,AbstRCT_glaucoma_15037889,There were no patients who dropped out due to the side effects of treatment regimens.,Premise
3399,AbstRCT_glaucoma_15037889,Both latanoprost and timolol single treatments reduced IOP by 13-15% at their trough effects for 3 years in Japanese NTG patients,Claim
3400,AbstRCT_glaucoma_15037889,both showed similar effects on visual field performance.,Claim
3401,AbstRCT_glaucoma_21257146,Low-pressure glaucoma patients treated with brimonidine 0.2% who do not develop ocular allergy are less likely to have field progression than patients treated with timolol 0.5%.,Claim
3402,AbstRCT_glaucoma_21257146,"Statistically fewer brimonidine-treated patients (9, 9.1%) had visual field progression by pointwise linear regression than timolol-treated patients (31, 39.2%, log-rank 12.4, P=.001).",Premise
3403,AbstRCT_glaucoma_21257146,Mean treated IOP was similar for brimonidine- and timolol-treated patients at all time points.,Premise
3404,AbstRCT_glaucoma_21257146,"More brimonidine-treated (28, 28.3%) than timolol-treated (9, 11.4%) patients discontinued study participation because of drug-related adverse events (P=.008).",Premise
3405,AbstRCT_glaucoma_21257146,Similar differences in progression were observed when analyzed by GCPM and the 3-omitting method.,Claim
3406,AbstRCT_glaucoma_11124286,"Mean (+/-SD) preoperative and 1-year postoperative intraocular pressures in the 5-fluorouracil group were 26.9 (+/-9.5) and 15.3 (+/-5.8) mm Hg, respectively.",Premise
3407,AbstRCT_glaucoma_11124286,"In the control group these were 25.9 (+/-8.1) mm Hg, and 15.8 (+/-5.1) mm Hg, respectively.",Premise
3408,AbstRCT_glaucoma_11124286,The patients who received 5-fluorouracil had a mean reduction in intraocular pressure of 11.5 (+/-9.1) mm Hg at a median follow-up of 52.3 weeks.,Premise
3409,AbstRCT_glaucoma_11124286,The control group had a mean reduction in intraocular pressure of 10.2 (+/-8.7) mm Hg at a median follow-up of 52.6 weeks.,Premise
3410,AbstRCT_glaucoma_11124286,Three postoperative subconjunctival 5-fluorouracil injections of 5 mg each after trabeculectomy in eyes at low risk for failure had no statistically or clinically significant effect on reduction of intraocular pressure with 1-year follow-up.,Premise
3411,AbstRCT_glaucoma_11124286,Enhancement of success in this group of patients may require a larger total dose of 5-fluorouracil.,Claim
3412,AbstRCT_glaucoma_11124286,These differences were not statistically significant.,Premise
3413,AbstRCT_glaucoma_23203707,"Preservative-free latanoprost has the same efficacy as BPL, with improved local tolerance.",Claim
3414,AbstRCT_glaucoma_23203707,"Upon instillation, the global subjective ocular symptom score was significantly lower on T2345 than BPL on D42 (0.15 vs 0.41; p=0.001) and D84 (0.18 vs 0.46; p=0.001).",Premise
3415,AbstRCT_glaucoma_23203707,Moderate to severe conjunctival hyperaemia was less frequent on T2345 than on BPL at D42 (20.2% vs 30.6%; p=0.003) and D84 (21.4% vs 29.1%; p=0.02).,Premise
3416,AbstRCT_glaucoma_23203707,"The most frequent ocular adverse event, drug intolerance, was reported in 1 (0.5%) patient on T2345 versus 4 (2.1%) patients on BPL.",Premise
3417,AbstRCT_glaucoma_23203707,"Mean IOP reduction (D0-D84) was -8.6 ±2.6 mm Hg (-36%) on T2345 and -9.0 ±2.4 mm Hg (-38%) on BPL, confirming non-inferiority of T2345 to BPL.",Premise
3418,AbstRCT_glaucoma_21491994,There was no significant difference between the 2 study groups regarding the baseline characteristics and the baseline IOP (P=0.628).,Premise
3419,AbstRCT_glaucoma_21491994,Patients who received placebo as premedication had significantly higher IOP at 6 (17.96±5.49 vs 13.61±4.09; P<0.001) and 12 (16.90±4.11 vs 13.96±3.25; P=0.003) h postoperatively compared with those who received oral clonidine.,Premise
3420,AbstRCT_glaucoma_21491994,there was no significant difference between the 2 groups regarding the IOP at 24h after operation (15.41±3.96 vs 16.01±3.41; P=0.0539).,Premise
3421,AbstRCT_glaucoma_21491994,The prevalence of acute IOP rise (>21 mmHg) was significantly higher in placebo group compared with clonidine group (25.8% vs 9.6%; P=0.091).,Premise
3422,AbstRCT_glaucoma_21491994,"Administering preoperative oral clonidine in a dosage of 5g/kg, 2h before phacoemulsification, significantly decreases the prevalence and intensity of acute postoperative IOP rise in those undergoing general anesthesia.",Claim
3423,AbstRCT_glaucoma_21491994,"Oral clonidine is safe, cheap, and easily accessible and, thus, it is recommended for controlling the IOP after phacoemulsification, especially in high-risk patients.",Claim
3424,AbstRCT_glaucoma_15234141,"Both Baerveldt and Ahmed glaucoma drainage implants performed well in terms of IOP control, preservation of visual function, and having low complication rates.",Claim
3425,AbstRCT_glaucoma_15234141,"Both drainage implants achieved remarkable reductions in IOP; from pretreatment IOP of 40.1+/-13.8 mmHg and 43.7+/-9.3 mmHg to postoperative IOP of 17.4+/-6.2 and 14.9+/-5.5 mmHg in the Baerveldt and Ahmed groups, respectively.",Premise
3426,AbstRCT_glaucoma_15234141,A decrease in IOP of 56.6% and 65.9% had been achieved.,Premise
3427,AbstRCT_glaucoma_15234141,"Success rates were 20 (83.3%) for Baerveldt and 12 (66.7%) for Ahmed implants, whereas qualified success occurred in 1 (4.2%) Baerveldt and 3 (16.7%) Ahmed implants.",Premise
3428,AbstRCT_glaucoma_15234141,"Conversely, failure to control IOP occurred in 3 (12.5%) Baerveldt implants and 3 (16.7%) Ahmed implants.",Premise
3429,AbstRCT_glaucoma_15234141,"More than 80% of the patients had maintained or improved visual function, whereas only 4 (16.0%) of the patients with Baerveldt implants and 2 (16.7%) patients with Ahmed implants had loss of more than 1 Snellen line.",Premise
3430,AbstRCT_glaucoma_22835512,The current results and large number of drop-outs in the brimonidine 0.2% arm suggest that more research is necessary before altering clinical practice paradigms.,Claim
3431,AbstRCT_glaucoma_22835512,This suggests that the beneficial effect of randomization to the brimonidine arm was independent of possible differences in ocular perfusion pressures between the 2 treatment arms.,Claim
3432,AbstRCT_glaucoma_22835512,"Eyes randomized to timolol progressed faster than those randomized to brimonidine (mean rates of progression, -0.38  0.9 vs 0.02  0.7 dB/y, P < .01).",Premise
3433,AbstRCT_glaucoma_22835512,"randomization to brimonidine revealed a protective effect (HR = 0.26, 95% CI = 0.12 to 0.55, P < .001).",Premise
3434,AbstRCT_glaucoma_22835512,"randomization to brimonidine 0.2% was protective compared to timolol 0.5%,",Premise
3435,AbstRCT_glaucoma_22835512,ower mean ocular perfusion pressure increased the risk for reaching a progression outcome in the Low-pressure Glaucoma Treatment Study.,Premise
3436,AbstRCT_glaucoma_22835512,"older age (hazard ratio [HR] = 1.41/decade older, 95% confidence interval [CI] = 1.05 to 1.90, P = .022), use of systemic antihypertensives (HR = 2.53, 95% CI = 1.32 to 4.87, P = .005), and mean ocular perfusion pressure (HR = 1.21/mm Hg lower, 95% CI = 1.12 to 1.31, P < .001) were associated with progression",Premise
3437,AbstRCT_glaucoma_10080213,"Compared with baseline measurements, both latanoprost and timolol caused a significant (P < 0.001) reduction of IOP at each hour of diurnal curve throughout the duration of therapy.",Premise
3438,AbstRCT_glaucoma_10080213,"Reduction of IOP was 6.0 +/- 4.5 and 5.9 +/- 4.6 with latanoprost and 4.8 +/- 3.0 and 4.6 +/- 3.1 with timolol after 6 and 12 months, respectively.",Premise
3439,AbstRCT_glaucoma_10080213,"Comparison of mean diurnal measurements with latanoprost and timolol showed a statistical significant (P < 0.001) difference at 3, 6, and 12 months.",Premise
3440,AbstRCT_glaucoma_10080213,Mean C was found to be significantly enhanced (+30%) only in the latanoprost-treated group compared with the baseline (P = 0.017).,Premise
3441,AbstRCT_glaucoma_10080213,Mean conjunctival hyperemia was graded at 0.3 in latanoprost-treated eyes and 0.2 in timolol-treated eyes.,Premise
3442,AbstRCT_glaucoma_10080213,A remarkable change in iris color was observed in both eyes of 1 of the 18 patients treated with latanoprost and none of the 18 patients who received timolol.,Premise
3443,AbstRCT_glaucoma_10080213,"In the timolol group, heart rate was significantly reduced from 72 +/- 9 at baseline to 67 +/- 10 beats per minute at 12 months.",Premise
3444,AbstRCT_glaucoma_10080213,"in patients with pigmentary glaucoma, 0.005% latanoprost taken once daily was well tolerated and more effective in reducing IOP than 0.5% timolol taken twice daily.",Claim
3445,AbstRCT_glaucoma_10080213,"further studies may need to confirm these data on a larger sample and to evaluate the side effect of increased iris pigmentation on long-term follow-up,",Claim
3446,AbstRCT_glaucoma_11167277,Latanoprost administered once daily reduced the intraocular pressure at least as well as timolol plus dorzolamide twice daily in patients with open-angle glaucoma.,Claim
3447,AbstRCT_glaucoma_11167277,"Latanoprost reduced the intraocular pressure 1.09 and 1.58 mm Hg more than timolol plus dorzolamide after 2 weeks and 3 months of treatment, respectively.",Premise
3448,AbstRCT_glaucoma_11167277,These differences were statistically significant (p<0.05) at the end of the study.,Premise
3449,AbstRCT_glaucoma_11167277,"After 3 months of treatment, 32.3% of the eyes in the latanoprost group reduced the intraocular pressure in 30% or more with respect to baseline, while 15.6% of the eyes in the timolol plus dorzolamide group achieved this reduction.",Premise
3450,AbstRCT_glaucoma_19476406,Fixed combinations of 0.2% brimonidine-0.5% timolol and 2% dorzolamide-0.5% timolol are used to lower intraocular pressure (IOP).,MajorClaim
3451,AbstRCT_glaucoma_19476406,"At month 3, the mean (SD) reduction from baseline IOP for patients on fixed-combination monotherapy was 7.7 (4.2) mmHg (32.3%) with brimonidine-timolol versus 6.7 (5.0) mmHg (26.1%) with dorzolamide-timolol (p = 0.040).",Premise
3452,AbstRCT_glaucoma_19476406,The mean reduction from PGA-treated baseline IOP for patients on fixed-combination adjunctive therapy was 6.9 (4.8) mmHg (29.3%) with brimonidine-timolol versus 5.2 (3.7) mmHg (23.5%) with dorzolamide-timolol (p = 0.213).,Premise
3453,AbstRCT_glaucoma_19476406,"Patients on brimonidine-timolol reported less burning (p < 0.001), stinging (p < 0.001), and unusual taste (p < 0.001) than patients on dorzolamide-timolol.",Premise
3454,AbstRCT_glaucoma_19476406,Fixed-combination brimonidine-timolol provided the same or greater IOP lowering compared with fixed-combination dorzolamide-timolol.,Claim
3455,AbstRCT_glaucoma_19476406,Both fixed-combination medications were safe and well-tolerated.,Claim
3456,AbstRCT_glaucoma_20202537,"At 15 months, the mean number of medications was lower in the combined group than in the control group (0.4 +/- 0.7 and 1.3 +/- 1.0, respectively; P = .007), as was the proportion of patients on ocular hypotensive medication (33% and 76%, respectively).",Premise
3457,AbstRCT_glaucoma_20202537,Phacoemulsification with stent implantation was more effective in controlling IOP than phacoemulsification alone;,Claim
3458,AbstRCT_glaucoma_20202537,"the IOP was statistically significantly lower in the combined group than in the control group at both time points (P = .031 and P = .042, respectively).",Premise
3459,AbstRCT_glaucoma_20202537,"The mean IOP was 14.8 +/- 1.2 mm Hg in the combined group and 15.7 +/- 1.1 mm Hg in the control group at 15 months and 16.6 +/- 3.1 mm Hg and 19.2 +/- 3.5 mm Hg, respectively, after washout;",Premise
3460,AbstRCT_glaucoma_8058290,"Of patients with 350- and 500-mm2 implants, 93% and 88%, respectively, achieved surgical success (18-month life-table analysis, P = 0.93).",Premise
3461,AbstRCT_glaucoma_8058290,The 500-mm2 implants afforded intraocular pressure control with significantly fewer medications (0.7 versus 1.3; P = 0.006).,Premise
3462,AbstRCT_glaucoma_8058290,"The postoperative visual acuities remained within one line of the preoperative visual acuities or improved in 62% and 66% of patients in the 350- and 500-mm2 groups, respectively (P = 0.93).",Premise
3463,AbstRCT_glaucoma_8058290,Complication rates were statistically similar.,Claim
3464,AbstRCT_glaucoma_8058290,"The intermediate-term results of the 350- and 500-mm2 Baerveldt implants were statistically comparable with respect to surgical and visual outcomes, as well as complications",Claim
3465,AbstRCT_glaucoma_8058290,although the larger implant was associated with a higher rate of some complications.,Claim
3466,AbstRCT_glaucoma_8058290,the 500-mm2 Baerveldt implant afforded intraocular pressure control with fewer medications than the 350-mm2 implant.,Claim
3467,AbstRCT_glaucoma_8058290,"The most frequent ones in the 350- and 500-mm2 groups, respectively, were serous choroidal effusion (16% and 32%), strabismus (16% and 19%), anterior uveitis (14% and 11%), and corneal or corneal graft edema (11% each).",Premise
3468,AbstRCT_glaucoma_21701528,No clinically relevant differences in the safety profiles of travoprost/timolol BAK-free and travoprost/timolol preserved with BAK were identified.,Claim
3469,AbstRCT_glaucoma_21701528,Travoprost/timolol BAK-free demonstrated equivalence to travoprost/timolol preserved with BAK in efficacy.,Claim
3470,AbstRCT_glaucoma_21701528,Mean IOP reduction across all visits and time points was 8.0 mm Hg in the TRA/TIM BAK-free group and 8.4 mm Hg in the TRA/TIM group (P=0.0943).,Premise
3471,AbstRCT_glaucoma_21701528,"The difference in mean IOP between groups ranged from 0.2 to 0.7  mm Hg across visits and time points, with a mean pooled difference of 0.4  mm Hg (95% CI: -0.1 to 0.8),",Premise
3472,AbstRCT_glaucoma_21701528,"The most common drug-related adverse event was hyperemia of the eye (ocular hyperemia and conjunctival hyperemia combined), occurring in 11.8% of the TRA/TIM BAK-free group and 13.0% of the TRA/TIM group.",Premise
3473,AbstRCT_glaucoma_17397924,There was no significant difference in IOP reduction between viscocanalostomy and trabeculectomy with mitomycin C in combination with phacoemulsification and intraocular lens implantation in patients with primary open-angle glaucoma.,Claim
3474,AbstRCT_glaucoma_17397924,"At 12 months, 17 patients (85%) in the viscocanalostomy group and 16 patients (80%) in the trabeculectomy group achieved an IOP of 20 mmHg or less without medication (P = 0.7).",Premise
3475,AbstRCT_glaucoma_17397924,"Mean baseline IOP was 24.0+/-2.0 mmHg in the viscocanalostomy group and 23.7+/-2.6 mmHg in the trabeculectomy group (P = 0.7). Mean postoperative IOP was 13.7+/-2.2 mmHg at 3 months, 14.8+/-3.3 mmHg at 6 months, and 14.9+/-3.0 mmHg at 12 months in the viscocanalostomy group and 12.1+/-4.0 mmHg at 3 months, 13.8+/-4.7 mmHg at 6 months, and 14.1+/-4.4 mmHg at 12 months in the trabeculectomy group.",Premise
3476,AbstRCT_glaucoma_11158795,"After a mean follow-up of 6 months (range, 6-8 months), success was obtained in 5 of 10 cases in the trabeculectomy group and in 0 of 10 case in the viscocanalostomy group.",Premise
3477,AbstRCT_glaucoma_11158795,"With Kaplan-Meier's method, subjects with viscocanalostomy showed shorter postoperative IOP-reduction periods than subjects undergoing trabeculectomy.",Premise
3478,AbstRCT_glaucoma_11158795,"According to the results of this short-term study, trabeculectomy was more effective than viscocanalostomy in lowering IOP in glaucomatous eyes of white patients.",Claim
3479,AbstRCT_glaucoma_22458918,Both treatments demonstrated favorable ocular tolerability.,Claim
3480,AbstRCT_glaucoma_22458918,Fixed-combination brimonidine-timolol was as effective as latanoprost in reducing IOP in patients with glaucoma or ocular hypertension.,Claim
3481,AbstRCT_glaucoma_22458918,The percentage of patients achieving at least a 20% decrease from baseline diurnal IOP at week 12 was 87.7% in the brimonidine-timolol group and 77.3% in the latanoprost group (p = 0.131).,Premise
3482,AbstRCT_glaucoma_22458918,"At week 12, the mean (SD) diurnal IOP was 17.8 (2.9) mmHg with brimonidine-timolol and 17.9 (3.9) mmHg with latanoprost (p = 0.794).",Premise
3483,AbstRCT_glaucoma_22458918,Measured biomicroscopic changes from baseline to week 12 were infrequent in both groups.,Premise
3484,AbstRCT_glaucoma_21183518,"125 of 277 patients (45.1%) experienced pain in the lidocaine group, compared with 123 of 229 patients (53.7%) in the BSS group.",Premise
3485,AbstRCT_glaucoma_21183518,"The proportion of patients who experienced pain was significantly lower in the intracameral lidocaine group compared with the BSS group (multivariate OR 0.68, 95% CI 0.47 to 0.97; p=0.034).",Claim
3486,AbstRCT_glaucoma_21183518,The median pain score (range) was 0.0 for intracameral lidocaine group compared with 1.0 for BSS group (p=0.039).,Premise
3487,AbstRCT_glaucoma_21183518,"Pain was more common in females (54.3% vs 43.6%; OR 1.56), non-Chinese (62.3% vs 46.9%; OR 2.13) and those who had previous cataract surgery to the fellow eye (55.3% vs 44.7%; OR 1.61).",Premise
3488,AbstRCT_glaucoma_21183518,The use of 0.5 cc of 1% intracameral lidocaine during phacoemulsification under topical anaesthesia significantly reduces pain experienced by patients.,Claim
3489,AbstRCT_glaucoma_21183518,"Risk factors for pain include females, non-Chinese and previous cataract surgery.",Claim
3490,AbstRCT_glaucoma_22775229,a 6-week treatment with LT or BT was equally effective in reducing IOP.,Claim
3491,AbstRCT_glaucoma_22775229,none of the administered drugs induced a significant effect on ocular blood flow parameters.,Claim
3492,AbstRCT_glaucoma_22775229,"Both drugs were equally effective in reducing IOP (LT: -35.0% ±10.0%; BT: -33.6% ±8.8%, P=0.463 between groups).",Premise
3493,AbstRCT_glaucoma_22775229,"no difference in ocular perfusion pressure was observed between the 2 treatment groups (P=0.1, between groups).",Premise
3494,AbstRCT_glaucoma_22775229,"Neither LT nor BT altered ONHBF (P=0.4, baseline vs. treatment)",Premise
3495,AbstRCT_glaucoma_22775229,no effect on flow velocities in the retrobulbar vessels was seen with either of the 2 treatments.,Premise
3496,AbstRCT_glaucoma_22814041,Both groups had a similar favorable long-term safety profile.,Claim
3497,AbstRCT_glaucoma_22814041,The incidence of adverse events was low in both groups through 24 months of follow-up.,Premise
3498,AbstRCT_glaucoma_22814041,"At 24 months, the proportion of patients with an IOP of 21 mm Hg or lower without ocular hypotensive medications was significantly higher in the stent group than in the control group (P=.036).",Premise
3499,AbstRCT_glaucoma_22814041,"the mean IOP was stable between 12 months and 24 months (17.0 mm Hg ± 2.8 [SD] and 17.1 ± 2.9 mm Hg, respectively) in the stent group but increased (17.0 ± 3.1 mm Hg to 17.8 ± 3.3 mm Hg, respectively) in the control group.",Premise
3500,AbstRCT_glaucoma_22814041,"Ocular hypotensive medication was statistically significantly lower in the stent group at 12 months; it was also lower at 24 months, although the difference was no longer statistically significant.",Premise
3501,AbstRCT_glaucoma_22814041,Patients with combined single trabecular micro-bypass stent and cataract surgery had significantly better IOP control on no medication through 24 months than patients having cataract surgery alone.,Claim
3502,AbstRCT_glaucoma_11912355,"From an overall baseline mean intraocular pressure of 25.0 mm Hg, latanoprost monotherapy reduced mean diurnal intraocular pressure by 7.1 +/- 3.3 mm Hg (mean +/- SD, P < 0.001), whereas brimonidine monotherapy yielded an intraocular-pressure reduction of 5.2 +/- 3.5 mm Hg (P < 0.001).",Premise
3503,AbstRCT_glaucoma_11912355,This 1.9 mm Hg difference in intraocular-pressure reduction was significantly in favor of latanoprost (P < 0.001).,Premise
3504,AbstRCT_glaucoma_11912355,Ocular allergy (P < 0.001) and systemic side effects (P = 0.005) were reported significantly less frequently by latanoprost-treated patients compared with brimonidine-treated patients.,Premise
3505,AbstRCT_glaucoma_11912355,Both latanoprost and brimonidine reduced intraocular pressure in patients with glaucoma or ocular hypertension after 6 months of treatment.,Claim
3506,AbstRCT_glaucoma_11912355,"However, latanoprost once daily was significantly more effective than brimonidine twice daily in reducing mean diurnal intraocular pressure.",Claim
3507,AbstRCT_glaucoma_11912355,Latanoprost was better tolerated with less frequently occurring ocular allergy and systemic side effects.,Claim
3508,AbstRCT_glaucoma_14704542,"In a case-controlled comparison, the Baerveldt-350 implant and the Ahmed valve had similar IOP control and surgical outcomes in patients with refractory glaucoma at 1-year follow-up.",Claim
3509,AbstRCT_glaucoma_14704542,"Over a follow-up period of 1 year, no statistically significant differences were detected between the Baerveldt-350 implant versus Ahmed valve for IOP control (12.1 +/- 5.3 mm Hg vs 13.6 +/- 5.6 mm Hg respectively, at a power of 90% to detect a difference of 3.2 mm Hg between the two groups and P = 0.05), surgical success rate (65.6% vs. 65.6% respectively, complete and qualified combined), postoperative hypotony rate (37.5% vs. 34.4% respectively), and visual acuity changes of more than 1 line in Snellen visual acuity (43.3% vs. 29.0% respectively).",Premise
3510,AbstRCT_glaucoma_14704542,"Surgical success rate was defined as an IOP reduction greater than or equal to 30% and final IOP more than 5 mm Hg and less than 22 mm Hg, without devastating complications.",Premise
3511,AbstRCT_glaucoma_19092465,"Mean diurnal IOP reduction after 8 weeks were 7.02+/-3.06 mm Hg and 6.91+/-3.67 mm Hg, respectively (P=0.811).",Premise
3512,AbstRCT_glaucoma_19092465,The adjusted difference between groups (analysis of covariance) at week 8 was not statistically significant (P=0.847).,Premise
3513,AbstRCT_glaucoma_19092465,No statistical difference in terms of adverse events was found between groups.,Premise
3514,AbstRCT_glaucoma_19092465,both fixed combinations are well tolerated with few side effects.,Claim
3515,AbstRCT_glaucoma_19092465,Mean baseline WDT peak was 27.79+/-4.29 mm Hg in the brimonidine/timolol group and 27.68+/-5.46 mm Hg in the dorzolamide/timolol group.,Premise
3516,AbstRCT_glaucoma_19092465,"Both fixed combinations were capable of significantly reducing the mean diurnal IOP, mean diurnal peak, and mean WDT peak after 8 weeks of treatment.",Claim
3517,AbstRCT_glaucoma_19092465,"After 8 weeks of treatment, mean WDT peaks were 20.94+/-3.76 mm Hg (P<0.001) and 20.98+/-4.19 (P<0.001), respectively.",Premise
3518,AbstRCT_glaucoma_12750084,"At the end of the 24-month follow-up, IOP of 21 mmHg or less and more than 6 mmHg was achieved in 76% in group 1 (n = 19) and in 80% in group 2 (n = 20; log-rank P = 0.60);",Premise
3519,AbstRCT_glaucoma_12750084,an IOP between 6 and 16 mmHg was obtained in 56% in group 1 (n = 14) and in 72% in group 2 (n = 18; log-rank P = 0.17; Kaplan-Meier cumulative probability of success).,Premise
3520,AbstRCT_glaucoma_12750084,"Complications of viscocanalostomy included one intraoperative conversion into trabeculectomy; microruptures in Descemet's membrane in five eyes; three cases of iris incarceration in the Decemet's window, two of which caused early failure of the procedure requiring reoperation; and a 1-mm to 2-mm transient self-resolving hyphema in three cases",Premise
3521,AbstRCT_glaucoma_12750084,"Complications of trabeculectomy included one case of postoperative bleb bleeding with early transient IOP spike; one early hyphema; five cases of postoperative hypotony, two of which had a positive Seidel test from the conjunctival suture; three cases of transient choroidal detachment, two of which had shallow anterior chamber.",Premise
3522,AbstRCT_glaucoma_12750084,No patient required reoperation.,Premise
3523,AbstRCT_glaucoma_12750084,"Two eyes required argon laser suture lysis, and nine underwent one or more 5-FU injections, which caused punctate keratopathy in three eyes.",Premise
3524,AbstRCT_glaucoma_12750084,Viscocanalostomy is an effective IOP-lowering procedure in white adults affected by open-angle glaucoma.,Claim
3525,AbstRCT_glaucoma_12750084,"Trabeculectomy with postoperative 5-FU can probably provides lower IOPs but, with more numerous complications, greater discomfort, and more intensive postoperative management.",Claim
3526,AbstRCT_glaucoma_19336424,Latanoprost reduced IOP (mean (SD)) by 8.4 (3.8) mm Hg and bimatoprost by 8.9 (3.9) mm Hg from a baseline of 25.2 (3.6) mm Hg and 25.2 (3.6) mm Hg respectively (p = 0.23).,Premise
3527,AbstRCT_glaucoma_19336424,"however there were twice as many reports of an adverse event in the bimatoprost group (81%) compared with the latanoprost group (40%, p<0.01).",Premise
3528,AbstRCT_glaucoma_19336424,22 subjects (37.9%) treated with bimatoprost experienced ocular hyperaemia as compared with 13 subjects (22.4%) treated with latanoprost (p = 0.11).,Premise
3529,AbstRCT_glaucoma_19336424,Bimatoprost once daily was similarly effective in reducing IOP compared with latanoprost once daily in subjects with chronic PACG.,Claim
3530,AbstRCT_glaucoma_19336424,Both drugs were well tolerated with mild ocular adverse events.,Claim
3531,AbstRCT_glaucoma_19336424,Adverse events were mild in both groups;,Premise
3532,AbstRCT_glaucoma_12908569,It has a safe systemic profile with minimum effect on the heart.,Claim
3533,AbstRCT_glaucoma_12908569,The IOP readings after treatment were significantly lower than their baseline levels in both groups at all visits (p < 0.001).,Premise
3534,AbstRCT_glaucoma_12908569,"At baseline, the mean IOP was 24.48 +/- 2.29 mmHg in the brimonidine group and 23.32 +/- 0.82 mmHg in the timolol group.",Premise
3535,AbstRCT_glaucoma_12908569,"At peak, the mean decreases from the baseline IOP ranged from 5.22 +/- 0.30 mmHg to 6.96 +/- 0.33 mmHg for brimonidine and from 4.55 +/- 0.49 mmHg to 6.64 +/- 0.53 mmHg for timolol.",Premise
3536,AbstRCT_glaucoma_12908569,"At trough, the mean decreases from baseline ranged from 3.72 +/- 0.32 mmHg to 4.55 +/- 0.32 mmHg for brimonidine and 3.82 +/- 0.52 mmHg to 4.27 +/- 0.51 mmHg for timolol.",Premise
3537,AbstRCT_glaucoma_12908569,"The clinical success rate was 86.2% in the brimonidine group and 81.8% in the timolol group, making no statistically significant difference between them (p = 0.817).",Premise
3538,AbstRCT_glaucoma_12908569,17.2% of patients in brimonidine group and 9.0% patients in timolol group reported mild adverse events.,Premise
3539,AbstRCT_glaucoma_12908569,Ocular allergy occurred in 10.3% of patients in brimonidine group.,Premise
3540,AbstRCT_glaucoma_12908569,"No significant changes in visual acuity, biomicroscopy or ophthalmoscopy were observed in both groups.",Premise
3541,AbstRCT_glaucoma_12908569,Mean systolic and diastolic blood pressure remained relatively stable in both groups,Premise
3542,AbstRCT_glaucoma_12908569,Patients receiving timolol experienced statistically significant mean heart rate decreases from baseline (p = 0.020) in week 4.,Premise
3543,AbstRCT_glaucoma_12908569,"Topically applied twice daily for one month, brimonidine tartrate 0.2% has clinical effectiveness equivalent to timolol 0.5% in Taiwanese patients with glaucoma.",Claim
3544,AbstRCT_glaucoma_12908569,The mean heart rate in the brimonidine group was relatively unchanged over the study period.,Premise
3545,AbstRCT_glaucoma_12908569,except in week 2 (p = 0.016) when brimonidine had lower systolic blood pressure.,Premise
3546,AbstRCT_glaucoma_28178150,"eyes in the SLT and the travoprost groups achieved a significant reduction in IOP compared with the baseline IOP values (-3.7 mm Hg [P = 0.002] vs -4.1 mm Hg [P < 0.001], respectively).",Premise
3547,AbstRCT_glaucoma_28178150,"Ninety-six percent of NTG eyes in the travoprost group, and 82% of eyes in the SLT group had IOP fluctuations <3 mm Hg (P = 0.01).",Premise
3548,AbstRCT_glaucoma_28178150,"Success in fluctuation reduction was 75% and 92% for the SLT and travoprost groups, respectively (P = 0.005).",Premise
3549,AbstRCT_glaucoma_28178150,the SLT's effect was significant only during the nighttime.,Claim
3550,AbstRCT_glaucoma_28178150,"The effect of travoprost on IOP reduction in POAG and NTG patients was significant both during the daytime and the nighttime,",Claim
3551,AbstRCT_glaucoma_28178150,Both travoprost and SLT can significantly reduce the IOP in patients with POAG and NTG.,Claim
3552,AbstRCT_glaucoma_28178150,"travoprost better controls IOP fluctuations than SLT, especially during the daytime.",Claim
3553,AbstRCT_glaucoma_15177955,Mitomycin C did not increase the short- or intermediate-term success rates of Ahmed Glaucoma Valve implantation.,Claim
3554,AbstRCT_glaucoma_15177955,"After a mean follow-up of 12.3 months, Kaplan-Meier survival analysis showed a probability of success of 59% at 18 months for the MMC group and 61% for the control group when the first criterion for success was used (IOP between 6 and 21 mmHg).",Premise
3555,AbstRCT_glaucoma_15177955,"When an IOP reduction of at least 30% was used as the criterion to define success, the Kaplan-Meier survival analysis demonstrated a probability of success at 18 months of 62% for the MMC group and 67% for the control group.",Premise
3556,AbstRCT_glaucoma_15177955,"There were no significant differences in survival rates between the 2 groups with either criterion (P = 0.75 and P = 0.37, respectively).",Premise
3557,AbstRCT_glaucoma_15177955,"After 15 days postoperatively, the mean IOP did not significantly differ for both MMC and control eyes.",Premise
3558,AbstRCT_glaucoma_15177955,Mean numbers of postoperative antiglaucoma medications were similar in MMC-treated eyes and controls.,Premise
3559,AbstRCT_glaucoma_15177955,There was no significant difference between the incidences of postoperative complications in both groups.,Premise
3560,AbstRCT_glaucoma_19900212,Decreases in mean diurnal IOP from baseline were significantly greater for latanoprost than for non-PGs at months 6 and 12 (p < 0.01).,Premise
3561,AbstRCT_glaucoma_19900212,No serious adverse events were judged to be treatment-related,Premise
3562,AbstRCT_glaucoma_19900212,Mean total 36-month direct costs were similar in patients initiated with latanoprost and non-PGs.,Premise
3563,AbstRCT_glaucoma_19900212,Patients who failed previous monotherapy remained on therapy longer when switched to latanoprost.,Premise
3564,AbstRCT_glaucoma_19900212,The IOP-reducing effect of latanoprost and tolerability were sustained over the long term.,Claim
3565,AbstRCT_glaucoma_19900212,Resource utilization and costs were generally similar in those initiating latanoprost or non-PG therapy.,Claim
3566,AbstRCT_glaucoma_11020403,"With a mean follow-up of 9.7 months, the trabeculectomy group had statistically lower intraocular pressures at weeks 6 to 15 (12.6 mm Hg vs 16.4 mm Hg) and months 11 to 13 (11.4 mm Hg vs 17.2 mm Hg) than the Ahmed implant group.",Premise
3567,AbstRCT_glaucoma_11020403,"Compared with preoperative status, no statistically significant differences between groups were noted for visual acuity, visual field, lens status, and final anterior chamber depth.",Premise
3568,AbstRCT_glaucoma_11020403,The cumulative probabilities of success (intraocular pressure <21 mm Hg and at least 15% reduction in intraocular pressure from preoperative level) were 83.6% for trabeculectomy and 88.1% for Ahmed implant (P =.43).,Premise
3569,AbstRCT_glaucoma_11020403,the Ahmed implant group had a greater adjunctive medication requirement.,Premise
3570,AbstRCT_glaucoma_11020403,"On the last visit, 10 of the trabeculectomy eyes and 19 of the Ahmed implant eyes required at least one topical medication (P =.01).",Premise
3571,AbstRCT_glaucoma_11020403,Lower mean intraocular pressures were noted for the trabeculectomy group.,Premise
3572,AbstRCT_glaucoma_11020403,"All other results, including success (as defined in this study) and frequency of complications, were comparable between the two groups.",Premise
3573,AbstRCT_glaucoma_11020403,There was no statistically significant difference in the rate of complications between the two groups.,Premise
3574,AbstRCT_glaucoma_22344189,"At the last follow-up visit, mean pre-operative IOP decreased from 31.1 (± 14.2) to 16.2 (± 1.5) mm Hg after trabeculectomy, and from 28.1 (± 9.0) to 15.7 (± 1.8) mm Hg after Ex-PRESS implantation (P=0.001).",Premise
3575,AbstRCT_glaucoma_22344189,The mean number of anti-glaucoma medicines prescribed at the last follow-up decreased from 3.7 pre-operatively (both groups) to 0.9 after trabeculectomy vs 0.3 after Ex-PRESS implantation (P=0.001).,Premise
3576,AbstRCT_glaucoma_22344189,Complete success rates (5<IOP<18 mm Hg without medications) were higher with Ex-PRESS compared with trabeculectomy (P=0.0024).,Premise
3577,AbstRCT_glaucoma_22344189,"Postoperative complications were more frequent after trabeculectomy (33%) compared with Ex-PRESS (20%), with four trabeculectomy eyes (27%) needing postoperative interventions, compared with none with Ex-PRESS.",Premise
3578,AbstRCT_glaucoma_22344189,"Trabeculectomy and Ex-PRESS implantation provided similar IOP control,",Claim
3579,AbstRCT_glaucoma_22344189,"the Ex-PRESS group had a lower rate of complications, fewer postoperative interventions, and needed less glaucoma medications.",Claim
3580,AbstRCT_glaucoma_12644943,the intent-to-treat analysis did not demonstrate a statistically significant reduction in the conversion rate in the betaxolol-treated group.,Claim
3581,AbstRCT_glaucoma_12644943,"Sixteen (13.2%) of 121 patients in the placebo group converted to glaucoma, compared with 12 (9.0%) of 134 patients in the betaxolol group.",Premise
3582,AbstRCT_glaucoma_12644943,The intent-to-treat analysis demonstrated no evidence of any difference in conversion rates between the betaxolol and placebo groups after 3 years.,Premise
3583,AbstRCT_glaucoma_12644943,Visual field survival analysis demonstrated no significant difference between the betaxolol and placebo groups.,Premise
3584,AbstRCT_glaucoma_12644943,The betaxolol-treated group had significantly lower post-treatment IOP values.,Premise
3585,AbstRCT_glaucoma_12644943,Converters had significantly higher pre- and post-treatment IOP values than non-converters.,Premise
3586,AbstRCT_glaucoma_12644943,Betaxolol significantly lowered the IOP level compared with placebo.,Premise
3587,AbstRCT_glaucoma_12644943,Conversion to glaucoma was found to be related to both the baseline and post-treatment IOP levels.,Premise
3588,AbstRCT_glaucoma_18164068,"Cumulative successes in the Ahmed group were 0.73 at 1 year and 0.62 at 2 years, whereas cumulative successes in the Baerveldt group were 0.92 at 1 year and 0.85 at 2 years (Kaplan-Meier survival functions: P = 0.03, log rank test).",Premise
3589,AbstRCT_glaucoma_18164068,"Male gender, African descent, neovascular glaucoma, and Ahmed implantation were found to be significant predictors of failure.",Claim
3590,AbstRCT_glaucoma_18164068,"At last follow-up visit, eyes in the Ahmed group had a significantly higher mean IOP (19.8+/-9.5 vs. 15.8+/-7.9 mmHg, P = 0.003, t test) and more antiglaucoma medications (1.4+/-1.2 vs. 0.9+/-1.1 medications, P = 0.008, Mann-Whitney test) than eyes in the Baerveldt group.",Premise
3591,AbstRCT_glaucoma_18164068,Our study suggests that the Ahmed S2 Glaucoma Valve may be less effective at lowering IOP than the Baerveldt 250-mm(2) Glaucoma Implant.,Claim
3592,AbstRCT_glaucoma_15598478,"A higher percentage of patients receiving the fixed combination had IOP decreases of 2 mm Hg on day 21 relative to baseline compared with latanoprost-treated patients (79.4% vs 51.4%, respectively; P < 0.001).",Premise
3593,AbstRCT_glaucoma_15598478,"PP analyses found that more patients in the fixed-combination group had IOP decreases >or=3, >or=4, or >or=5 mm Hg (for each target level, P < 0.001 vs latanoprost group) or final IOP 18 mm Hg (fixed -combination, 35.1%; latanoprost, 17.8%; P < 0.001).",Premise
3594,AbstRCT_glaucoma_15598478,"patients with an inadequate initial IOP response to latanoprost, switching to fixed-combination latanoprosttimolol resulted in a greater decrease in IOP and similar tolerability compared with continuing latanoprost therapy.",Claim
3595,AbstRCT_glaucoma_15598478,"Similar proportions of patients in the fixed-combination and latanoprost groups reported at least 1 treatment-emergent AE (10.9% and 12.1%, respectively).",Premise
3596,AbstRCT_glaucoma_15598478,Both treatments were well tolerated.,Claim
3597,AbstRCT_glaucoma_19243831,"Combined phacotrabeculectomy resulted in lower mean postoperative IOP than phacoemulsification alone at 3 months (14.0 vs 17.0 mmHg, P = 0.01), 15 months (13.2 vs 15.4 mmHg, P = 0.02), and 18 months (13.6 vs 15.9 mmHg, P = 0.01).",Premise
3598,AbstRCT_glaucoma_19243831,"Combined phacotrabeculectomy resulted in 1.25 fewer topical glaucoma drugs (P<0.001) in the 24-month postoperative period, compared with phacoemulsification alone.",Premise
3599,AbstRCT_glaucoma_19243831,"Combined surgery was associated with more postoperative complications (P<0.001) and more progression of optic neuropathy (P = 0.03), compared with phacoemulsification alone.",Premise
3600,AbstRCT_glaucoma_19243831,Combined phacotrabeculectomy with adjunctive mitomycin C is more effective than phacoemulsification alone in controlling IOP in medically uncontrolled CACG eyes with coexisting cataract.,Claim
3601,AbstRCT_glaucoma_19243831,Combined phacotrabeculectomy is associated with more postoperative complications.,Claim
3602,AbstRCT_glaucoma_10682964,"Brinzolamide produced less ocular discomfort (burning/stinging) than timolol, and total carbonic anhydrase inhibition levels remained below that known to cause systemic side effects.",Claim
3603,AbstRCT_glaucoma_10682964,Brinzolamide produced significant and equivalent reductions in intraocular pressure when dosed two and three times daily for 18 months.,Claim
3604,AbstRCT_glaucoma_10682964,"Brinzolamide was safe and well tolerated by patients, with minimal ocular discomfort.",Claim
3605,AbstRCT_glaucoma_10682964,Mean changes in intraocular pressure trough measurements ranged from -2.7 to -3.9 mm Hg with brinzolamide twice-daily dosing and -2.8 to -3.8 mm Hg three times daily dosing compared with -4.7 to -5.6 mm Hg with timolol.,Premise
3606,AbstRCT_glaucoma_10682964,Oral carbonic anhydrase inhibitors used to treat glaucoma have significant systemic side effects.,MajorClaim
3607,AbstRCT_glaucoma_10682964,All regimens produced clinically relevant and statistically significant (P<.05) intraocular pressure reductions from baseline.,Premise
3608,AbstRCT_glaucoma_10682964,Adverse events were nonserious and resolved without sequelae.,Premise
3609,AbstRCT_glaucoma_10877373,Clinical success was 71% (75/106) with brimonidine and 70% (73/105) with timolol as initial treatment.,Premise
3610,AbstRCT_glaucoma_10877373,The overall mean decrease in IOP was 6.5 mm Hg with brimonidine and 6.2 mm Hg with timolol.,Premise
3611,AbstRCT_glaucoma_10877373,Few patients reported a specific adverse event,Premise
3612,AbstRCT_glaucoma_10877373,"with the exception of a slightly higher rate of ocular burning and stinging in the brimonidine group, there were no significant between-group differences.",Premise
3613,AbstRCT_glaucoma_10877373,No significant chronotropic effects on the heart were seen with brimonidine,Premise
3614,AbstRCT_glaucoma_10877373,small but significant mean decreases in heart rate were seen at months 1 and 4 with timolol.,Premise
3615,AbstRCT_glaucoma_10877373,Mean systolic and diastolic blood pressure remained relatively stable in both groups.,Premise
3616,AbstRCT_glaucoma_10877373,"Quality of life remained stable, with no significant between-group differences.",Premise
3617,AbstRCT_glaucoma_10877373,"As a first-line agent for the treatment of glaucoma and ocular hypertension, brimonidine has clinical effectiveness equivalent to timolol, but with less chronotropic effect on the heart.",Claim
3618,AbstRCT_glaucoma_10877373,Brimonidine is a viable alternative to timolol for first-line therapy in glaucoma and ocular hypertension.,MajorClaim
3619,AbstRCT_glaucoma_21035866,This study suggests that there was no benefit of Nd:YAG LPI in preventing progression from PDS with OHT to PG within 3 years of follow-up.,Claim
3620,AbstRCT_glaucoma_21035866,neodymium:yttrium-aluminum-garnet (Nd:YAG) laser peripheral iridotomy (LPI) significantly reduces the incidence of conversion from pigment dispersion syndrome (PDS) with ocular hypertension (OHT) to pigmentary glaucoma (PG).,MajorClaim
3621,AbstRCT_glaucoma_21035866,Eight eyes (15%) in the laser group and 3 eyes (6%) in the control group converted to glaucoma in the study period.,Premise
3622,AbstRCT_glaucoma_21035866,The proportion of eyes started on medical treatment was similar in the 2 groups: 8 eyes (15%) in the laser group and 9 eyes (17%) in the control group.,Premise
3623,AbstRCT_glaucoma_21035866,Survival analyses showed no evidence of any difference in time to VF progression or commencement of topical therapy between the 2 groups.,Claim
3624,AbstRCT_glaucoma_21035866,Cataract extraction was performed on 1 patient in the laser group and in 1 patient in the control group during the study period (laser eye at 18 months; control eye at 34 months).,Premise
3625,AbstRCT_glaucoma_21921953,"Our results suggest that OLO implant could be a new, safe, and effective alternative to MMC, with similar long-term success rate.",Claim
3626,AbstRCT_glaucoma_21921953,No adverse reaction to OLO was noted.,Premise
3627,AbstRCT_glaucoma_21921953,"One-day postoperatively, the IOP dropped to 5.2 (±3.5) and 9.2 (±5.5) mm Hg, respectively (P=0.009).",Premise
3628,AbstRCT_glaucoma_21921953,"The IOP reduction was significant at end point in all groups (P=0.01), with a mean IOP of 16.0 (±2.9) and 16.5 (±2.1) mm Hg in MMC and OLO, respectively.",Premise
3629,AbstRCT_glaucoma_21921953,The rates and Kaplan-Meier curves did not differ for both complete and qualified success at any target IOP.,Premise
3630,AbstRCT_glaucoma_21921953,The bleb height in OLO group was higher than MMC one (P<0.05).,Premise
3631,AbstRCT_glaucoma_21921953,"SD-OCT analysis of successful/unsuccessful bleb in patients with or without complete success at IOP =17  mm Hg indicated a sensitivity of 83% and 73% and a specificity of 75% and 67%, respectively, for MMC and OLO groups.",Premise
3632,AbstRCT_glaucoma_14982045,The dorzolamide/timolol combination and latanoprost were equally effective at lowering IOP.,Claim
3633,AbstRCT_glaucoma_14982045,"At baseline, the mean daytime diurnal IOP was 26.1 mmHg in the dorzolamide/timolol combination group versus 25.6 mmHg in the latanoprost group in Study 1, and 25.3 mmHg in the dorzolamide/timolol combination group versus 24.7 mmHg in the latanoprost group in Study 2.",Premise
3634,AbstRCT_glaucoma_14982045,"After 3 months, the mean daytime diurnal IOP was 18.9 mmHg for the dorzolamide/timolol combination versus 18.4 mmHg for latanoprost in Study 1, and 17.4 mmHg for the dorzolamide/timolol combination versus 17.5 for latanoprost in Study 2.",Premise
3635,AbstRCT_glaucoma_14982045,"The difference between treatments in mean IOP change at 3 months was -0.04 mmHg [95% confidence interval (CI) -0.85, 0.77] in Study 1, and -0.57 mmHg (95% CI -1.31, 0.16) in Study 2.",Premise
3636,AbstRCT_glaucoma_14982045,"Both treatments were well tolerated over 3 months,",Claim
3637,AbstRCT_glaucoma_14982045,"The probability that the true difference lay between -1.5 and 1.5 mmHg, the predefined bounds for equivalence, was >0.950 in both studies.",Premise
3638,AbstRCT_glaucoma_14982045,although ocular stinging occurred more frequently with the dorzolamide/timolol combination.,Premise
3639,AbstRCT_glaucoma_20472226,"In eyes with synechial primary angle-closure or primary angle-closure glaucoma, both iridotomy alone or combined with iridoplasty provide a significant and equivalent reduction in IOP.",Claim
3640,AbstRCT_glaucoma_20472226,IOP was reduced from 24.66 +/- 13.76 mm Hg to 19.03 +/- 6.21 mm Hg in the iridotomy group (P < .001) and from 27.96 +/- 13.06 mm Hg to 20.45 +/- 7.26 mm Hg in the iridotomy plus iridoplasty group (P < .001).,Premise
3641,AbstRCT_glaucoma_20472226,Extent of peripheral anterior synechiae was decreased by 1 more clock-hour after iridoplasty compared with that after iridotomy in the iridotomy plus iridoplasty group (P < .001).,Premise
3642,AbstRCT_glaucoma_20472226,"There was no significant difference in IOP, medications, need for surgery, or visual function between groups at the 1-year visit.",Premise
3643,AbstRCT_glaucoma_20472226,"There is also a possible reduction in peripheral anterior synechiae, more so in the iridoplasty group.",Claim
3644,AbstRCT_glaucoma_15474813,the complication rate was lower in the viscocanalostomy group.,Claim
3645,AbstRCT_glaucoma_15474813,"At 3 years, the mean IOP was 16.0 mmHg +/- 7.07 (SD) in the trabeculectomy group and 17.8 +/- 4.6 mmHg in the viscocanalostomy group (P=.694).",Premise
3646,AbstRCT_glaucoma_15474813,"Complete success (IOP 6 to 21 mm Hg without medication) was achieved in 66.2% of eyes at 6 months and 55.1% at 3 years in the trabeculectomy group and in 52.9% and 35.3%, respectively, in the viscocanalostomy group (P>.05).",Premise
3647,AbstRCT_glaucoma_15474813,"Qualified success (IOP 6 to 21 mmHg with medication) was achieved in 95.8% of eyes at 6 months and 79.2% at 3 years in the trabeculectomy group and in 90.7% and 73.9%, respectively, in the viscocanalostomy group (P>.05).",Premise
3648,AbstRCT_glaucoma_15474813,Postoperative hypotony and cataract formation occurred more frequently in the trabeculectomy group than in the viscocanalostomy group (P=.002).,Premise
3649,AbstRCT_glaucoma_15474813,Primary trabeculectomy lowered IOP more than viscocanalostomy in POAG patients.,Claim
3650,AbstRCT_glaucoma_12383808,A target IOP of 21 mm Hg at 6 months was achieved in 53 of 56 (95%) eyes in the 5-FU group and 54 of 57 (95%) eyes in the MMC group (P = 1.00).,Premise
3651,AbstRCT_glaucoma_12383808,"At 12 months, 45 of 48 (94%) eyes in the 5-FU group met a target IOP of 21 mm Hg while 48 of 54 (89%) eyes in the MMC group did (P =.49).",Premise
3652,AbstRCT_glaucoma_12383808,The most common complications in each group were persistent choroidal effusions and bleb leak.,Premise
3653,AbstRCT_glaucoma_12383808,Our study suggests that intraoperative topical 5-FU is at least as effective as intraoperative topical MMC in reducing IOP of eyes undergoing primary trabeculectomy.,Claim
3654,AbstRCT_glaucoma_9034838,"Latanoprost 0.005% once daily reduced IOP (+/- SEM) more effectively than latanoprost 0.0015% twice daily (9.8 +/- 0.9 mm Hg and 6.7 +/- 0.9 mm Hg, respectively).",Premise
3655,AbstRCT_glaucoma_9034838,"There was a statistically significant increase in the aqueous humour protein concentration within the timolol group (P = 0.004), but not within the latanoprost group (P = 0.97).",Premise
3656,AbstRCT_glaucoma_9034838,No statistically significant difference in conjunctival hyperemia between the two latanoprost regimens was found (P = 0.37).,Premise
3657,AbstRCT_glaucoma_9034838,There was no difference in hyperemia between the two regimens.,Claim
3658,AbstRCT_glaucoma_9034838,Both concentrations of latanoprost reduced IOP at least as well as timolol 0.5% eye drops.,Claim
3659,AbstRCT_glaucoma_9034838,Latanoprost 0.005% once daily reduced IOP more effectively than latanoprost 0.0015% twice daily (P < 0.001).,Premise
3660,AbstRCT_glaucoma_9034838,There was no statistically significant difference in the change in aqueous humour protein concentration from baseline between latanoprost and timolol groups (P = 0.08).,Premise
3661,AbstRCT_glaucoma_9034838,Latanoprost had no statistically or clinically significant effect on the blood-aqueous barrier.,Claim
3662,AbstRCT_glaucoma_20828829,"At 1 year, IOP in both treatment groups was statistically significantly lower from baseline values.",Premise
3663,AbstRCT_glaucoma_20828829,Sixty-six percent of treatment eyes versus 48% of control eyes achieved =20% IOP reduction without medication (P = 0.003).,Premise
3664,AbstRCT_glaucoma_20828829,The overall incidence of adverse events was similar between groups with no unanticipated adverse device effects.,Premise
3665,AbstRCT_glaucoma_20828829,"Pressure reduction on fewer medications was clinically and statistically significantly better 1 year after stent plus cataract surgery versus cataract surgery alone, with an overall safety profile similar to that of cataract surgery alone.",Claim
3666,AbstRCT_glaucoma_12470755,Both agents were safe and well tolerated.,Claim
3667,AbstRCT_glaucoma_12470755,"Over an 8-week period, latanoprost 0.005% once daily lowered IOP more than unoprostone 0.15% twice daily in patients with elevated IOP.",Claim
3668,AbstRCT_glaucoma_12470755,"The change in the mean +/- SD of the IOPs measured at 8:00 AM, 12 noon, and 4:00 PM was -7.2 +/- 3.2 mm Hg (28%) for latanoprost (25.3 +/- 2.8 mm Hg at baseline to 18.2 +/- 2.8 mm Hg at 8 weeks) and -3.9 +/- 2.6 mm Hg (15%) for unoprostone (25.5 +/- 3.3 mm Hg at baseline to 21.6 +/- 4.0 mm Hg; P <or=.001.",Premise
3669,AbstRCT_glaucoma_12470755,No serious adverse event related to either medication was reported.,Premise
3670,AbstRCT_glaucoma_8628543,"Diurnal IOP (9:00 am, 1:00 pm, 5:00 pm) was reduced from 25.2 to 16.7 mmHg (33.7%) with lantanoprost and from 25.4 to 17.1 mmHg (32.7%) with timolol as determined at the end of the 6-month treatment period.",Premise
3671,AbstRCT_glaucoma_8628543,Latanoprost caused a somewhat more conjunctival hyperemia than timolol and more corneal punctuate epithelial erosions.,Premise
3672,AbstRCT_glaucoma_8628543,both drugs were generally well tolerated.,Premise
3673,AbstRCT_glaucoma_8628543,The most significant side effect of latanoprost was increased pigmentation of the iris which was observed in 15 patients (10.1%).,Premise
3674,AbstRCT_glaucoma_8628543,Timolol caused more systemic side effects than latanoprost.,Claim
3675,AbstRCT_glaucoma_8628543,Latanoprost 0.005% administered once daily in the evening reduced IOP at least as well as timolol 0.5% administered twice daily.,Claim
3676,AbstRCT_glaucoma_8628543,Latanoprost was generally well tolerated systemically and in the eye.,Claim
3677,AbstRCT_glaucoma_19123151,"The mean IOP reduction was significantly greater in the BTFC group than in the LTFC group (-21.4% vs -13.7%, p<0.001).",Premise
3678,AbstRCT_glaucoma_19123151,A higher percentage of patients in the BTFC group showed a mean IOP reduction from baseline >or=15% (72.3% vs 40.0%) and >or=20% (61.7% vs 17.1%) compared to patients in the LTFC group.,Premise
3679,AbstRCT_glaucoma_19123151,Both BTFC and LTFC were more effective versus the monotherapy with prostaglandin analogues.,Claim
3680,AbstRCT_glaucoma_19123151,BTFC demonstrated higher performance than LTFC in terms of relative IOP reduction.,Claim
3681,AbstRCT_glaucoma_11730649,Travoprost produced clinically relevant and statistically significant additional intraocular pressure reductions from baseline when used adjunctively with timolol in subjects with open-angle glaucoma or ocular hypertension.,Claim
3682,AbstRCT_glaucoma_11730649,Mean baseline values (25 mm Hg) for subjects at eligibility (while maintained on timolol) were not significantly different (P <.0001) among the treatment groups.,Premise
3683,AbstRCT_glaucoma_11730649,"The intraocular pressure was lowered an additional -5.7 to -7.2 mm Hg and -5.1 to -6.7 mm Hg in the travoprost 0.004% and 0.0015% concentrations, respectively.",Premise
3684,AbstRCT_glaucoma_11730649,These changes were significantly (P < or =.0001) different from the vehicle group (-1.3 to -2.8 mm Hg).,Premise
3685,AbstRCT_glaucoma_11730649,The intraocular pressure range on treatment at all visit times over the 6-month treatment period ranged from 17.9 to 19.2 mm Hg for travoprost 0.004% and 18.3 to 20.1 mm Hg for travoprost 0.0015% compared with 22.4 to 24.1 mm Hg for vehicle.,Premise
3686,AbstRCT_glaucoma_11730649,Average hyperemia scores ranged from trace to mild (mean 0.5 on a scale of 0 = none/trace; 1= mild; 2 = moderate; 3 = severe) for all treatment groups.,Premise
3687,AbstRCT_glaucoma_11730649,No iris pigmentation changes were observed in any patient during this study.,Premise
3688,AbstRCT_glaucoma_11730649,"There were no clinically or statistically significant changes from baseline in visual acuity, ocular cells and flare, fundus parameter, cup-to-disk ratio and visual field between the treatment groups.",Premise
3689,AbstRCT_glaucoma_11730649,There were no serious adverse events reported for any treatment group.,Premise
3690,AbstRCT_glaucoma_21573097,TMMC and T5-FU appeared to have similar efficacy in lowering IOP.,Claim
3691,AbstRCT_glaucoma_21573097,"Mean preoperative IOPs in the TMMC and T5-FU groups were 31.2 ± 9.8 and 30.6 ± 9.9 mmHg, respectively. Postoperatively, mean IOPs were 11.4 ± 4.9 and 13.6 ± 3.9 mmHg, respectively for TMMC and T5-FU groups after 6 months.",Premise
3692,AbstRCT_glaucoma_21573097,statistical tests showed no difference in mean and median IOP.,Premise
3693,AbstRCT_glaucoma_21573097,Three cases of hypotonia (IOP < 6 mmHg) and 1 case of epithelial keratitis were detected.,Premise
3694,AbstRCT_glaucoma_20420586,Tafluprost is a new effective and well-tolerated treatment for glaucoma and ocular hypertension.,Claim
3695,AbstRCT_glaucoma_20420586,"the IOP-lowering effect during the study was slightly larger with latanoprost,",Claim
3696,AbstRCT_glaucoma_20420586,Both treatments had a substantial IOP-lowering effect which persisted throughout the study (-7.1 mmHg for tafluprost and -7.7 mmHg for latanoprost at 24 months).,Premise
3697,AbstRCT_glaucoma_20420586,"this difference was clinically small and the noninferiority of tafluprost to latanoprost over all diurnal IOP measurements was shown with anova and almost reached with ancova (upper limits of the 95% confidence intervals 1.38 and 1.52 for the overall period, respectively).",Premise
3698,AbstRCT_glaucoma_10599663,The overall success rates were 87% for the 350-mm2 group and 70% for the 500-mm2 group (P = 0.05).,Premise
3699,AbstRCT_glaucoma_10599663,"The life-table success rates declined over time for both implant groups, from a high of 98% for the 350-mm2 group and 92% for the 500-mm2 group at 1 year to a cumulative success rate of 79% for the 350-mm2 group and 66% for the 500-mm2 group at 5 years.",Premise
3700,AbstRCT_glaucoma_10599663,Visual acuities were better or remained the same in 50% of the patients in the 350-mm2 group and 46% of those in the 500-mm2 group.,Premise
3701,AbstRCT_glaucoma_10599663,The longer term results show that the 350-mm2 Baerveldt implant is more successful than the 500-mm2 implant for overall IOP control.,Claim
3702,AbstRCT_glaucoma_10599663,"Interval comparisons indicate a higher rate of success for the 350-mm2 implant in the first, second, third, fourth, and fifth years of implantation.",Claim
3703,AbstRCT_glaucoma_11148810,Increased intraocular pressure (IOP) has been shown to be one of the most important risk factors for developing glaucoma.,Claim
3704,AbstRCT_glaucoma_11148810,After 5 years of follow-up eight patients in the placebo group and five patients in the timolol group had developed glaucomatous field loss (NS);,Premise
3705,AbstRCT_glaucoma_11148810,the corresponding figures after 10 years were 15 patients in the placebo group and seven patients in the timolol group.,Premise
3706,AbstRCT_glaucoma_11148810,Survival analysis showed a tendency but no statistically significant difference between treatment groups (P = 0.07).,Premise
3707,AbstRCT_glaucoma_11148810,Study attrition was large.,Premise
3708,AbstRCT_glaucoma_11148810,Eighteen patients in each group had developed glaucomatous field loss when also post-study data were included.,Premise
3709,AbstRCT_glaucoma_11148810,"IOP reduction was greater in eyes passing the 10-year visit without field loss (5.7 mmHg), than in those that reached an end-point (2.3 mmHg; P = 0.0002).",Premise
3710,AbstRCT_glaucoma_11148810,"In this long-term study we found a tendency but failed to prove a beneficial effect of topical timolol treatment in patients with elevated IOP, normal visual fields and some additional risk factor.",Claim
3711,AbstRCT_glaucoma_11148810,The intent-to-treat analysis showed no difference between treatment groups.,Premise
3712,AbstRCT_glaucoma_11148810,The high attrition shows the difficulties associated with very long follow-up.,Premise
3713,AbstRCT_glaucoma_17601060,Intraocular pressure was significantly reduced during the entire follow-up period in both groups.,Premise
3714,AbstRCT_glaucoma_17601060,"In the long-acting drug group, the reduction of intraocular pressure was -3.5 +/- 0.2, -4.3 +/- 0.2 and -4.6 +/- 0.3 mmHg at 2, 4, and 8 weeks, respectively (paired t test).",Premise
3715,AbstRCT_glaucoma_17601060,"The safety profile was similar in both groups, and the tolerance for the long-acting eye drops was as good as for the currently-prescribed eye drops.",Claim
3716,AbstRCT_glaucoma_17601060,the long-acting eye drops seem to be an efficacious formulation for clinical use in Japanese glaucoma patients.,Claim
3717,AbstRCT_glaucoma_17601060,"Because the efficacy of both drugs was equivalent, with an identical safety profile,",Claim
3718,AbstRCT_glaucoma_17601060,"In the currently-prescribed drug group, the reduction of intraocular pressure was -4.1 +/- 0.2, -4.4 +/- 0.3 and--4.6 +/- 0.2 mmHg at 2, 4, and 8 weeks(paired t test).",Premise
3719,AbstRCT_glaucoma_11558817,The diurnal intraocular pressure reduction was significant in both groups (P < 0.001).,Premise
3720,AbstRCT_glaucoma_11558817,The mean intraocular pressure reduction from baseline was 32% for the latanoprost plus timolol group and 20% for the dorzolamide plus timolol group.,Premise
3721,AbstRCT_glaucoma_11558817,The least square estimate of the mean diurnal intraocular pressure reduction after 3 months was -7.06 mm Hg in the latanoprost plus timolol group and -4.44 mm Hg in the dorzolamide plus timolol group (P < 0.001).,Premise
3722,AbstRCT_glaucoma_11558817,Drugs administered in both treatment groups were well tolerated.,Claim
3723,AbstRCT_glaucoma_11558817,This study clearly showed that the additive diurnal intraocular pressure-lowering effect of latanoprost is superior to that of dorzolamide in patients treated with timolol.,Claim
3724,AbstRCT_glaucoma_1841578,Fifteen eyes (88%) in the mitomycin group and seven (47%) in the fluorouracil group achieved an intraocular pressure of less than or equal to 20 mm Hg without antiglaucoma medication.,Premise
3725,AbstRCT_glaucoma_1841578,Corneal complications were less common in the group given mitomycin than in that given fluorouracil (12% vs 53%).,Premise
3726,AbstRCT_glaucoma_1841578,The incidence of other complications was similar between the two groups.,Claim
3727,AbstRCT_glaucoma_21792284,Both fixed brimonidine-timolol and timolol were well tolerated as agents adjunctive to latanoprost.,Claim
3728,AbstRCT_glaucoma_21792284,Fixed-combination brimonidine-timolol reduced IOP significantly more effectively than timolol when used as adjunctive therapy to latanoprost in patients with glaucoma and ocular hypertension.,Claim
3729,AbstRCT_glaucoma_21792284,Biomicroscopy findings were similar between the treatment groups after 12 weeks of treatment.,Premise
3730,AbstRCT_glaucoma_21792284,Adverse events occurred in 14.7% of fixed brimonidine-timolol patients and 12.7% of timolol patients.,Premise
3731,AbstRCT_glaucoma_21792284,Patients treated with fixed brimonidine-timolol adjunctive to latanoprost were significantly more likely than patients treated with adjunctive timolol to achieve an IOP <18 mmHg (P = 0.028) and a  20% reduction in IOP from baseline (P = 0.047) at both 8 am and 10 am in week 12.,Premise
3732,AbstRCT_glaucoma_21792284,"The mean additional reduction from latanoprost-treated baseline IOP was 8.3 mmHg (35.5%) with fixed brimonidine-timolol and 6.2 mmHg (27.0%) with timolol at 10 am, week 12 (P < 0.001).",Premise
3733,AbstRCT_glaucoma_21680022,Both latanoprost and timolol had favorable safety profiles over the duration of this 3-month trial.,Claim
3734,AbstRCT_glaucoma_21680022,"Mean IOP reductions for latanoprost and timolol at week 12 were 7.2 and 5.7 mmHg, respectively, with a difference of 1.5 mmHg (95% CI, -0.8 to 3.7; P=0.21).",Premise
3735,AbstRCT_glaucoma_21680022,Responder rates were 60% for latanoprost and 52% for timolol (P=0.33).,Premise
3736,AbstRCT_glaucoma_21680022,"Between-treatment differences in mean IOP reduction for PCG and non-PCG subgroups were 0.6 mmHg (95% CI, -2.3 to 3.4) and 2.6 mmHg (95% CI, -0.8 to 6.1), respectively.",Premise
3737,AbstRCT_glaucoma_21680022,Responder rates for latanoprost versus timolol were 50% versus 46% for the PCG group and 72% versus 57% for the non-PCG group.,Premise
3738,AbstRCT_glaucoma_21680022,"Latanoprost 0.005% is not inferior (i.e., is either more or similarly effective) to timolol and produces clinically relevant IOP reductions across pediatric patients with and without PCG.",Claim
3739,AbstRCT_glaucoma_21680022,Both therapies were well tolerated.,Claim
3740,AbstRCT_glaucoma_11336940,"After 1 month of treatment, latanoprost significantly reduced intraocular pressure (mean +/- SEM) by 6.1 +/- 0.5 mm Hg (P <.001) and unoprostone by 4.2 +/- 0.4 mm Hg (P <.001) adjusted from an overall baseline of 22.3 +/- 0.5 mm Hg and 23.2 +/- 0.4 mm Hg, respectively.",Premise
3741,AbstRCT_glaucoma_11336940,"The difference of 1.9 mm Hg between treatments was statistically significant in favor of latanoprost [P =.003, analysis of covariance (ANCOVA)].",Premise
3742,AbstRCT_glaucoma_11336940,Unadjusted analysis of responders using the percentage decrease in intraocular pressure showed that the proportion of responders in the latanoprost-treated group was greater than in the unoprostone-treated group.,Premise
3743,AbstRCT_glaucoma_11336940,Adverse ocular symptoms and findings were mild in both treatment groups.,Premise
3744,AbstRCT_glaucoma_11336940,Eye redness and ocular irritation were the most frequently reported events.,Premise
3745,AbstRCT_glaucoma_11336940,Latanoprost once daily was significantly more effective in reducing intraocular pressure compared with unoprostone twice daily after 1 month of treatment in patients with primary open-angle glaucoma and ocular hypertension.,Claim
3746,AbstRCT_glaucoma_11336940,Both drugs were well tolerated with few ocular adverse events.,Claim
3747,AbstRCT_glaucoma_10901475,For both treatments the diurnal IOP reduction after 6 months was statistically significant (P<0.001).,Premise
3748,AbstRCT_glaucoma_10901475,IOP (mean+/-SD) was reduced from 23.3+/-2.8 to 17.8+/-2.8 (-5.6) mmHg in the latanoprost 0.005% group and from 23.0+/-3.2 to 18.5+/-2.4 (-4.8) mmHg in pilocarpine 2% t.i.d.-treated eyes.,Premise
3749,AbstRCT_glaucoma_10901475,"The mean difference of -0.8 mmHg (per protocol, PP) and -1.6 mmHg (intend-to-treat, ITT) was statistically significant (P<0.04, PP; P<0.001, ITT) in favor of latanoprost 0.005%.",Premise
3750,AbstRCT_glaucoma_10901475,Two eyes treated with latanoprost showed an iris color change.,Premise
3751,AbstRCT_glaucoma_10901475,Thirty-six patients in the latanoprost group and 106 in the pilocarpine 2% group reported ocular adverse events (P<0.001).,Premise
3752,AbstRCT_glaucoma_10901475,From the data we conclude that the additivity of latanoprost 0.005% is at least as effective as pilocarpine 2% t.i.d. in reducing IOP when added to eyes currently on monotherapy with timolol 0.5% b.i.d.,Claim
3753,AbstRCT_glaucoma_10901475,Latanoprost was better tolerated than pilocarpine 2% eye drops in this study.,Claim
3754,AbstRCT_glaucoma_10901475,The increase in iris pigmentation requires further investigation.,Claim
3755,AbstRCT_glaucoma_23059481,The technique of releasable sutures for trabeculectomy used in this study did not demonstrate significant advantages over standard trabeculectomy.,Claim
3756,AbstRCT_glaucoma_23059481,"There was no difference in the occurrence of shallow chamber, choroidal detachment, macular edema, additional surgery, or hyphema (P=0.56 to 1.0).",Premise
3757,AbstRCT_glaucoma_23059481,The incidence of transient hypotony was higher in S group (20.4%) than the R group (9.1%) (P=0.046);,Premise
3758,AbstRCT_glaucoma_23059481,hypotony recovered in 80.8% (21/26) within 1 week.,Premise
3759,AbstRCT_glaucoma_23059481,"The IOP in the first week after trabeculectomy was significantly higher in the R group: day 1, 17.3 ± 8.6 versus 12.7 ± 6.0 mm Hg (P<0.001); day 3, 18.0 ± 7.3 versus 12.9 ± 6.3 mm Hg (P<0.001); day 7, 14.8 ± 6.3 versus 12.0 ± 4.9 mm Hg (P=0.001),",Premise
3760,AbstRCT_glaucoma_23059481,no difference was observed after the second week (P=0.659 to 0.753).,Premise
3761,AbstRCT_glaucoma_23059481,Releasable sutures were associated with some decrease in visual acuity and increase in postoperative complaints.,Claim
3762,AbstRCT_glaucoma_22986111,"Trabeculectomy is more effective than phacoemulsification in reducing dependence on glaucoma drugs, but is associated with more complications.",Claim
3763,AbstRCT_glaucoma_22986111,Both phacoemulsification and trabeculectomy are effective in reducing IOP in medically uncontrolled CACG eyes without cataract.,Claim
3764,AbstRCT_glaucoma_22986111,Eight (33%) of 24 trabeculectomy eyes demonstrated cataract during follow-up.,Premise
3765,AbstRCT_glaucoma_22986111,trabeculectomy was associated with significantly more surgical complications than phacoemulsification (46% vs 4%; P=0.001).,Premise
3766,AbstRCT_glaucoma_22986111,"Over first 24 months, trabeculectomy-treated eyes required on average 1.1 fewer drugs than phacoemulsification-treated eyes (P<0.001).",Premise
3767,AbstRCT_glaucoma_22986111,Phacoemulsification and trabeculectomy resulted in significant and comparable IOP reduction at 24 months after surgery (reduction of 8.4 mmHg or 34% for phacoemulsification vs 8.9 mmHg or 36% for trabeculectomy; P=0.76).,Premise
3768,AbstRCT_glaucoma_12169965,"In eyes with open-angle glaucoma, viscocanalostomy is less effective in reducing intraocular pressure than standard filtering surgery.",Claim
3769,AbstRCT_glaucoma_12169965,"One day after surgery, mean (SD) intraocular pressure was 15.9 (5.2) for the trabeculectomy group (P <0.001) and 15.7 (3.6) for the viscocanalostomy group (P <0.001), respectively.",Premise
3770,AbstRCT_glaucoma_12169965,"The success rate, defined as an intraocular pressure lower than 22 mm Hg without medication, was 56.7% in the trabeculectomy group and 30% in the viscocanalostomy group at 12 months postoperatively (P = 0.041).",Premise
3771,AbstRCT_glaucoma_12169965,The number of postoperative complications was lower in the viscocanalostomy group than in the trabeculectomy group.,Premise
3772,AbstRCT_glaucoma_12169965,postoperative complications are more frequent after filtering surgery.,Claim
3773,AbstRCT_glaucoma_21631670,Scleral flap size had no significant effect on medium-term intraocular pressure control and complication profile.,Claim
3774,AbstRCT_glaucoma_21631670,"At 2 years, the mean intraocular pressure and cumulative probability of failure was 12.4 ± 4.6 mmHg and 0.28 for standard trabeculectomy, and 11.5 ± 3.6 mmHg and 0.27 for microtrabeculectomy (P = 0.50 and 0.89, respectively).",Premise
3775,AbstRCT_glaucoma_21631670,One patient in each group required Baerveldt device implantation.,Premise
3776,AbstRCT_glaucoma_21631670,"Vision reduced ≥2 Snellen lines in 15% in the standard trabeculectomy group and 25% in the microtrabeculectomy group, mainly from cataract (P = 0.48).",Premise
3777,AbstRCT_glaucoma_21631670,Both trabeculectomy techniques achieved good intraocular pressure reduction and had similar complication rates.,Claim
3778,AbstRCT_glaucoma_12660585,"At 09.00 hours (presumed trough) on day 60, mean reductions from baseline in intraocular pressure were 6.32+/-2.87 and 5.67+/-3.30 mmHg for the alginate carteolol and standard groups, respectively.",Premise
3779,AbstRCT_glaucoma_12660585,"At 11.00 hours (presumed peak), mean reductions were 6.70+/-2.81 and 6.55+/-3.35 mmHg, respectively.",Premise
3780,AbstRCT_glaucoma_12660585,"At each evaluation time, the two unilateral t tests were highly significant (p<0.005),",Premise
3781,AbstRCT_glaucoma_12660585,Safety- Slight decreases in heart rate and blood pressure means were observed in both groups at follow-up visits with no significant difference between groups.,Premise
3782,AbstRCT_glaucoma_12660585,Subjective tolerance upon instillation was judged good or very good at day 60 by 100% of alginate patients and by 98.7% of standard patients.,Premise
3783,AbstRCT_glaucoma_12660585,Transient discomfort (mainly stinging or burning sensation) was reported by approximately 4% - 6% of patients in each treatment group at each visit.,Premise
3784,AbstRCT_glaucoma_12660585,A blurred vision sensation was reported by 2 out of 74 patients of the alginate group.,Premise
3785,AbstRCT_glaucoma_12660585,"Among the 17 reported adverse events, three were assessed as drug-related: one vertigo, one superficial punctate keratitis in the alginate group and one decrease in blood pressure in the standard group.",Premise
3786,AbstRCT_glaucoma_12660585,"The new alginate formulation of long-acting carteolol 1% given once daily is as effective as standard 1% carteolol given twice daily, with no meaningful differences regarding safety.",Claim
3787,AbstRCT_glaucoma_12660585,The new alginate formulation of long-acting carteolol 1% given once a day is effective and well tolerated by glaucoma patients who require chronic treatment.,Claim
3788,AbstRCT_glaucoma_12660585,No serious adverse events were reported.,Premise
3789,AbstRCT_glaucoma_19590523,"At 24 months, complete success rates were 53.3% for the ELT group and 40% for the SLT group (P=0.35, Fisher's exact test);",Premise
3790,AbstRCT_glaucoma_19590523,Both ELT and SLT proved to be effective techniques in the treatment of POAG refractory to medical therapy.,Claim
3791,AbstRCT_glaucoma_19590523,"qualified success rates were 33.3% for the ELT and 26.6% for the SLT group (P=0.5, Fisher's exact test).",Premise
3792,AbstRCT_glaucoma_19590523,Mean IOP decreased from 25.0+/-1.9 to 17.6+/-2.2 mmHg (-29.6%; P<0.0001) in the ELT group and from 23.9+/-0.9 to 19.1+/-1.8 mmHg (-21%; P<0.0001) in the SLT group.,Premise
3793,AbstRCT_glaucoma_20545217,"Mean intraocular pressure (IOP) changes from baseline were -4.0 +/- 1.7 mmHg in Tafluprost administered patients and -1.4 +/- 1.8 mmHg in Placebo administered patients at 4 weeks, with a statistically significant difference (p<0.001).",Premise
3794,AbstRCT_glaucoma_20545217,"IOP change at 4 weeks, % IOP reduction at 2 and 4 weeks were also significantly greater in Tafluprost than in Placebo.",Premise
3795,AbstRCT_glaucoma_20545217,A total of 51.0% in Tafluprost treated group and 8.9% in Placebo treated group reported adverse drug reactions.,Premise
3796,AbstRCT_glaucoma_20545217,These results indicate that Tafluprost is clinically useful in the treatment of NTG.,Claim
3797,AbstRCT_glaucoma_21543992,"Baseline mean IOP for all eyes was 24.5 mm Hg in the SLT group, 24.7 mm Hg in the medical group. Mean IOP (both eyes) at last follow-up was 18.2 mm Hg (6.3 mm Hg reduction) in the SLT arm, 17.7 mm Hg (7.0 mm Hg reduction) in the medical arm.",Premise
3798,AbstRCT_glaucoma_21543992,These results support the option of SLT as a safe and effective initial therapy in open-angle glaucoma or ocular hypertension.,Claim
3799,AbstRCT_glaucoma_21543992,"By last follow-up, 11% of eyes received additional SLT, 27% required additional medication.",Premise
3800,AbstRCT_glaucoma_21543992,There was not a statistically significant difference between the SLT and medication groups.,Premise
3801,AbstRCT_glaucoma_21543992,IOP reduction was similar in both arms after 9 to 12-months follow-up.,Premise
3802,AbstRCT_glaucoma_19337705,"At 1-year follow-up, complete success rates were 81.8% for Ex-PRESS and 47.5% for trabeculectomy (P=0.0020), and 71.7% and 37.5% (P=0.0070), respectively, for the more stringent target.",Premise
3803,AbstRCT_glaucoma_19337705,There was a similar level of postoperative interventions and complications for each group.,Premise
3804,AbstRCT_glaucoma_19337705,"In open-angle glaucoma, the Ex-PRESS mini glaucoma shunt implanted under a superficial scleral flap produces significantly higher success rates, and a similar complication rate, compared with trabeculectomy.",Claim
3805,AbstRCT_glaucoma_19337705,The Ex-PRESS is a safe and effective device for treating open-angle glaucoma.,Claim
3806,AbstRCT_glaucoma_17244215,"In the bimatoprost-treated group, the IOP reduction was 6.2 +/- 1.8 mmHg, whereas it was 6.5 +/- 2.3 mmHg in the timolol-dorzolamide group after 6 months of treatment.",Premise
3807,AbstRCT_glaucoma_17244215,The IOP-lowering efficacies of bimatoprost and timolol-dorzolamide combination were similar over a 6-month follow-up.,Premise
3808,AbstRCT_glaucoma_17244215,Both bimatoprost and the timolol-dorzolamide combination were well tolerated.,Claim
3809,AbstRCT_glaucoma_17244215,Bimatoprost can be used as a longterm monotherapy agent in the treatment of POAG and ocular hypertension.,Claim
3810,AbstRCT_glaucoma_17244215,The difference was not statistically significant (p = 0.48).,Premise
3811,AbstRCT_glaucoma_15220019,Latanoprost was better tolerated than fixed-combination dorzolamide and timolol.,Claim
3812,AbstRCT_glaucoma_15220019,Mean (SD) diurnal IOP reductions at week 8 before the water-drinking test were 6.9 (3.0) mm Hg for the latanoprost group and 6.4 (3.2) mm Hg for the dorzolamide/timolol group.,Premise
3813,AbstRCT_glaucoma_15220019,Mean baseline diurnal IOP values were similar between the 2 groups.,Premise
3814,AbstRCT_glaucoma_15220019,"Mean IOP values were similar at all time points except at 5:00 pm, when levels were significantly lower in latanoprost-treated patients (P = 0.025).",Premise
3815,AbstRCT_glaucoma_15220019,"After the water-drinking test, the increase in IOP values was similar between groups at baseline but lower in latanoprost-treated patients at week 8 (adjusted difference, 1.08 mm Hg; P = 0.012).",Premise
3816,AbstRCT_glaucoma_15220019,"Fewer patients treated with latanoprost reported ocular or systemic AEs (P = 0.025 and P < 0.001, respectively).",Premise
3817,AbstRCT_glaucoma_15220019,"In this study of patients with unilateral or bilateral primary open-angle, pigmentary, or exfoliative glaucoma or OHT IOP reductions generally were similar between treatment groups,",Claim
3818,AbstRCT_glaucoma_15220019,"except at 5:00 pm, when the mean IOP level was significantly lower in latanoprost-treated patients.",Claim
3819,AbstRCT_glaucoma_1565457,"Six months after surgery, intraocular pressures averaged 10.9 +/- 5.3 mmHg (mean +/- standard deviation) in the MMC-treated eyes versus 14.2 +/- 5.5 mmHg in the 5-FU-treated eyes (P = 0.08) and were less than or equal to 12 mmHg in 60.0% of MMC-treated eyes and 21.1% of 5-FU-treated eyes (P = 0.03).",Premise
3820,AbstRCT_glaucoma_1565457,Drug-induced corneal epithelial defects were seen in nine 5-FU-treated eyes and in no MMC-treated eyes (P = 0.0004).,Premise
3821,AbstRCT_glaucoma_1565457,"These results suggest that intraoperative MMC may be a viable alternative to postoperative 5-FU, with lower overall intraocular pressures, decreased dependence on postoperative ocular antihypertensive medications, and decreased corneal toxicity.",Claim
3822,AbstRCT_glaucoma_17947826,"the overall probability of success of trabeculectomy and triple procedure was 0.613 and 0.733 at 15 years, respectively.",Premise
3823,AbstRCT_glaucoma_17947826,"The success probability of trabeculectomy and triple procedure in reducing IOP below 18 mm Hg was 0.748 and 0.825 at 15 years, respectively.",Premise
3824,AbstRCT_glaucoma_17947826,"In POAG and CPACG patients, trabeculectomy and triple procedure were effective in reducing IOP for up to 15 years after surgery.",Claim
3825,AbstRCT_glaucoma_19383599,The incidences of postoperative complications were similar between groups (p = 0.232).,Premise
3826,AbstRCT_glaucoma_19383599,"No additional IOP-lowering surgical procedures were required in the combined group, while 13 (54%) eyes in the trabeculectomy group required either cataract extraction or further IOP-lowering surgical procedures (p <0.001).",Premise
3827,AbstRCT_glaucoma_19383599,"In patients with PACG, the long-term IOP-lowering effect and surgical complications of combined trabeculectomy and cataract extraction are comparable with those of trabeculectomy alone.",Claim
3828,AbstRCT_glaucoma_19383599,"However, the combined surgery incurred fewer subsequent surgical interventions.",Claim
3829,AbstRCT_glaucoma_22310086,PF tafluprost is an efficacious and generally well-tolerated ocular hypotensive agent.,Claim
3830,AbstRCT_glaucoma_22310086,The IOP-lowering effect of PF tafluprost was noninferior to that of PF timolol.,Claim
3831,AbstRCT_glaucoma_22310086,The percentages of PF tafluprost and PF timolol patients reporting conjunctival hyperemia were 4.4% vs 1.2% (nominal P = .016).,Premise
3832,AbstRCT_glaucoma_22310086,Similar percentages of PF tafluprost and PF timolol patients reported ocular pain/stinging/irritation (4.4% vs 4.6%) and pruritus (2.5% vs 1.5%).,Premise
3833,AbstRCT_glaucoma_22310086,IOPs at the 3 time points assessed during the baseline visit ranged from 23.8 to 26.1 mm Hg in the PF tafluprost group and 23.5 to 26.0 mm Hg in the PF timolol group.,Premise
3834,AbstRCT_glaucoma_22310086,IOPs at the 3 time points assessed during the 12-week visit ranged from 17.4 to 18.6 mm Hg for PF tafluprost and 17.9 to 18.5 mm Hg for PF timolol.,Premise
3835,AbstRCT_glaucoma_17293790,"Forty-two percent (n=10) of the patients in the trabeculectomy group had a successful outcome (IOP<18 mm Hg with no treatment) at last follow-up visit, compared to 21% (n=5) in the viscocanalostomy group.",Premise
3836,AbstRCT_glaucoma_17293790,"IOP was lower in the trab group with differences in IOP being statistically significant at month 12 (P=<0.001), 24 (P=<0.001), 30 (P=0.030), 36 (P=<0.001), and 48 (P=0.018).",Premise
3837,AbstRCT_glaucoma_17293790,The trabeculectomy group required less postoperative topical IOP-lowering medication (P=0.011).,Premise
3838,AbstRCT_glaucoma_17293790,we found trabeculectomy to be more effective at lowering IOP than viscocanalostomy in POAG patients.,Claim
3839,AbstRCT_glaucoma_17083910,Nonvalved tube shunt surgery was more likely to maintain IOP control and avoid persistent hypotony or reoperation for glaucoma than trabeculectomy with MMC during the first year of follow-up in the TVT Study.,Premise
3840,AbstRCT_glaucoma_17083910,there was less need for supplemental medical therapy following trabeculectomy with MMC.,Claim
3841,AbstRCT_glaucoma_17083910,The cumulative probability of failure during the first year of follow-up was 3.9% in the tube group and 13.5% in the trabeculectomy group (P = .017).,Premise
3842,AbstRCT_glaucoma_17083910,Both surgical procedures produced similar IOP reduction at one year,Claim
3843,AbstRCT_glaucoma_17083910,The number of glaucoma medications (mean +/- SD) was 1.3 +/- 1.3 in the tube group and 0.5 +/- 0.9 in the trabeculectomy group (P < .001).,Premise
3844,AbstRCT_glaucoma_20584708,There was no statistically significant difference between ECD reduction in group BSS Plus 13.1 ± 2.0% and Ringer 9.2 ± 1.9% (p<0.05) at day 60 or in any study visit.,Premise
3845,AbstRCT_glaucoma_20584708,There was no statistically significant difference between CV increase in group BSS Plus 23.0 ± 3.0% and Ringer 20.2 ± 4.0% (p<0.05) at day 60 or in any study visit.,Premise
3846,AbstRCT_glaucoma_20584708,"CCT was significantly increased (p<0.05) at 1, 8, 15 and 30 days postoperatively, returning to baseline at 60 days in both groups.",Premise
3847,AbstRCT_glaucoma_20584708,There was no significant difference in CCT increase in both groups at any visit.,Premise
3848,AbstRCT_glaucoma_20584708,"there were statistically significant correlations between ECD loss and phacoemulsification time (p<0.0001) and ECD loss and irrigation solution volume (p<0.0001) in the Ringer group, but not in the BSS Plus group.",Premise
3849,AbstRCT_glaucoma_20584708,Ringers solution was similar to BSS Plus for corneal preservation in atraumatic cataract surgery.,Claim
3850,AbstRCT_glaucoma_20584708,"However, our study demonstrates that there is a trend towards lower postoperative endothelial cell density for surgeries with longer phacoemulsification time and higher irrigation volumes if Ringer is used.",Claim
3851,AbstRCT_glaucoma_16899528,"No significant difference (p = 0.846) was found in mean decrease in IOP between the SLT (5.86 mm Hg) and ALT (6.04 mm Hg) groups at 1 year or at any other time points, nor were there any significant differences in the rate of early or late complications between the two groups.",Premise
3852,AbstRCT_glaucoma_16899528,"SLT is equivalent to ALT in terms of IOP lowering at 1 year, and is a safe and effective procedure for patients with open-angle glaucoma.",Claim
3853,AbstRCT_glaucoma_14644719,"In individuals with glaucoma or ocular hypertension, uncontrolled on a topical beta-blocker alone, bimatoprost lowered IOP more consistently than did combined timolol and dorzolamide.",Claim
3854,AbstRCT_glaucoma_14644719,Bimatoprost provided significantly greater IOP lowering compared with combined timolol and dorzolamide.,Premise
3855,AbstRCT_glaucoma_14644719,"At the 8 AM measurements, bimatoprost lowered mean IOP 6.8 mmHg to 7.6 mmHg from baseline, whereas combined timolol and dorzolamide lowered mean IOP 4.4 to 5.0 mmHg from baseline (P<0.001).",Premise
3856,AbstRCT_glaucoma_14644719,"At the last follow-up, patients had better diurnal IOP control with bimatoprost than combined timolol and dorzolamide.",Premise
3857,AbstRCT_glaucoma_14644719,"At 8 AM at the 3-month visit, the percentages of patients achieving IOPs of <or =13 mmHg, < or =14 mmHg, < or =15 mmHg, or < or =16 mmHg were more than twice as high for bimatoprost than for combined timolol and dorzolamide (all P< or =0.008).",Premise
3858,AbstRCT_glaucoma_14644719,"Taste perversion, ocular burning, and stinging with instillation were more common with combined timolol and dorzolamide, whereas conjunctival hyperemia was more common with bimatoprost.",Premise
3859,AbstRCT_glaucoma_10837379,The corresponding figures for dorzolamide were 27.2 (3.4) and 5.6 (2.6) mm Hg.,Premise
3860,AbstRCT_glaucoma_10837379,"After 3 months, latanoprost reduced mean baseline diurnal IOP from 27.2 (SD 3.0) mm Hg by 8.5 (3.3) mm Hg.",Premise
3861,AbstRCT_glaucoma_10837379,"The difference of 2.9 mm Hg (95% CI: 2.3-3.6) was highly significant (p<0.001, ANCOVA).",Premise
3862,AbstRCT_glaucoma_10837379,"The corresponding figures at trough were 8.1 mm Hg (31%) for latanoprost and 4.7 mm Hg (17%) for dorzolamide, a significant difference of 3.4 mm Hg (p<0.001, ANCOVA).",Premise
3863,AbstRCT_glaucoma_10837379,Both drugs were well tolerated systemically and locally.,Claim
3864,AbstRCT_glaucoma_10837379,"Latanoprost was superior to dorzolamide in reducing the IOP, judged both from the effect on IOP at peak and trough and by the effect on diurnal IOP.",Claim
3865,AbstRCT_glaucoma_10837379,"Latanoprost reduced IOP at peak by 8.6 mm Hg (32%) compared with 6.2 mm Hg (23%) for dorzolamide, and the difference of 2.4 mm Hg was significant (p<0.001, ANCOVA).",Premise
3866,AbstRCT_glaucoma_17825417,"There were no significant differences in the need for digital pressure, postoperative bleb needling with 5-fluorouracil, or number of postoperative visits.",Premise
3867,AbstRCT_glaucoma_17825417,Early leaks of the conjunctival wound closure occurred in 6 eyes in the 1-site group and in 0 eyes in the 2-site group (P = 0.03).,Premise
3868,AbstRCT_glaucoma_17825417,One-site fornix-based and 2-site limbus-based phacotrabeculectomy were similarly effective in lowering IOP and reducing the need for antiglaucoma medications over a 3-year follow-up period.,Claim
3869,AbstRCT_glaucoma_17825417,"At the end of the study, 73% of 1-site eyes and 78.4% of 2-site eyes had IOPs of less than 18 mmHg while receiving no antiglaucoma medications (P = 0.59).",Premise
3870,AbstRCT_glaucoma_17825417,Visual acuity was similar for both groups at 3 months after surgery.,Premise
3871,AbstRCT_glaucoma_17825417,"Mean preoperative IOP was 20.1+/-3.8 mmHg in the 1-site group and 19.5+/-5.3 mmHg in the 2-site group (P = 0.56) using a mean of 2.3+/-0.9 and 2.5+/-0.9 antiglaucoma medications, respectively (P = 0.27).",Premise
3872,AbstRCT_glaucoma_17825417,"After 3 years of follow-up, the mean IOP was 12.6+/-4.8 mmHg in the 1-site group and 11.7+/-4.0 mmHg in the 2-site group (P = 0.40), receiving a mean of 0.3+/-0.7 and 0.4+/-0.9 medications, respectively (P = 0.59).",Premise
3873,AbstRCT_glaucoma_18603947,Significantly higher number of eyes belonging to group A (14 eyes) had shallower anterior chamber than group B (7 eyes) on first post operative day (p=0.042).,Premise
3874,AbstRCT_glaucoma_18603947,Six eyes (30%) in group A had peripheral or central irido-corneal touch in early postoperative period as compared to only one in Group B.,Premise
3875,AbstRCT_glaucoma_18603947,Both the groups had a significant drop in IOP following surgery,Claim
3876,AbstRCT_glaucoma_18603947,there was no significant difference in the IOP between the two groups after 6 weeks (Group A: 10.95 +/- 3.03 mmHg vs. Group B: 12.29 +/- 4.67 mmHg; p=0.87).,Premise
3877,AbstRCT_glaucoma_18603947,There was a significant drop in IOP following removal of sutures (15.19 +/- 6.15 mmHg to 13.19 +/- 6.13 mmHg; p=006) in group B.,Premise
3878,AbstRCT_glaucoma_18603947,Use of combination of permanent and releasable scleral flap sutures is a safe technique that significantly reduces the incidence of immediate postoperative shallow anterior chamber after trabeculectomy.,Claim
3879,AbstRCT_glaucoma_18603947,Hypotony was noted in 3 eyes in each group.,Premise
3880,AbstRCT_glaucoma_23285843,"Topical brimonidine showed an additive IOP-lowering effect to topical PG analogues,",Claim
3881,AbstRCT_glaucoma_23285843,although its IOP-lowering effect was inferior to topical timolol as monotherapy.,Claim
3882,AbstRCT_glaucoma_23285843,The mean changes were -4.7 +/- 2.1 (S. D.) in the timolol and -4.0 +/- 2.0 mmHg in the brimonidine group (p = 0.0138).,Premise
3883,AbstRCT_glaucoma_23285843,The 95% confidence interval of the inter-group difference was greater than the pre-determined criterion of non-inferiority of brimonidine to timolol.,Premise
3884,AbstRCT_glaucoma_23285843,"When added to PG analogues, the IOP-lowering effect of brimonidine (-2.9 +/- 1.8 mmHg) was greater than that of the placebo (-2.1 +/- 1.8 mmHg) (p = 0.0010).",Premise
3885,AbstRCT_glaucoma_18327364,"The mean (standard error of mean [SE]) IOP reductions at months one was 7.2 (0.4), at month 3 was 7.3 (0.4), and at month 6 was 7.1 (0.3) mm Hg for the latanoprost group and 7.5 (0.3), 7.8 (0.3), and 7.4 (0.3) mm Hg for the dorzolamide/timolol group.",Premise
3886,AbstRCT_glaucoma_18327364,The latanoprost and dorzolamide/timolol combination were equally effective at lowering IOP compared to untreated baseline.,Claim
3887,AbstRCT_glaucoma_18327364,The 2 therapies were similarly effective.,Claim
3888,AbstRCT_glaucoma_20733558,"At 1 year after surgery, the mean IOP was 15.6+/-2.4mm Hg in the ologen group (P<0.01, 43% reduction) and 11.5+/-4.1 mm Hg in the MMC group (P<0.01, 50% reduction).",Premise
3889,AbstRCT_glaucoma_20733558,"However, the bleb morphology caused more problems in the MMC group (avascularity score).",Claim
3890,AbstRCT_glaucoma_20733558,The complete success rate using trabeculectomy with the ologen implant is lower than that achieved by trabeculectomy with MMC.,Claim
3891,AbstRCT_glaucoma_20733558,"No anti-glaucomatous medication was necessary in the MMC group in the first year of follow-up, whereas five patients in the ologen group required topical treatment.",Premise
3892,AbstRCT_glaucoma_20733558,The absolute success rate was 100% in the MMC group and 50% in the ologen group (P=0.01).,Premise
3893,AbstRCT_glaucoma_20733558,"After 1 year, filtering blebs developed significantly more avascular areas in the MMC group (score=1.4) than in the ologen group (score=2.8; P<0.01).",Premise
3894,AbstRCT_mixed_29141712,"In conclusion, co-infected patients with elevated HBV-replication at ART-initiation are more susceptible to HIV-related morbidity, especially invasive bacterial diseases, during treatment interruption.",Claim
3895,AbstRCT_mixed_29141712,"No increase in the incidence of non-HIV-related morbidity was observed for co-infected patients (P = 0.5), even at HBV-replication levels > 10,000 copies/mL (P = 0.7).",Premise
3896,AbstRCT_mixed_29141712,The relative effect of CD4GT or 2/4-ART versus C-ART was not different between infection groups (P for interaction = 0.4).,Premise
3897,AbstRCT_mixed_29141712,"Incidence of bacterial infections was also highest in the co-infected group with HBV-replication > 10,000 copies/mL (IR = 12.9 versus 3.3/100 person/years in HIV mono-infected patients, P = 0.001).",Premise
3898,AbstRCT_mixed_29141712,"After a median 2.0 year (range = 0.2-3.1) follow-up, ≥ 1 serious HIV-related events occurred in 101 HIV mono-infected and 15 HIV-HBV co-infected patients (IR = 10.0 versus 13.2/100 person/years, respectively, P = 0.3)",Premise
3899,AbstRCT_mixed_29514030,"In a setting in which the rate of mother-to-child HBV transmission was low with the administration of hepatitis B immune globulin and hepatitis B vaccine in infants born to HBeAg-positive mothers, the additional maternal use of TDF did not result in a significantly lower rate of transmission.",Claim
3900,AbstRCT_mixed_29514030,"In the primary analysis, none of the 147 infants (0%; 95% confidence interval [CI], 0 to 2) in the TDF group were infected, as compared with 3 of 147 (2%; 95% CI, 0 to 6) in the placebo group (P=0.12).",Premise
3901,AbstRCT_mixed_29514030,The rate of adverse events did not differ significantly between groups.,Premise
3902,AbstRCT_mixed_29514030,The incidence of a maternal alanine aminotransferase level of more than 300 IU per liter after discontinuation of the trial regimen was 6% in the TDF group and 3% in the placebo group (P=0.29).,Premise
3903,AbstRCT_mixed_29378197,GS-9620 might therefore be included in therapies to increase the immune response to HBV.,Claim
3904,AbstRCT_mixed_29378197,"T cells collected at baseline before addition of GS-9620, when patients were receiving only nucleos(t)ide therapy, had greater responses to HBV than T cells from treatment-naïve patients, based on cytokine production in response to HBV peptides.",Premise
3905,AbstRCT_mixed_29378197,"However, during or after administration of GS-9620, T cells produced higher levels of cytokines compared to baseline.",Premise
3906,AbstRCT_mixed_29378197,"NK-cell activation and function increased after patients were given GS-9620, but the ability of NK cells to suppress T-cell responses was lower during GS-9620 therapy than before.",Premise
3907,AbstRCT_mixed_29378197,Changes in T-cell or NK-cell function did not correlate with levels of hepatitis B surface antigen.,Premise
3908,AbstRCT_mixed_29378197,Serum levels of hepatitis B surface antigen did not decrease significantly compared to baseline in patients given any dose of GS-9620.,Premise
3909,AbstRCT_mixed_29378197,"Twelve weeks administration of GS-9620 had no significant effect on serum hepatitis B surface antigen levels, but did appear to increase T-cell and NK-cell responses and reduce the ability of NK to suppress T cells.",Claim
3910,AbstRCT_mixed_28928855,The results of our study suggest that patients previously infected with HBV and naturally immune to HBV were at greater odds of being diagnosed with ENKTL.,Claim
3911,AbstRCT_mixed_28928855,"The results of the multivariable analysis showed that after adjustment for a set of known risk factors, patients previously infected with HBV (HBsAg-seronegative/anti-HBc-seropositive) and naturally immune to HBV (anti-HBs-seropositive/anti-HBc-seropositive) were at significantly greater odds of being diagnosed with ENKTL (AOR, 1.497; 95% CI 1.098-2.042, P=0.033 and AOR, 1.871; 95% CI 1.302-2.689, P=0.001, respectively).",Premise
3912,AbstRCT_mixed_28928855,"After adjusting for other factors, significantly greater odds of being diagnosed with ENKTL were observed among cases who reported ever drinking alcohol (AOR, 1.675; 95% CI 1.054-2.660, P=0.029).",Premise
3913,AbstRCT_mixed_28928855,"The odds of ENKTL diagnosis were not significantly associated with ABO blood type, cigarette smoking status or family history of cancer.",Premise
3914,AbstRCT_mixed_29605574,"Multiple studies have evaluated the hypoglycemic effect of cinnamon in patients with diabetes mellitus (DM) type II, with conflicting results.",MajorClaim
3915,AbstRCT_mixed_29605574,"Cinnamon supplementation led to improvement of all anthropometric (BMI, body fat, and visceral fat), glycemic (FPG, 2hpp, HbA1C, Fasting Insulin, and Insulin Resistance), and lipids (Cholesterol Total, LDL-c and HDL-c) outcomes (except for triglycerides level).",Premise
3916,AbstRCT_mixed_29605574,All observed changes (except for Cholesterol Total and LDL-c) were significantly more prominent in patients with higher baseline BMI (BMI ≥ 27).,Premise
3917,AbstRCT_mixed_29605574,"Based on the study findings, cinnamon may improve anthropometric parameters, glycemic indices and lipid profile of patients with type II diabetes.",Claim
3918,AbstRCT_mixed_29605574,These benefits are significantly more prominent in patients with higher baseline BMI (BMI ≥ 27).,Claim
3919,AbstRCT_mixed_27629859,"In patients with chronic hepatitis B, tenofovir disoproxil fumarate (TDF) plus pegylated interferon (PEG-IFN) for 48-weeks results in higher rates of hepatitis B surface antigen (HBsAg) loss than either monotherapy.",MajorClaim
3920,AbstRCT_mixed_27629859,"Rates of HBsAg loss at Week 72 were significantly higher in the TDF/PI-48w group (6.5%) than in the TDF/PI-16w+TDF-32w (0.5%), TDF-120w (0%) and PI-48w (2.2%) groups (P = 0.09).",Premise
3921,AbstRCT_mixed_27629859,HBsAg decline at Week 12 or 24 of treatment was associated with HBsAg loss at Week 72 (P < 0.001).,Premise
3922,AbstRCT_mixed_27629859,HBsAg decline >3.5 log10 IU/mL at Week 24 in the TDF/PI-48w group resulted in a positive predictive value of 85% and a negative predictive value of 99% for HBsAg loss at Week 72.,Premise
3923,AbstRCT_mixed_27629859,"HBsAg decline at Week 24 of TDF plus PEG-IFN combination therapy may identify patients who, after completing 48 weeks of treatment, have a better chance of achieving HBsAg loss at Week 72.",Claim
3924,AbstRCT_mixed_29375225,Spironolactone could be used as the fourth-line therapy in patients with resistant hypertension.,MajorClaim
3925,AbstRCT_mixed_29375225,"Systolic BP was reduced from 143.5 ± 8.2 mmHg to 137.10 ± 7.57 mmHg in the intervention group, while it did not change significantly in control (between group treatment difference = -4.5 mmHg, p = 0.004).",Premise
3926,AbstRCT_mixed_29375225,"There was no significant reduction of diastolic BP in the intervention group in comparison to placebo group (between group treatment difference = -1.3 mmHg, p = 0.099).",Premise
3927,AbstRCT_mixed_29375225,Short course monotherapy with low dose spironolactone is effective in reducing systolic BP in patients with stage I essential hypertension.,Claim
3928,AbstRCT_mixed_29056008,"The data of the full analysis set showed that HBeAg seroconversion rate at week 72 was 27.32% in the trial group and 22.70% in the control group with a rate difference of 4.63% (95% CI -1.54% to 10.80%, P = 0.1493).",Premise
3929,AbstRCT_mixed_29056008,"The data of the per-protocol set showed that HBeAg seroconversion rate at week 72 was 30.75% in the trial group and 27.14% in the control group with a rate difference of 3.61% (95% CI -3.87% to 11.09%, P = 0.3436).",Premise
3930,AbstRCT_mixed_29056008,"95% CI met the non-inferiority criteria, and the trial group was non-inferior to the control group.",Premise
3931,AbstRCT_mixed_29056008,"The two groups had similar incidence rates of adverse events, serious adverse events, and common adverse events.",Premise
3932,AbstRCT_mixed_29056008,"In Peg-IFN-α regimen for HBeAg-positive CHB patients, the new drug Peg-IFN-α-2b (Y shape, 40 kD) has comparable effect and safety to the control drug Peg-IFN-α-2a.",Claim
3933,AbstRCT_mixed_29133641,Complete success (defined as IOP <16 mmHg on no medication) could be achieved in 85% eyes in study group while it was 60% in control group (P = 0.04).,Premise
3934,AbstRCT_mixed_29133641,"IOP reduced by 71.1% in study group from 41.9 ± 10.6 to 12.1 ± 2.7 mmHg and from 40.5 ± 8.5 to 12.8 ± 4.5 mmHg in control group, a decline of 68.29%.",Premise
3935,AbstRCT_mixed_29133641,"Blebs in AMT group showed better bleb morphology in terms of significantly better extent (E3) on day 1 (P = 0.03) and better height (H2 and H3) (P = 0.04), according to the Indiana Bleb Appearance Grading Scale, at all follow-up visits along with normal vascularity.",Premise
3936,AbstRCT_mixed_29133641,The study group required significantly lesser (P = 0.03) bleb needlings as compared to control group.,Premise
3937,AbstRCT_mixed_29133641,Amnion enhanced the efficacy of MMC-modulated trabeculectomy in terms of eyes with complete success and lesser interventions such as bleb needling.,Claim
3938,AbstRCT_mixed_29133641,This reiterates the role of amnion as a safe and effective bleb modulator.,MajorClaim
3939,AbstRCT_mixed_29643323,Treatment-related quality of life (QOL) is an important aspect of diabetes management.,MajorClaim
3940,AbstRCT_mixed_29643323,"Compared with baseline data, total DTR-QOL17 scores were significantly higher after 12 weeks of linagliptin and voglibose treatment.",Premise
3941,AbstRCT_mixed_29643323,"The change in the total DTR-QOL17 score and the score of one domain, burden on social activities and daily activities, was significantly greater in the linagliptin group than in the voglibose group.",Premise
3942,AbstRCT_mixed_29643323,"In addition, only linagliptin treatment was identified as a factor associated with an increased total DTR-QOL17 score.",Premise
3943,AbstRCT_mixed_29643323,Linagliptin is superior to voglibose in terms of improving treatment-related QOL in Japanese patients with T2DM.,Claim
3944,AbstRCT_mixed_29577107,"Observational data support a role for vitamin D in type 2 diabetes,",Claim
3945,AbstRCT_mixed_29577107,but evidence from trials is inconclusive.,Claim
3946,AbstRCT_mixed_29577107,"At week 24, mean 25(OH)D changed by 20.5 and -1.6 ng/mL in the vitamin D and placebo groups, respectively (P < 0.001).",Premise
3947,AbstRCT_mixed_29577107,The vitamin D and placebo groups did not differ in change in ISR or HbA1c.,Premise
3948,AbstRCT_mixed_29577107,"Among patients treated with lifestyle only (n = 28), vitamin D supplementation reduced HbA1c compared with placebo (-0.1% vs 0.3%, respectively; P = 0.034) at week 24.",Premise
3949,AbstRCT_mixed_29577107,Vitamin D3 at 4000 IU/d did not change ISR or HbA1c in patients with well-controlled type 2 diabetes on metformin not selected for vitamin D deficiency.,Premise
3950,AbstRCT_mixed_29477688,"The cumulative probability of failure during the first year of follow-up was 17.3% in the tube group and 7.9% in the trabeculectomy group (P = 0.01; hazard ratio, 2.59; 95% confidence interval, 1.20-5.60).",Premise
3951,AbstRCT_mixed_29477688,Postoperative complications developed in 36 patients (29%) in the tube group and 48 patients (41%) in the trabeculectomy group (P = 0.06).,Premise
3952,AbstRCT_mixed_29477688,Serious complications requiring reoperation or producing a loss of 2 Snellen lines or more occurred in 1 patient (1%) in the tube group and 8 patients (7%) in the trabeculectomy group (P = 0.03).,Premise
3953,AbstRCT_mixed_29477688,Trabeculectomy with MMC had a higher surgical success rate than tube shunt implantation after 1 year in the PTVT Study.,Claim
3954,AbstRCT_mixed_29477688,The frequency of serious complications producing vision loss or requiring reoperation was lower after tube shunt surgery relative to trabeculectomy with MMC.,Claim
3955,AbstRCT_mixed_29477688,Lower IOP with use of fewer glaucoma medications was achieved after trabeculectomy with MMC compared with tube shunt surgery during the first year of follow-up.,Claim
3956,AbstRCT_mixed_29477688,"Mean ± standard deviation IOP was 13.8±4.1 mmHg in the tube group and 12.4±4.4 mmHg in the trabeculectomy group at 1 year (P = 0.01), and the number of glaucoma medications was 2.1±1.4 in the tube group and 0.9±1.4 in the trabeculectomy group (P < 0.001).",Premise
3957,AbstRCT_mixed_29463627,"Compared with the spironolactone group (n=95), the clonidine group (n=92) presented similar rates of achieving the primary end point (20.5% versus 20.8%, respectively; relative risk, 1.01 [0.55-1.88]; P=1.00).",Premise
3958,AbstRCT_mixed_29463627,"Secondary end point analysis showed similar office BP (33.3% versus 29.3%) and ambulatory BP monitoring (44% versus 46.2%) control for spironolactone and clonidine, respectively.",Premise
3959,AbstRCT_mixed_29463627,spironolactone promoted greater decrease in 24-h systolic and diastolic BP and diastolic daytime ambulatory BP than clonidine.,Premise
3960,AbstRCT_mixed_29463627,"clonidine was not superior to spironolactone in true resistant hypertensive patients, but the overall BP control was low (≈21%).",Claim
3961,AbstRCT_mixed_29463627,spironolactone is preferable for the fourth-drug therapy.,Claim
3962,AbstRCT_mixed_29527973,"At 6 months, the mean systolic blood pressure fell by 27.0 mm Hg (to 125.8 mm Hg) in the intervention group and by 9.3 mm Hg (to 145.4 mm Hg) in the control group; the mean reduction was 21.6 mm Hg greater with the intervention (95% confidence interval, 14.7 to 28.4; P<0.001).",Premise
3963,AbstRCT_mixed_29527973,A blood-pressure level of less than 130/80 mm Hg was achieved among 63.6% of the participants in the intervention group versus 11.7% of the participants in the control group (P<0.001).,Premise
3964,AbstRCT_mixed_29527973,"In the intervention group, the rate of cohort retention was 95%, and there were few adverse events (three cases of acute kidney injury).",Premise
3965,AbstRCT_mixed_29527973,"Among black male barbershop patrons with uncontrolled hypertension, health promotion by barbers resulted in larger blood-pressure reduction when coupled with medication management in barbershops by specialty-trained pharmacists.",Claim
3966,AbstRCT_mixed_29498351,Ca consumption during the study was equivalent to 1200 mg/d during MD and 525 mg/d during CD.,Premise
3967,AbstRCT_mixed_29498351,"There was a greater reduction in WC, SBP, DBP and LAP index after MD compared with CD.",Premise
3968,AbstRCT_mixed_29498351,"HDL:LDL ratio increased and total cholesterol, LDL-cholesterol, SBP, DBP and LAP index decreased only in MD.",Premise
3969,AbstRCT_mixed_29498351,The consumption of approximately 1200 mg of Ca/d (700 mg from fat-free milk+500mg from other dietary sources) associated with an energy-restricted diet decreased some of the MetS components and cardiometabolic measures in adults with T2DM.,Premise
3970,AbstRCT_mixed_27545497,"Tenofovir disoproxil fumarate (TDF) monotherapy was effective and well tolerated without TDF resistance development in CHB patients with LAM-R, for up to 240weeks.",Claim
3971,AbstRCT_mixed_27545497,"At week 240, 83.0% of patients in the TDF arm, and 82.7% of patients in the FTC/TDF treatment arm had HBV DNA<69IU/ml (p=0.96).",Premise
3972,AbstRCT_mixed_27545497,Rates of normal alanine aminotransferase (ALT) and normalised ALT were similar between groups (p=0.41 and p=0.97 respectively).,Premise
3973,AbstRCT_mixed_27545497,"Hepatitis B e antigen loss and seroconversion at week 240 were similar between groups, (p=0.41 and p=0.67 respectively).",Premise
3974,AbstRCT_mixed_27545497,"Overall, six patients achieved hepatitis B surface antigen (HBsAg) loss and one patient (FTC/TDF arm) had HBsAg seroconversion by week 240.",Premise
3975,AbstRCT_mixed_27545497,No TDF resistance was observed up to week 240.,Premise
3976,AbstRCT_mixed_27545497,"Treatment was generally well tolerated, and renal events were mild and infrequent (∼8.6%).",Premise
3977,AbstRCT_mixed_27545497,"The mean change in bone mineral density at week 240 was -0.98% and -2.54% at the spine and hip, respectively.",Premise
3978,AbstRCT_mixed_27545497,TDF monotherapy was effective and well tolerated in LAM-R CHB patients for up to 240 weeks.,Claim
3979,AbstRCT_mixed_29432772,Synbiotic is effective in reducing of blood pressure in women with GDM.,Claim
3980,AbstRCT_mixed_29432772,"No significant changes in FPG, insulin resistance/sensitivity, lipid profile and TAC indices were seen in synbiotic group compared to the placebo one (p > 0.05).",Premise
3981,AbstRCT_mixed_29432772,Significant within group increases for HDL-C and TAC levels in synbiotic group were observed (p < 0.05).,Premise
3982,AbstRCT_mixed_29432772,"LDL-C showed significant increment in the placebo group compared to the baseline of the study (6.9 mg/dL, p < 0.05).",Premise
3983,AbstRCT_mixed_29432772,"Between group comparison showed significant decrease in SBP and DBP in synbiotic group compared to placebo (-2.5 vs. 8.6 mmHg, and -1.8 vs. 2.1 mmHg, p < 0.05).",Premise
3984,AbstRCT_mixed_29432772,"The results showed that, in women with GDM, synbiotic supplementation had no effect on FPG and insulin resistance/sensitivity indices.",Claim
3985,AbstRCT_mixed_29432772,Lipid profile and TAC status may be affected by synbiotic supplementation.,Claim
3986,AbstRCT_mixed_28777224,"Compared with baseline, IOP drop at last visit was 11.76±5.51 and 13.43±5.92 in the bevacizumab and MMC groups, respectively (P=0.207).",Premise
3987,AbstRCT_mixed_28777224,"At last visit, complete success was achieved in 25 cases (61%) of bevacizumab group and 23 cases (66%) of MMC group (P=0.669).",Premise
3988,AbstRCT_mixed_28777224,Early filtering bleb leak was more prevalent in bevacizumab group (29% vs. 11%).,Premise
3989,AbstRCT_mixed_28777224,A single 1.25 mg dose of intracameral bevacizumab improves the success of trabeculectomy comparable with MMC;,Claim
3990,AbstRCT_mixed_28777224,"however, it increases the risk of early filtering bleb leakage.",Claim
3991,AbstRCT_mixed_28777224,"The preoperative IOP was 29.17±3.94 and 28.8±4.08 mm Hg in the bevacizumab and MMC groups, respectively (P=0.689).",Premise
3992,AbstRCT_mixed_28777224,Last visit IOP was 17.41±3.11 mm Hg in the bevacizumab group and 15.34±3.62 mm Hg in the MMC group (P<0.009).,Premise
3993,AbstRCT_mixed_29553852,Hypertension is a generally accepted atherogenic risk factor.,MajorClaim
3994,AbstRCT_mixed_29553852,"The results showed that mean c-IMT z-scores increased significantly during 4 years (0.002 ± 0.003, p < 0.001) as well as carotid-femoral PWV (13.99 ± 2.74, p < 0.01) and total cholesterol (6.97 ± 1.08, p < 0.001).",Premise
3995,AbstRCT_mixed_29553852,"Linear regression showed statistically significant associations between systolic blood pressure, diastolic blood pressure, C-reactive protein, lip-line, and heart rate with c-IMT z-scores of >1.5SD in the fully adjusted models and the p values were 0.000, 0.000, 0.017, 0.001, and 0.044, respectively .",Premise
3996,AbstRCT_mixed_29553852,"In a full-model logistic regression, significant risk factors for an increase in IMT of ≥1.5 z-scores were carotid-femoral PWV (odds ratio: 1.119, confidence interval: 1.018, 1.230, p = 0.020 < 0.05) at first measurement.",Premise
3997,AbstRCT_mixed_29553852,The conclusion of the study was that longitudinal c-IMT measurements revealed progression in subclinical atherosclerosis during a four-year period in a hypertensive old-aged cohort.,Claim
3998,AbstRCT_mixed_29553852,"Systolic or diastolic blood pressure, homocysteine, carotid-femoral PWV, and waistline were significantly related to c-IMT increment.",Claim
3999,AbstRCT_mixed_29553852,By lifestyle and medical intervention to control these risk factors may prevent progression of c-IMT in old-aged cohort with hypertension.,MajorClaim
4000,AbstRCT_mixed_28889724,"The results highlight the need to promote the benefits of this drug combination in helping chronic hepatitis B patients with interferon resistance, and to promote its application in clinical practices.",MajorClaim
4001,AbstRCT_mixed_28889724,"After treatment, the levels of the indexes in both groups (the combination treatment group vs. the entecavir group) were as follows: bilirubin (67.5±7.7 vs. 82.4±13.5 μmol/L); International Normalized Ratio (INR) (1.21±0.8 vs. 1.14±0.7); creatinine (147.3±12.4 vs. 287.4±21.6 mg/dL); GGT (67.4±23.2 vs. 88.4±23.7 U/L); and ALT (63.4±40.8 vs. 96.5±23.5 U/L).",Premise
4002,AbstRCT_mixed_28889724,"In comparison of the indexes of hepatic fibrosis between the two groups, we found the following differences: PCIII (67.5±7.7 vs. 82.4±13.5 μg/L); IV-C (61.3±18.7 vs. 74.5±17.9 μg/L); HA (147.3±12.4 vs. 87.4±31.6 μg/L); and LN (88.7±13.2 vs 102.5±23.4 μg/L).",Premise
4003,AbstRCT_mixed_28889724,The results showed that the differences in comparison of the indexes before and after the treatment were statistically significant (P<0.05).,Premise
4004,AbstRCT_mixed_28889724,"After treatment, the MELD score of patients in the combination treatment group was significantly lower than that in the entecavir group (18.7±3.2 vs. 22.5±3.4), with a statistically significant difference (P<0.05).",Premise
4005,AbstRCT_mixed_28889724,"In the chronic hepatitis B patients with interferon resistance, the combined administration of entecavir and adefovir dipivoxil can significantly improve liver function, hepatic fibrosis and MELD scores.",Claim
4006,AbstRCT_mixed_29332633,"Multivariate analysis indicated a positive relationship between 6MWD and the Physical Composite Score for QoL (p=0.004),",Premise
4007,AbstRCT_mixed_29332633,"negative relationship between delta SPO2 and the Mental Composite Score (p=0.02), irrespective of other known prognostic factors (such as haemodynamics at right heart catheterization).",Premise
4008,AbstRCT_mixed_29332633,"Depression and Trait-Anxiety were associated with a lower physical (p=0.001) and mental (p<0.001) QoL, respectively.",Premise
4009,AbstRCT_mixed_29332633,Psychological factors impact the HRQoL of treated patients.,Claim
4010,AbstRCT_mixed_29332633,A longitudinal and qualitative study should refine these results.,Claim
4011,AbstRCT_mixed_29580746,"In CHEST-1, riociguat significantly improved RRS (p < 0.0001) and risk stratum (p < 0.001) vs placebo from baseline to Week 16.",Premise
4012,AbstRCT_mixed_29580746,"RRS at baseline, and at Week 16, and change in RRS during CHEST-1 were significantly associated with survival (hazard ratios for a 1-point reduction in RRS: 0.702, 0.692, and 0.682, respectively) and clinical worsening-free survival (hazard ratios: 0.697, 0.719, and 0.754, respectively) over 2 years in CHEST-2.",Premise
4013,AbstRCT_mixed_29580746,Riociguat improved RRS in patients with inoperable and persistent/recurrent CTEPH.,Premise
4014,AbstRCT_mixed_29580746,"RRS at baseline and Week 16, and change in RRS from baseline, predicted survival and clinical worsening-free survival.",Premise
4015,AbstRCT_mixed_29580746,This analysis of RRS in patients with inoperable or persistent/recurrent CTEPH suggests utility for the RRS in indications beyond PAH.,Claim
4016,AbstRCT_mixed_29406428,Severely immunosuppressed individuals with raised pretreatment AST/ALT or HBsAg seropositivity need closer monitoring for hepatotoxicity.,Claim
4017,AbstRCT_mixed_29406428,"Among 426 participants (53% male, median age 35 years, median CD4 count 19 cells/µL), 31 developed hepatotoxicity (7.3%).",Premise
4018,AbstRCT_mixed_29406428,"Raised pretreatment AST/ALT (odds ratio [OR] 3.6, 95% confidence interval [CI]: 1.7 to 7.7) and hepatitis B surface antigen (HBsAg) seropositivity at baseline (OR 4.7, 95% CI: 1.7 to 12.9) were significantly associated with an increased risk of developing hepatotoxicity.",Premise
4019,AbstRCT_mixed_29406428,"Participants with both raised AST/ALT and positive HBsAg had a higher risk (OR 19.9, 95% CI: 5.3 to 74.3) and earlier onset of hepatotoxicity than participants who did not have these conditions at baseline.",Premise
4020,AbstRCT_mixed_29406428,The incidence of hepatotoxicity during IPT and ART was high.,Claim
4021,AbstRCT_mixed_29611209,Survival advantage was significant with regular surveillance but not with irregular surveillance.,Claim
4022,AbstRCT_mixed_29611209,"Patients in the regular surveillance group were diagnosed at earlier stages ([very] early stage, 64.4%) than the irregular surveillance (40.4%) or nonsurveillance (26.9%) groups and had more chance for curative treatments (52.4%) than the irregular surveillance (39.4%) or nonsurveillance (23.3%) groups (all P < 0.001).",Premise
4023,AbstRCT_mixed_29611209,"Mortality risk was significantly lower in the regular surveillance group (adjusted hazard ratio [aHR], 0.69; 95% [CI], 0.57-0.83) but not in the irregular surveillance group (aHR, 0.94; 95% CI, 0.69-1.28) compared with the nonsurveillance group after adjusting for confounding factors and lead-time.",Premise
4024,AbstRCT_mixed_29611209,"When the subjects were restricted to cirrhotic patients or Child-Pugh class A/B patients, similar results were obtained for mortality risk reduction between groups.",Premise
4025,AbstRCT_mixed_29611209,HCC surveillance was associated with longer survival owing to earlier diagnosis and curative treatment.,Claim
4026,AbstRCT_mixed_29329305,"After a mean follow-up period of 96 weeks, the proportion of HBV reactivation observed was 6.8% (4/58) in the LAM+ADV group and 4.5% (5/111) in the TDF group by using intention-to-treat analysis (difference, -2.3%; 95% CI, -9.84-5.24%).",Premise
4027,AbstRCT_mixed_29329305,None of the subjects in either group experienced viral reactivation based on per protocol analysis.,Premise
4028,AbstRCT_mixed_29329305,No serious adverse reactions were observed.,Premise
4029,AbstRCT_mixed_29329305,"In the subgroup analysis for estimated glomerular filtration rate (eGFR) before and after treatment, decreased eGFR was observed only in the TDF group with cirrhosis (85.22 vs. 79.83 mL/min/1.73 m2, p = 0.000).",Premise
4030,AbstRCT_mixed_29329305,Stable switching to TDF monotherapy yielded non-inferior results at 96 weeks compared to the results obtained with LAM+ADV combination therapy in patients with LAM-resistant CHB and undetectable HBV DNA.,Claim
4031,AbstRCT_mixed_29329305,"However, TDF monotherapy in patients with cirrhosis requires close attention with respect to renal function.",Claim
4032,AbstRCT_mixed_29329305,The efficacy of switching to tenofovir disoproxil fumarate (TDF) monotherapy from lamivudine (LAM) plus adefovir dipivoxil (ADV) combination therapy (stable switching) in patients with LAM-resistant chronic hepatitis B (CHB) and undetectable hepatitis B virus (HBV) DNA is not clear.,MajorClaim
4033,AbstRCT_mixed_28454526,"In Group 1 and 2, intraocular pressure was well controlled to approximately 14 mmHg (9.38-18.46% decrease).",Premise
4034,AbstRCT_mixed_28454526,"Generally, subjective satisfaction was improved after changing from PT to NPT (p = 0.03) and TBUT using PT was numerically inferior to that using NPT (p = 0.06) but not when changing from NPT to PT.",Premise
4035,AbstRCT_mixed_28454526,Both preservative containing and preservative-free 0.0015% tafluprost reduced intraocular pressure significantly.,Claim
4036,AbstRCT_mixed_28454526,changing medication from PT to NPT might improve subjective satisfaction and tear break up time.,MajorClaim
4037,AbstRCT_mixed_29478187,Larger studies using physiologically standardized ginseng preparations are warranted to substantiate the present findings and to demonstrate therapeutic effectiveness of AG.,Claim
4038,AbstRCT_mixed_29478187,AG extract added to conventional treatment provided an effective and safe adjunct in the management of T2DM.,Claim
4039,AbstRCT_mixed_29478187,"Compared to placebo, AG significantly reduced HbA1c (- 0.29%; p = 0.041) and fasting blood glucose (- 0.71 mmol/L; p = 0.008).",Premise
4040,AbstRCT_mixed_29478187,"AG lowered systolic blood pressure (- 5.6 ± 2.7 mmHg; p < 0.001), increased NOx (+ 1.85 ± 2.13 µmol/L; p < 0.03), and produced a mean percent end-difference of - 12.3 ± 3.9% in LDL-C and - 13.9 ± 5.8% in LDL-C/HDL.",Premise
4041,AbstRCT_mixed_29610590,"There was a significant difference in post-intervention levels of urea, creatinine, sodium, potassium, calcium, and phosphorus between the two groups.",Premise
4042,AbstRCT_mixed_29610590,Appropriate nutrition training via small-group method for patients on hemodialysis can impose positive effects on laboratory parameters.,Claim
4043,AbstRCT_mixed_29633159,"anthracyclines are effective chemotherapeutic agents for treating B-cell lymphoma,",Claim
4044,AbstRCT_mixed_29633159,"adverse effects, such as bone marrow suppression and cardiotoxicity, limit their clinical application.",Claim
4045,AbstRCT_mixed_29633159,"Cumulative anthracycline doses of 253-400 mg (HR: 2.35; 95% CI 1.41-3.91; p = 0.0010), 401-504 mg (HR: 2.26; 95% CI 1.26-4.05; p = 0.0063), and > 504 mg (HR: 2.29; 95% CI 1.25-4.18; p = 0.0072) increased the incidence density of diabetes in a dose-dependent manner (p = 0.0006).",Premise
4046,AbstRCT_mixed_29633159,"Anthracycline administration was associated with a higher incidence of diabetes (HR: 1.75; 95% CI 1.11-2.75; p = 0.0163) after adjustments for age, gender, cumulative dose of prednisolone, and co-morbidities.",Premise
4047,AbstRCT_mixed_29633159,The annual alteration of adapted diabetes complications severity index score was not significantly different between B-cell lymphoma patients with or without anthracycline treatment (p = 0.4924).,Premise
4048,AbstRCT_mixed_29633159,Anthracycline therapy increases diabetes risk in a dose-dependent manner in B-cell lymphoma patients.,Claim
4049,AbstRCT_mixed_29633159,Intensive blood glucose monitoring and control should be recommended for B-cell lymphoma patients receiving anthracycline treatment.,Claim
4050,AbstRCT_mixed_28603112,It is concluded that Safoof akseer e jigar possesses as effective a therapeutic value in treating hepatitis B as allopathic medicine.,MajorClaim
4051,AbstRCT_mixed_28603112,No significant difference was identified after treatment and it was found that the efficacy of Alpha (Control drug) is same as Safoof akseer e jigar (Test drug).,Premise
4052,AbstRCT_mixed_28603112,The data offered support to the null hypothesis and therefore research hypothesis was rejected.,Claim
4053,AbstRCT_mixed_28603112,"According to the statistical analysis by chi square, hepatitis B was recorded as negative in 26 patients (57.77%) out of 45 patients by the use of Interferon Alpha (control therapy) and in 27 patients (64.28%) out of 42 patients by the use of Safoof akseer e jigar (test drug).",Premise
4054,AbstRCT_mixed_28603112,Comparison of the data recorded of the patients was determined as both drugs showed significant improvement and p value>0.05.,Premise
4055,AbstRCT_mixed_28603112,The efficacy response is equal in both drugs while test drug showed more safety response.,Claim
4056,AbstRCT_mixed_29654388,The immunosuppressive drug rapamycin may influence insulin sensitivity in insulin-responsive tissues.,MajorClaim
4057,AbstRCT_mixed_29654388,"This treatment may improve short-term ITx outcomes, possibly in selected patients with T1DM complicated by insulin resistance.",Claim
4058,AbstRCT_mixed_29654388,"Rapamycin pre-treatment before ITx succeeds in reducing insulin requirement, enhancing hepatic insulin sensitivity.",Claim
4059,AbstRCT_mixed_29654388,"Hepatic glucose production decreased after rapamycin pre-treatment (- 1.1 ± 1.1 mg/kg/min, p = 0.04) and after ITx (- 1.6 ± 0.6 mg/kg/min, p = 0.015),",Premise
4060,AbstRCT_mixed_29654388,no changes in peripheral glucose disposal were observed.,Premise
4061,AbstRCT_mixed_29654388,"Fasting glucose and HbA1c significantly decreased 1 year after ITx in Group 1 (HbA1c: - 2.1 ± 1.4%, p = 0.002),",Premise
4062,AbstRCT_mixed_29654388,"fasting C-peptide (+0.5 ± 0.3 nmol/l, p = 0.002) and SUITO index increased (+57.4 ± 39.7, p = 0.016), without differences between the two groups.",Premise
4063,AbstRCT_mixed_29654388,"DIR reduction 1 year after ITx was greater in Group 1 as compared to Group 2 (- 37 ± 15 vs. - 19 ± 13 U/day, p = 0.005) and remained significant after adjusting for gender, age, glucose and baseline HbA1c (beta = 18.2 ± 5.9, p = 0.006).",Premise
4064,AbstRCT_mixed_29654388,"We found a significant reduction in DIR after rapamycin pre-treatment (- 8 ± 6 U/day, mean ± SD, p < 0.001) and 1 year after ITx.",Premise
4065,AbstRCT_mixed_29559030,"At two year follow-up there was a significant group by time interaction showing lower Center for Epidemiological Studies-Depression (CESD) scores in the SSRI + CCB group, F(1,291) = 4.13, p = 0.043, η2 p = 0.014.",Premise
4066,AbstRCT_mixed_29559030,"Over ten-years follow-up, SSRI + CCB use was associated with improved general cognitive function (Mini-Mental State Examination: β = 0.97; 95% CI 0.14 to 1.81, p = 0.023) and immediate visual memory (Boston Visual Retention Test: β = 0.69; 95% CI 0.06 to 1.32, p = 0.033).",Premise
4067,AbstRCT_mixed_29559030,The findings provide general population evidence that SSRI augmentation with CCB may improve depression and cognitive function.,Claim
4068,AbstRCT_mixed_29577550,Methionine aminopeptidase 2 (MetAP2) inhibition has been shown to result in significant weight loss and improved glucose control.,MajorClaim
4069,AbstRCT_mixed_29577550,ZGN-1061 was well tolerated across all doses with most frequent adverse events of mild headache and procedural-related irritation.,Premise
4070,AbstRCT_mixed_29577550,"All doses of ZGN-1061 were rapidly absorbed and cleared, resulting in short duration of exposure that is anticipated to minimize potential off-drug target risks.",Premise
4071,AbstRCT_mixed_29577550,Safety observations were consistent with SAD findings.,Premise
4072,AbstRCT_mixed_29577550,Efficacy measures in the MAD phase indicated trends for weight change (-1.5 kg total ZGN-1061 vs -0.2 kg placebo) and other biomarker changes.,Premise
4073,AbstRCT_mixed_29577550,ZGN-1061 was well tolerated with no safety signals in all doses tested.,Claim
4074,AbstRCT_mixed_29577550,the desired pharmacokinetic profile and preliminary efficacy observations with ZGN-1061 support evaluation in larger and longer clinical trials.,Claim
4075,AbstRCT_mixed_27603149,This study suggests the possibility of Korean Red Ginseng as a complementary therapy for chronic hepatitis B.,Claim
4076,AbstRCT_mixed_27603149,"The non-invasive fibrosis serologic markers were further decreased in the experimental group, with significant differences after treatment observed for hyaluronic acid (p = 0.032) and transforming growth factor-β (p = 0.008), but not for type IV collagen (p = 0.174).",Premise
4077,AbstRCT_mixed_27603149,"Differences in several non-invasive fibrosis serologic markers (type IV collagen, hyaluronic acid, transforming growth factor-β) and in the hepatitis B virus DNA levels were compared between the groups.",Premise
4078,AbstRCT_mixed_29428785,iron-containing multiple micronutrient may reduce the risk of pregnancy-induced hypertension including gestational hypertension or preeclampsia.,MajorClaim
4079,AbstRCT_mixed_29428785,"The incidence of pregnancy-induced hypertension was 7.1% (423/5923), 6.3% (374/5933) and 6.3% (372/5914) among the pregnant women who took folic acid only, iron-folic acid and multiple micronutrient supplements, respectively.",Premise
4080,AbstRCT_mixed_29428785,"The adjusted odds ratios associated with iron-folic acid supplements and multiple micronutrient supplements for pregnancy-induced hypertension were both nearly 0.88 (95% confidence interval, 0.76-1.02), compared with folic acid supplements only.",Premise
4081,AbstRCT_mixed_29428785,"among pregnant women aged 20-24 years, iron-containing multiple micronutrient supplementation was associated with a reduced risk of pregnancy-induced hypertension compared with folic acid supplements only.",Claim
4082,AbstRCT_mixed_29428785,"Among pregnant women aged 20-24 years, iron-folic acid (adjusted odds ratios: 0.81, 95% confidence interval: 0.67-0.96) or multiple micronutrient supplementation (adjusted odds ratios: 0.83, 95% confidence interval: 0.70-0.99) can significantly reduce the risk of pregnancy-induced hypertension compared to folic acid supplementation.",Premise
4083,AbstRCT_mixed_29510792,"Aortic systolic pressure and augmentation index, assessed by radial artery oscillatory tonometry, were unaffected by CPAP but decreased after AZT and AZT plus CPAP (RM-ANOVA P = .030 and .031, respectively).",Premise
4084,AbstRCT_mixed_29510792,"The apnea-hypopnea index was significantly reduced in all three treatment arms, most prominently by AZT plus CPAP (RM-ANOVA P = .003).",Premise
4085,AbstRCT_mixed_29510792,"The reduction of venous bicarbonate concentration following AZT was correlated with the change of apnea-hypopnea index (r = 0.66, P = .013).",Premise
4086,AbstRCT_mixed_29510792,"AZT reduced blood pressure, vascular stiffness, and sleep-disordered breathing in patients with OSA and comorbid hypertension.",Claim
4087,AbstRCT_mixed_29510792,Carbonic anhydrase inhibition may constitute a potential target for drug therapy in patients with sleep apnea and comorbid hypertension.,MajorClaim
4088,AbstRCT_mixed_29104121,"Vesatolimod was safe and well-tolerated in patients with CHB, demonstrating consistent dose-dependent pharmacodynamic induction of ISG15 without significant systemic induction of IFNα expression or related symptoms.",Claim
4089,AbstRCT_mixed_29104121,Most (41-80%) experienced ≥1 AE during the study with the majority of AEs mild or moderate in severity.,Premise
4090,AbstRCT_mixed_29104121,"No significant declines in HBsAg were observed at the primary (Week 24) or secondary endpoints (Weeks 4, 8, 12, and 48).",Premise
4091,AbstRCT_mixed_29104121,"ISG15 induction was dose-dependent and consistent after repeat dosing, returning closer to baseline by one week after treatment at all dose levels;",Premise
4092,AbstRCT_mixed_29104121,no patient demonstrated significant serum interferon alpha (IFNα) expression at any timepoint evaluated.,Premise
4093,AbstRCT_mixed_29104121,Multivariate analyses showed that ≥2-fold ISG15 induction is associated with 2- or 4-mg vesatolimod dose and female sex.,Premise
4094,AbstRCT_mixed_29608107,"Time with nocturnal hypoglycemia, glucose levels <70 mg/dL was reduced by 48% (10.2 vs. 19.6 min each night, P < 0.001) and glucose levels <54 mg/dL by 65%. (3.1 vs. 8.9 min, P < 0.001).",Premise
4095,AbstRCT_mixed_29608107,"For the corresponding glucose cutoffs, daytime hypoglycemia was reduced by 40% (29 vs. 49 min, P < 0.001) and 54% (8 vs. 18 min., P < 0.001), respectively.",Premise
4096,AbstRCT_mixed_29608107,"Compared with SMBG, CGM use improved hypoglycemia-related confidence in social situations (P = 0.016) and confidence in more broadly avoiding serious problems due to hypoglycemia (P = 0.0020).",Premise
4097,AbstRCT_mixed_29608107,Persons also reported greater confidence in detecting and responding to decreasing blood glucose levels (thereby avoiding hypoglycemia) during CGM use (P = 0.0033),Premise
4098,AbstRCT_mixed_29608107,indicated greater conviction that they could more freely live their lives despite the risk of hypoglycemia (P = 0.022).,Premise
4099,AbstRCT_mixed_29608107,"CGM reduced time in both nocturnal and daytime hypoglycemia in persons with type 1 diabetes treated with MDI and improved hypoglycemia-related confidence, especially in social situations, thus contributing to greater well-being and quality of life.",Claim
4100,AbstRCT_mixed_28912358,"Compared with metformin, COC plus spironolactone caused larger decreases in hirsutism score (mean difference 4.6 points, 95% CI: 2.6-6.7), total testosterone (1.1 nmol/L, 0.4-1.7), free testosterone (25 pmol/L, 12-39), androstenedione (5.5 nmol/L, 1.8-9.2) and dehydroepiandrosterone sulfate (2.7 μmol/L, 1.4-4.0).",Premise
4101,AbstRCT_mixed_28912358,"Menstrual dysfunction was less frequent with COC plus spironolactone (OR: 0.06, 95% CI: 0.02-0.23).",Premise
4102,AbstRCT_mixed_28912358,"No differences were found in frequencies of abnormal glucose tolerance (OR: 1.7, 95% CI: 0.7-4.4), dyslipidemia (OR: 0.6, 95% CI: 0.2-1.8) or hypertension (OR: 0.3, 95% CI: 0.5-2.0).",Premise
4103,AbstRCT_mixed_28912358,No major adverse events occurred and biochemical markers were similarly safe with both treatments.,Premise
4104,AbstRCT_mixed_28912358,COC plus spironolactone was more effective than metformin for symptoms of PCOS showing similar safety and overall neutral effects on cardiometabolic risk factors.,Claim
4105,AbstRCT_mixed_28874133,"In sildenafil versus placebo arms, week-12 6MWD increases were similar (least squares mean difference [sildenafil-placebo], -2.4 m [90% CI: -21.8 to 17.1 m]; P = 0.6); mean ± SD changes from baseline were 26.4 ± 45.7 versus 11.8 ± 57.4 m, respectively, in IPAH (65% of population) and -18.3 ± 82.0 versus 17.5 ± 59.1 m in APAH-CTD (35% of population).",Premise
4106,AbstRCT_mixed_28874133,Changes in WHO functional class and Borg dyspnoea score and incidence of clinical worsening did not differ.,Premise
4107,AbstRCT_mixed_28874133,"Headache, diarrhoea, and flushing were more common with sildenafil.",Premise
4108,AbstRCT_mixed_28874133,"Sildenafil, in addition to stable (≥3 months) bosentan therapy, had no benefit over placebo for 12-week change from baseline in 6MWD.",Claim
4109,AbstRCT_mixed_29565948,Sodium nitrite has been reported to be effective in reducing chronic peripheral pain.,MajorClaim
4110,AbstRCT_mixed_29565948,There were no reports of treatment-related headaches.,Premise
4111,AbstRCT_mixed_29565948,The number of subjects reporting adverse events and the number of adverse events did not change with dose.,Premise
4112,AbstRCT_mixed_29565948,"In the NPSI assessment, patients in the 40 mg and 80 mg dose group reported a 12.7% and 22.0% reduction in pain, respectively, compared to an 8.4% reduction by patients in the placebo group.",Premise
4113,AbstRCT_mixed_29565948,"the 40 mg dosing group reported the greatest reduction in pain using the McGill Pain index and via patient logs of daily pain scores,",Premise
4114,AbstRCT_mixed_29565948,the mean of pain scores reported by subjects in the 40 mg group dropped by day 41 and generally stayed lower than the mean of scores reported by subjects in either of the other two groups.,Premise
4115,AbstRCT_mixed_29565948,Patients in the 80 mg SR-nitrite group had an improvement in both Nerve Sensory Conductance and Nerve Sensory Velocity.,Premise
4116,AbstRCT_mixed_29565948,No changes were observed in HbA1c levels or PulseOx.,Premise
4117,AbstRCT_mixed_29565948,"In a previous study of patients with peripheral arterial disease (PAD), 40 mg BID treatment led to a statistically significant reduction in reported pain, similar trends were observed at the end of the trial period for most of the pain questionnaires used in the study.",Premise
4118,AbstRCT_mixed_29565948,"The ability to alleviate pain with BID treatment of SR-nitrite offers promise for a new non-addictive, non-sedating treatment of chronic pain and warrants further study.",Claim
4119,AbstRCT_mixed_29565948,"The 80 mg BID treatment had the more pronounced affect on bioactivity (quantitative sensory testing), which was similar to the PAD study, where this dose group had the greatest improvement in FMD {AU: spell out FMD}.",Premise
4120,AbstRCT_mixed_29565948,Sustained release sodium nitrite prevents the prevalent reports of headaches by patients treated with an immediate release formulation of sodium nitrite.,Claim
4121,AbstRCT_mixed_29601076,Risk of all three outcomes was higher for participants with chronic kidney disease or frailty.,Premise
4122,AbstRCT_mixed_29601076,"Older age was also associated with greater risk of syncope, hypotension, and falls, but there was no age-by-treatment interaction for any of the SAE outcomes.",Premise
4123,AbstRCT_mixed_29601076,"Participants randomized to intensive SBP control had greater risk of hypotension and possibly syncope, but not falls.",Claim
4124,AbstRCT_mixed_29601076,"Randomization to intensive SBP control was associated with greater risk of an SAE involving hypotension (hazard ratio (HR) = 1.67, 95% confidence interval (CI) = 1.21-2.32, P = .002), and possibly syncope (HR = 1.32, 95% CI = 0.98-1.79, P = .07), but not falls (HR = 0.98, 95% CI = 0.75-1.29, P = .90).",Premise
4125,AbstRCT_mixed_28370419,"TDF monotherapy was efficacious and safe for up to 144 weeks, providing an increasing rate of virologic response in heavily pretreated patients with multidrug-resistant HBV.",Claim
4126,AbstRCT_mixed_28370419,"Serum HBV DNA <15 IU/mL at week 48, the primary efficacy endpoint, was achieved in 66.3% in the TDF-TDF group and 68.0% in the TDF/ETV-TDF group (P = 0.80).",Premise
4127,AbstRCT_mixed_28370419,"At week 144, the proportion with HBV DNA <15 IU/mL increased to 74.5%, which was significantly higher compared with that at week 48 (P = 0.03), without a significant difference between groups (P = 0.46).",Premise
4128,AbstRCT_mixed_28370419,"By on-treatment analysis, a total of 79.4% had HBV DNA <15 IU/mL at week 144.",Premise
4129,AbstRCT_mixed_28370419,"Transient virologic breakthrough occurred in 6 patients, which was due to poor drug adherence.",Premise
4130,AbstRCT_mixed_28370419,"At week 144, 19 patients who had HBV DNA levels >60 IU/mL qualified for genotypic resistance analysis, and 6 retained some of their baseline resistance mutations of HBV.",Premise
4131,AbstRCT_mixed_28370419,No patients developed additional resistance mutations throughout the study period.,Premise
4132,AbstRCT_mixed_29116050,"Overall, 6.6% of patients modified their initial treatment, with ETV having lower rates of treatment modification than other major NUCs (P<0.05).",Premise
4133,AbstRCT_mixed_29116050,"At week 52, the virologic response rate was higher with ETV than with LAM-based treatment (77.0% versus 61.4%, P<0.0001).",Premise
4134,AbstRCT_mixed_29116050,"LAM-based treatment was associated with a higher probability of virologic breakthrough and genotypic resistance (21.4% and 19.6%, respectively) than ETV (1.6% and 0.1%, respectively) (P<0.0001).",Premise
4135,AbstRCT_mixed_29116050,Treatment-related adverse events or serious adverse events were uncommon.,Premise
4136,AbstRCT_mixed_29116050,"Consistent with clinical trial results, ETV was more effective than LAM-based treatments in a real-world setting, with treatment modification being relatively low in ETV-treated patients.",Claim
4137,AbstRCT_mixed_28898281,"By ITT analysis, HBV reactivation was 0% (0/33) in the study group and 10.7% (3/28) in the observation group (p = 0.091).",Premise
4138,AbstRCT_mixed_28898281,None of the patients in either group showed significant differences in liver function parameters between baseline and the last follow-up sample.,Premise
4139,AbstRCT_mixed_28898281,TDF was generally well tolerated and there were no severe treatment-related adverse events.,Claim
4140,AbstRCT_mixed_28898281,"In patients with hematological malignancy and resolved hepatitis B infection receiving RTX-based regimens, HBV reactivation did not occur in patients given TDF prophylaxis.",Claim
4141,AbstRCT_mixed_29596950,"In the primary intention-to-treat analysis, the effect of GLI encouragement was 0.95% weight loss at six months (95% confidence interval [CI], 0.13-1.77%; P = 0.02), and 1.20% weight loss at 12 months (95% CI, 0.05-2.36%; P = 0.04).",Premise
4142,AbstRCT_mixed_29596950,"At 12 months, there was a 0.30% (3.3 mmol/mol) reduction in hemoglobin A1c,",Premise
4143,AbstRCT_mixed_29596950,but this result did not achieve statistical significance (P = 0.054).,Premise
4144,AbstRCT_mixed_29596950,"In instrumental variable analysis estimating effects among the subgroup of participants who attended any GLI visits, the effect of GLI attendance was 2.30% weight loss at six months (95% CI, 0.30-4.30%; P = 0.02), and 2.07% weight loss at 12 months (95% CI, 0.25-3.88%; P = 0.02).",Premise
4145,AbstRCT_mixed_29596950,"Among adults with type 2 diabetes, a group-based lifestyle intervention in a community-based setting achieved modest weight loss at 6 and 12 months.",Claim
4146,AbstRCT_mixed_28291960,The mean postoperative IOP was statistically significantly lower than the mean preoperative IOP at each follow-up in each group.,Premise
4147,AbstRCT_mixed_28291960,"At 1 year, the mean postoperative IOP was significantly lower in group A.",Premise
4148,AbstRCT_mixed_28291960,"According to the MBGS, blebs with an ologen implant showed significantly better scoring than those with MMC.",Premise
4149,AbstRCT_mixed_28291960,"AS-OCT showed that ologen-induced blebs had significantly more fluid-filled spaces, cleavage planes, and less fibrosis.",Premise
4150,AbstRCT_mixed_28291960,"Ologen resulted in a lower long-term postoperative IOP, a better bleb morphology, and fewer complications.",Claim
4151,AbstRCT_mixed_28291960,Our results suggest that ologen may be a useful alternative to MMC in JOAG.,MajorClaim
4152,AbstRCT_mixed_29364091,"There were no obvious differences in the normalization rate of ALT, negative conversion rate of HBV DNA and HBeAg, as well as improvement in Child-Pugh scores among the combination therapy group, 12-week optimized therapy group, and ETV monotherapy group.",Premise
4153,AbstRCT_mixed_29364091,"For the 24-week optimized therapy group, only ALT levels revealed a significant improvement.",Premise
4154,AbstRCT_mixed_29364091,"At the end of the treatment, the level of alanine amino-transferase (ALT), albumin (ALB) and total bilirubin (TBIL) in the combination therapy group and 12-week optimized therapy group were significantly improved.",Premise
4155,AbstRCT_mixed_29364091,"However, the difference among these three groups and the 24-week optimized therapy group were significant.",Premise
4156,AbstRCT_mixed_29364091,Differences were not observed in the HBeAg seroconversion between each group.,Premise
4157,AbstRCT_mixed_29364091,"Differences in blood urea nitrogen, serum creatinine, creatine kinase, or other serious adverse effects were not observed in each group at the end of the 96-week treatment.",Premise
4158,AbstRCT_mixed_29364091,Combination therapy and early ADV addition were the preferred approaches in the antiviral strategy for the treatment of hepatitis B-induced decompensated cirrhosis.,Claim
4159,AbstRCT_mixed_29588138,Cardiovascular complications are one of main cause of increased mortality and morbidity among Diabetes Mellitus (DM) patients.,MajorClaim
4160,AbstRCT_mixed_29588138,Eight weeks supplementation with EPA led to significant reductions in Met (p < 0.002) and Cys (p < 0.001) compared with the placebo (p < 0.06).,Premise
4161,AbstRCT_mixed_29588138,Altered metabolism of sulphur amino acids in diabetes reflected as increases in concentration of methionine and cysteine/cystine in the blood which known as a markers of Cardiovascular Diseases (CVD).,MajorClaim
4162,AbstRCT_mixed_29588138,compared to placebo a significant reduction in AIP were seen after taking EPA (p < 0.04).,Premise
4163,AbstRCT_mixed_29588138,"EPA supplementation in patients with T2DM for eight weeks had beneficial effects on Met, Cys and AIP, which may attribute to the prevention of vascular complications in the T2DM patients.",Claim
4164,AbstRCT_mixed_29658370,Chronic HFHT compared with LFLT intake significantly increased plasma theobromine (p < 0.0001).,Premise
4165,AbstRCT_mixed_29658370,"Compared with LFLT, acute HFHT intake significantly increased plasma epicatechin and theobromine (p < 0.0001), decreased AIx (p < 0.0001) and increased diastolic BP (3.49 ± 3.40 mmHg increase in HFHT group vs 1.55 ± 2.59 mmHg increase in LFLT group, p = 0.0008).",Premise
4166,AbstRCT_mixed_29658370,"Acute consumption of HFHT, compared to LFLT, increased plasma epicatechin and theobromine concentrations and decreased arterial stiffness, with no effect on endothelial function and a marginal increase in diastolic BP.",Claim
4167,AbstRCT_mixed_29658370,"Chronic HFHT intake increased plasma theobromine, though it did not have positive impacts on endothelial function, arterial stiffness or BP when compared to LFLT in pregnant women at risk of PE.",Claim
4168,AbstRCT_mixed_29316213,valsartan/cilnidipine combination would suppress the home morning blood pressure (BP) surge (HMBPS) more effectively than a valsartan/hydrochlorothiazide combination in patients with morning hypertension,MajorClaim
4169,AbstRCT_mixed_29316213,"At the end of the treatment period, the changes in nocturnal SBP and morning SBP from baseline were significant in both the valsartan/cilnidipine and valsartan/hydrochlorothiazide groups (P < .001): -5.0 vs -10.0 mm Hg (P = .035) and -10.7 vs -13.6 mm Hg (P = .142), respectively.",Premise
4170,AbstRCT_mixed_29316213,"HMBPS was significantly decreased from baseline in both groups (P < .001), but there was no significant difference between the two groups: 14.4 mm Hg vs 14.0 mm Hg, respectively (P = .892).",Premise
4171,AbstRCT_mixed_29316213,Valsartan/cilnidipine could not significantly suppress HMBPS compared with valsartan/hydrochlorothiazide.,Claim
4172,AbstRCT_mixed_29620663,"At the end of the study, the mean systolic blood pressure (SBP) of the ISH LSSalt group had significantly decreased by 10.18 mm Hg (95% confidence interval (CI): 3.13 to 17.2, P = .006) compared with that of the ISH NSalt group,",Premise
4173,AbstRCT_mixed_29620663,"the mean SBP only decreased by 5.10 mm Hg (95% CI: -2.02 to 12.2, P = .158) in the NISH LSSalt group compared with that of the NISH NSalt group.",Premise
4174,AbstRCT_mixed_29620663,The mean diastolic blood pressure (DBP) had no significant differences in the ISH and NISH groups.,Premise
4175,AbstRCT_mixed_29620663,No obvious renin angiotensin system activation was found after LSSalt intervention.,Premise
4176,AbstRCT_mixed_29620663,"The present study showed that the SBP of ISH patients was significantly decreased with the LSSalt intervention,",Claim
4177,AbstRCT_mixed_29620663,"neither the SBP of the NISH patients nor the DBP of either group were similarly decreased, which indicated that ISH patients were more sensitive to salt restriction.",Claim
4178,AbstRCT_mixed_29620663,"Regarding the urinary excretion of electrolytes and blood biochemical assays, the LSSalt treatment had the same effects on the ISH group as on the NISH group.",Premise
4179,AbstRCT_mixed_29620663,"Evidence has shown that long-term sodium reduction can not only reduce blood pressure, but also provide cardiovascular benefits.",MajorClaim
4180,AbstRCT_mixed_29507099,Available data indicate that dietary sodium (as salt) relates directly to blood pressure (BP).,MajorClaim
4181,AbstRCT_mixed_29507099,Normal weight and obese participants manifested significant positive relations to BP of urinary sodium; relations were weaker for overweight people.,Premise
4182,AbstRCT_mixed_29507099,"At lower but not higher levels of 24-hour sodium excretion, potassium intake blunted the sodium-BP relation.",Premise
4183,AbstRCT_mixed_29507099,The adverse association of dietary sodium with BP is minimally attenuated by other dietary constituents;,Claim
4184,AbstRCT_mixed_29507099,these findings underscore the importance of reducing salt intake for the prevention and control of prehypertension and hypertension.,Claim
4185,AbstRCT_mixed_29654381,Large-scale clinical trials have shown that incretin-based therapies mitigate albuminuria,Premise
4186,AbstRCT_mixed_29654381,but have not shown beneficial effects on eGFR.,Premise
4187,AbstRCT_mixed_29654381,"Research on the incretin-based therapies has yielded a diverse array of direct effects throughout the body, which fuels speculation as to how these drugs might benefit the diabetic kidney and affect its function(s).",Premise
4188,AbstRCT_mixed_29654381,"But in vivo experiments have yet to confirm that the proposed mechanisms underlying emergent phenomena, such as proximal tubular fluid reabsorption, are the ones predicted by cell and molecular experiments.",Premise
4189,AbstRCT_mixed_29654381,"There may be salutary effects of incretin-based treatments on the diabetic kidney,",Claim
4190,AbstRCT_mixed_29654381,but the system is complex and not amenable to simple explanation or prior prediction.,Claim
4191,AbstRCT_mixed_29654381,"This contrasts with the renal effects of SGLT2 inhibitors, which can be explained concisely.",Claim
4192,AbstRCT_mixed_29588137,Low serum vitamin D has been associated with metabolic syndrome and Non-alcoholic fatty liver disease (NAFLD).,MajorClaim
4193,AbstRCT_mixed_29588137,"significant reduction of serum alkaline phosphatase and GGT were seen with vitamin D and calcitriol supplementation from baseline levels,",Claim
4194,AbstRCT_mixed_29588137,"no beneficial effects was seen when comparing vitamin D, calcitriol and placebo groups at the end of trial.",Claim
4195,AbstRCT_mixed_29588137,"There was no statistically significant difference between placebo, calcitriol, vitamin D groups in terms of serum aminotransferase, alkaline phosphatase, serum GGT and lipid profile (P > 0.05).",Premise
4196,AbstRCT_mixed_29588137,Serum and gamma glutamyl transferase (GGT) level was also significantly decreased compared to the baseline levels after 12 weeks of treatment with vitamin D.,Premise
4197,AbstRCT_mixed_29588137,"After 12 weeks of treatment, serum alkaline phosphatase levels was significantly decreased from baseline levels in vitamin D and calcitriol treated groups (P < 0.05).",Premise
4198,AbstRCT_mixed_29452204,It shows that a sequential combination of interferon-α and lamivudine was beneficial.,Claim
4199,AbstRCT_mixed_29452204,"Of the 46 patients in the treatment group, 73.91% had undetectable serum HBV DNA, 32.61% achieved HBeAg seroconversion and 21.74% lost hepatitis B surface antigen (HBsAg) at the endpoint.",Premise
4200,AbstRCT_mixed_29452204,No LAM resistance emerged at week 96.,Premise
4201,AbstRCT_mixed_29452204,"In the control group, only one (4.35%) patient underwent spontaneous HBeAg seroconversion and had undetectable serum HBV DNA during observation, and moreover, none developed HBsAg clearance.",Premise
4202,AbstRCT_mixed_29452204,"For all patients, no serious adverse events were observed.",Premise
4203,AbstRCT_mixed_29452204,"Antiviral treatment with a sequential combination of IFN and LAM resulted in a significant improvement in the rates of undetectable serum HBV DNA, HBeAg seroconversion and HBsAg loss in children with chronic HBV infection and immune-tolerant characteristics.",Premise
4204,AbstRCT_mixed_29452204,It remains unresolved how children with immune-tolerant CHB should be treated.,MajorClaim
4205,AbstRCT_mixed_28266150,"At the end of the 2-year follow-up period, the complete success and the failure rates were 67% and 15%, respectively, in the microcatheter-assisted group versus 47% and 50% in the rigid probe trabeculotomy group (p = 0.006).",Premise
4206,AbstRCT_mixed_28266150,"There was a tendency towards lower IOP in the microcatheter group at 1, 3, 6, 12 and 24 months postoperatively, with the difference in IOP reaching statistical significance at 6 months (p = 0.004).",Premise
4207,AbstRCT_mixed_28266150,The mean survival time was significantly longer for the microcatheter group (p = 0.01).,Premise
4208,AbstRCT_mixed_28266150,"At 2 years postoperatively, microcatheter-assisted trabeculotomy still yielded superior results in terms of IOP control and success rates in children with primary congenital glaucoma.",Claim
4209,AbstRCT_mixed_28266150,The need for reoperation for glaucoma was significantly lower in the microcatheter group.,Premise
4210,AbstRCT_mixed_29654849,Fracture risk is increased in individuals with type 2 diabetes (T2D).,MajorClaim
4211,AbstRCT_mixed_29654849,"The choice of insulin treatment is not influencing BTMs,",Claim
4212,AbstRCT_mixed_29654849,"metformin treatment may decrease BTMs,",Claim
4213,AbstRCT_mixed_29654849,improvement of glycaemic control may influence bone resorption activity.,Claim
4214,AbstRCT_mixed_29654849,HbA1c was inversely associated with CTX but not P1NP.,Premise
4215,AbstRCT_mixed_29654849,Neither metformin nor rosiglitazone plasma concentrations was associated with BTMs.,Premise
4216,AbstRCT_mixed_29654849,Metformin and metformin + rosiglitazone but not rosiglitazone alone were associated with lower bone formation (PINP).,Premise
4217,AbstRCT_mixed_29654849,Allocation of insulin regimens was not associated with different levels of BTMs.,Premise
4218,AbstRCT_mixed_29654849,"BTMs increased from baseline to month 12 and remained higher at month 24, with CTX and PINP increasing 28.5% and 23.0% (all: p < 0.001), respectively.",Premise
4219,AbstRCT_mixed_29428751,"Results revealed that during daily consumption of fermented milk for 5 wk, systolic [(116.55 ± 12.26 mmHg vs. 124.77 ± 11.04 mmHg) and diastolic blood pressure (80.7 ± 9 vs. 84.5 ± 8.5 mmHg)] from the fermented milk group was lower than the control group.",Premise
4220,AbstRCT_mixed_29428751,"Additionally, triglyceride, total cholesterol, and low-density lipoprotein in blood serum were lower in the fermented milk group than in the control group.",Premise
4221,AbstRCT_mixed_29428751,Results demonstrated that daily consumption of fermented milk with Lactococcus lactis (NRRL B-50571) had a blood pressure-lowering effect on prehypertensive subjects.,Claim
4222,AbstRCT_mixed_29428751,Regular consumption of this product may be used as a potential functional food.,MajorClaim
4223,AbstRCT_mixed_28911991,"Fewer complications were noted in eyes receiving sclerostomy (5/29, 17.2%) as compared to control group eyes (12/31, 38.7%), though differences were marginally significant (P = .065).",Premise
4224,AbstRCT_mixed_28911991,"Four control group, but no sclerostomy group, eyes developed postoperative uveal effusions (P = .04).",Premise
4225,AbstRCT_mixed_28911991,"In multivariable models, sclerostomy decreased the odds of an intraoperative or postoperative complication by 80% (odds ratio [OR] = 0.2, 95% confidence interval [CI] = 0.04-0.92, P = .039);",Premise
4226,AbstRCT_mixed_28911991,"SICS was associated with a significantly higher risk of complications as compared to phacoemulsification (OR = 5.95, 95% CI = 1.49-23.73, P = .012), while high preoperative intraocular pressure (OR = 4.54, 95% CI = 0.99-20.9, P = .052) and greater lens thickness (OR = 3.38, 95% CI = 0.88-12.91, P = .075) demonstrated a marginally significant association.",Premise
4227,AbstRCT_mixed_28911991,Cataract surgery in eyes with nanophthalmos is associated with a high risk for vision-threatening complications.,Claim
4228,AbstRCT_mixed_28911991,"Performing a simultaneous prophylactic sclerostomy with cataract surgery reduces complication rates, particularly uveal effusions.",Claim
4229,AbstRCT_mixed_28911991,Cataract surgery at earlier stages by phacoemulsification may be more beneficial than undergoing manual SICS.,MajorClaim
4230,AbstRCT_mixed_29456079,"No significant differences were observed among groups for HBeAg seroconversion (PEG-IFN alfa-2a+placebo, 36.3%; PEG-IFN alfa-2a+ETV, 29.5%; and PEG-IFN alfa-2a+ADV, 27.4%), HBeAg loss (37.4%, 32.2%, and 28.6%, respectively) or change in hepatitis B surface antigen (HBsAg) levels from baseline (-0.56 IU/mL, -0.60 IU/mL, and -0.41 IU/mL, respectively).",Premise
4231,AbstRCT_mixed_29456079,"However, hepatitis B virus DNA levels were higher with PEG-IFN alfa-2a+placebo than PEG-IFN alfa+ETV at week 64 (p = 0.0412), 76 (p = 0.0311), and 88 (p = 0.0113), and alanine aminotransferase (ALT) normalization rate was higher with PEG-IFN alfa-2a+placebo than PEG-IFN alfa-2a+ADV (p = 0.0283) or PEG-IFN alfa-2a+ETV (p = 0.0369) at week 88.",Premise
4232,AbstRCT_mixed_29456079,Sub-analysis of results revealed an association between on-treatment HBsAg and ALT levels and efficacy 48 weeks post-treatment.,Premise
4233,AbstRCT_mixed_29456079,Safety was comparable among treatment groups.,Premise
4234,AbstRCT_mixed_29456079,Pre-therapy with ADV or ETV followed by PEG-IFN alfa-2a is not superior to PEG-IFN alfa-2a monotherapy in Taiwanese patients with HBeAg-positive CHB.,Claim
4235,AbstRCT_mixed_28371482,Ocular irritation was frequently seen in DTFC group.,Premise
4236,AbstRCT_mixed_28371482,"Intra-ocular pressure (IOP) change from baseline at 9 AM/11 AM pooled over the 8 weeks was -3.3/-3.3 mmHg in the BTFC group and -2.9/-3.4 mmHg in the DTFC group,",Premise
4237,AbstRCT_mixed_28371482,"blurred vision was frequently seen in BTFC group,",Premise
4238,AbstRCT_mixed_28371482,Non-inferiority of BTFC to DTFC in IOP reduction was demonstrated after adding onto PGA therapy in Japanese OAG/OH patients.,Claim
4239,AbstRCT_mixed_28371482,"the score of blurred vision was transiently higher in BTFC than DTFC,",Claim
4240,AbstRCT_mixed_28371482,BTFC can be considered as a safe and effective agent for glaucoma treatment.,Claim
4241,AbstRCT_mixed_28371482,treatment difference decreased and disappeared with time.,Claim
4242,AbstRCT_mixed_28371482,No noteworthy issue was observed in other safety outcome.,Premise
4243,AbstRCT_mixed_29436152,"Symptomatic hypotension did not develop in any of the patients during the wet session, compared to 4 (40%) during the dry session.",Premise
4244,AbstRCT_mixed_29436152,"Systolic blood pressure adjusted to ultrafiltration was stable during the wet session, 0.22 mmHg/15 min (95% CI -0.27 to 0.70), P = 0.38, and significantly decreased during the dry session, -0.68 mmHg/15 min (95%CI -1.24 to -0.11), P = 0.02.",Premise
4245,AbstRCT_mixed_29436152,Diastolic blood pressure did not change during the sessions.,Premise
4246,AbstRCT_mixed_29436152,"Mean atrial natriuretic peptide significantly increased in the wet session, by 31.36 pgr/mL (95%CI 8.73-53.99), P = 0.007, and slightly and insignificantly decreased in the dry session, by 21.66 pgr/mL (95% CI -52.59 to 9.25), P = 0.167.",Premise
4247,AbstRCT_mixed_29436152,"Reduced effective circulating volume is a major cause for IDH, which can be prevented using head-out water immersion facilitated redistribution.",Claim
4248,AbstRCT_mixed_29436152,Aldosterone blood levels did not change.,Premise
4249,AbstRCT_mixed_29652567,KAMUT khorasan is an ancient grain with widely acclaimed health benefits.,MajorClaim
4250,AbstRCT_mixed_29652567,This study suggests that a short-term replacement diet with ancient KAMUT khorasan products is most effective in reducing metabolic risk factors and ameliorating the liver profile in patients with NAFLD.,Claim
4251,AbstRCT_mixed_29652567,"significant improvements in the liver steatosis grading, Doppler perfusion index values, and reactive oxygen species (ROS) production were evident after consumption of both the khorasan and control products.",Premise
4252,AbstRCT_mixed_29652567,"significant reductions in circulating proinflammatory tumor necrosis factor-alpha by 50%, interleukin l-receptor antagonist-alpha by 37%, interleukin-8 by 24%, and interferon gamma by 24% were evident only in participants who consumed the khorasan products (p < 0.05 for all).",Premise
4253,AbstRCT_mixed_29652567,"After the implementation of a general linear model for repeated measurements adjusted for baseline demographic details, risk factors, and medication, alanine aminotransferase (ALT) was significantly reduced by 12%, aspartate aminotransferase (AST) by 14%, alkaline phosphatase (ALP) by 8%, and cholesterol by 6% only in the khorasan group (p < 0.05 for all).",Premise
4254,AbstRCT_mixed_29571976,"vitamin C and/or E improve fasting blood sugar (FBS), HbA1c, lipid profile, insulin, homeostasis model assessment of insulin resistance (HOMA-IR), reduced glutathione (GSH); and Quantitative Insulin Sensitivity Check Index (QISCI) compared with diabetic patients group that received placebo.",Premise
4255,AbstRCT_mixed_29571976,there has been an increasing interest in the influence of antioxidant vitamins on the efficacy of oral hypoglycemic therapy in type 2 diabetic patients (T2DM).,MajorClaim
4256,AbstRCT_mixed_29571976,"This study provided additional evidence on the beneficial effects of supplementing antioxidant vitamins in T2DM which could improve the clinical condition and attenuate or prevent diabetic pathogenesis and complications that, secondly to poor glycemic control, could attribute to the imbalance between the decline in the endogenous antioxidants and increasing production of the reactive oxygen species leading to the oxidant-mediated damage present in the diabetic context.",Claim
4257,AbstRCT_mixed_29506674,Larger sample size is presumably needed to assess the effect of RIPC for patients with diabetes mellitus.,Claim
4258,AbstRCT_mixed_29506674,Remote ischemic preconditioning significantly reduces the incidence of acute kidney injury in non-diabetic patients undergoing PCI.,Claim
4259,AbstRCT_mixed_29506674,"RIPC significantly reduced CIN incidence in the overall population (12.1% vs. 26.1%, p=0.01, with a NNT=9) and in non-diabetic patients (9.2% vs. 25.0%, p=0.02), but showed no benefit in diabetics (16.7% vs. 28.2%, p=0.21).",Premise
4260,AbstRCT_mixed_29506674,"A trend for lower PMI was seen in the intervention arm (creatine kinase - muscle brain >5 URL; 8.4% vs. 16.4%, p=0.07; troponin T >5 URL; 27% vs. 38%, p=0.21).",Premise
4261,AbstRCT_mixed_29507944,"The mean (SD) systolic BP decreased by 8 (12) mm Hg in the standard group and by 27 (17) mm Hg in the intensive group (P < .001), with mean (SD) achieved pressures of 141 (13) and 126 (10) mm Hg, respectively.",Premise
4262,AbstRCT_mixed_29507944,"Change in global perfusion did not differ between treatment groups: the mean (SD) change was -0.5 (9.4) mL/min/100 g in the standard group vs 0.7 (8.6) mL/min/100 g in the intensive group (partial η2, 0.004; 95% CI, -3.551 to 5.818; P = .63).",Premise
4263,AbstRCT_mixed_29507944,No differences were observed when the analysis examined gray or white matter only or was confined to those achieving target BP.,Premise
4264,AbstRCT_mixed_29507944,Intensive BP lowering did not reduce cerebral perfusion in severe small vessel disease.,Claim
4265,AbstRCT_mixed_29507944,"The number of adverse events did not differ between treatment groups, with a mean (SD) of 0.21 (0.65) for the standard group and 0.32 (0.75) for the intensive group (P = .44).",Premise
4266,AbstRCT_mixed_29625440,Changes in UACR category were not different among treatment groups at the 52-week visit (global P = 0.29).,Premise
4267,AbstRCT_mixed_29625440,"Average change in mean arterial pressure from baseline to 2 years was -1.2 ± 15, -1.8 ± 13.5, -2.6 ± 14.4 mm Hg in the aflibercept, bevacizumab, and ranibizumab groups, respectively (global P = 0.69).",Premise
4268,AbstRCT_mixed_29625440,"There do not appear to be treatment group differences for changes in blood pressure or UACR as a reflection of kidney function in patients with DME treated with aflibercept, bevacizumab, or ranibizumab.",Claim
4269,AbstRCT_mixed_28624326,"For the IMCT group and CPT groups, respectively, the absolute success rates were 80% (16/20) and 60% (12/20) (P < .001) and qualified success rates were 90% (18/20) and 70% (14/20) (P < .001).",Premise
4270,AbstRCT_mixed_28624326,"Both procedures produced a statistically significant reduction in IOP,",Claim
4271,AbstRCT_mixed_28624326,"eyes undergoing IMCT achieved a lower IOP than CPT group eyes at 12 months follow-up (9.5 ± 2.4 mm Hg and 11.7 ± 2.1 mm Hg, respectively, P < .001).",Premise
4272,AbstRCT_mixed_28624326,"In primary congential glaucoma, illuminated microcatheter-assisted 360-degree circumferential trabeculotomy performed better than conventional partial trabeculotomy at 1 year follow-up and resulted in significantly lower IOP measurements.",Claim
4273,AbstRCT_mixed_28624326,"In the IMCT group, 360-degree cannulation was achieved in 80% (16/20) of eyes.",Premise
