,text_id,source_tokens,target_tokens,labels
347,AAEC_004,This was due to the lack of adequate controls by authorities and lead to a bad image of Thailand tourism,international tourism can create negative impacts on the destination countries,support
348,AAEC_004,"Take Thailand for example, in the Vietnam War, many American soldiers came to Thailand for a break and involved in sexual and drug activities, these huge demands caused many local businesses opened and expanded, even illegally involved in under-age prostitutes to maximize their profits",international tourism can create negative impacts on the destination countries,support
349,AAEC_004,tourists from different cultures will probably cause changes to the cultural identity of the tourist destinations,international tourism can create negative impacts on the destination countries,support
350,AAEC_004,"As the Australia’s Great Barrier Reef has shown, the billion visitors per annum has generated immense destruction to this nature wonder, namely breaking the corals caused by walking or throwing boat’s anchors, dropping fuel and other sorts of pollutions","many marine lives have been endangered, in the extremes part of the reef become uninhabitable for these marine species",support
351,AAEC_004,tourism increasingly create harms to the natural habitats of the destination appeals,tourism has threatened the nature environments,support
352,AAEC_004,"many marine lives have been endangered, in the extremes part of the reef become uninhabitable for these marine species",tourism has threatened the nature environments,support
353,AAEC_004,the tourism bring large profit for the destination countries,this industry has affected the cultural attributes and damaged the natural environment of the tourist destinations,attack
354,AAEC_004,the tourism bring large profit for the destination countries,the tourism has created threatening pressure on both the sociocultural and natural environments,attack
355,AAEC_004,international tourism can create negative impacts on the destination countries,this industry has affected the cultural attributes and damaged the natural environment of the tourist destinations,support
356,AAEC_004,international tourism can create negative impacts on the destination countries,the tourism has created threatening pressure on both the sociocultural and natural environments,support
357,AAEC_004,tourism has threatened the nature environments,this industry has affected the cultural attributes and damaged the natural environment of the tourist destinations,support
358,AAEC_004,tourism has threatened the nature environments,the tourism has created threatening pressure on both the sociocultural and natural environments,support
359,AAEC_005,"Compared to the peers studying in the home country, it will be more likely for the one who is living overseas to be successful in adapting himself/herself into new environments and situations in life",studying at an overseas university gives individuals the opportunity to improve social skills by interacting and communicating with students from different origins and cultures,support
360,AAEC_005,"One who is living overseas will of course struggle with loneliness, living away from family and friends",living and studying overseas is an irreplaceable experience when it comes to learn standing on your own feet,attack
361,AAEC_005,those difficulties will turn into valuable experiences in the following steps of life,"One who is living overseas will of course struggle with loneliness, living away from family and friends",attack
362,AAEC_005,the one will learn living without depending on anyone else,living and studying overseas is an irreplaceable experience when it comes to learn standing on your own feet,support
363,AAEC_005,employers are mostly looking for people who have international and language skills,one who has studied and lived overseas will become more eligible for the job than his/her peers,support
364,AAEC_005,Becoming successful in this study will give the student an edge in job market,one who has studied and lived overseas will become more eligible for the job than his/her peers,support
365,AAEC_005,studying at an overseas university gives individuals the opportunity to improve social skills by interacting and communicating with students from different origins and cultures,one who studies overseas will gain many skills throughout this experience,support
366,AAEC_005,studying at an overseas university gives individuals the opportunity to improve social skills by interacting and communicating with students from different origins and cultures,living and studying overseas gives the individual a new perspective on the subject that is studied or in general life,support
367,AAEC_005,living and studying overseas is an irreplaceable experience when it comes to learn standing on your own feet,one who studies overseas will gain many skills throughout this experience,support
368,AAEC_005,living and studying overseas is an irreplaceable experience when it comes to learn standing on your own feet,living and studying overseas gives the individual a new perspective on the subject that is studied or in general life,support
369,AAEC_005,one who has studied and lived overseas will become more eligible for the job than his/her peers,one who studies overseas will gain many skills throughout this experience,support
370,AAEC_005,one who has studied and lived overseas will become more eligible for the job than his/her peers,living and studying overseas gives the individual a new perspective on the subject that is studied or in general life,support
371,AAEC_005,there are many difficulties a student might face when studying and living overseas,one who studies overseas will gain many skills throughout this experience,attack
372,AAEC_005,there are many difficulties a student might face when studying and living overseas,living and studying overseas gives the individual a new perspective on the subject that is studied or in general life,attack
373,AAEC_006,Living in a new country requires a great amount of flexibility and adaptability in one's character,students who study outside their countries can get a lot of experience living in a foreign country,support
374,AAEC_006,students might face many challenges in the host country,they should be able to deal with the obstacles that they may encounter,support
375,AAEC_006,Overcoming problems teaches the students how to be more mature and self-independence,they should be able to deal with the obstacles that they may encounter,support
376,AAEC_006,they should be able to deal with the obstacles that they may encounter,students who study outside their countries can get a lot of experience living in a foreign country,support
377,AAEC_006,they will get exposed to a different educational system,the new academic experience that the students can obtain at the institution where they are pursuing their studies,support
378,AAEC_006,They will meet new professors and new classmates which makes the academic experience different from that in their home country,the new academic experience that the students can obtain at the institution where they are pursuing their studies,support
379,AAEC_006,"While living in a foreign country, students can learn a lot about the culture of that country",Most important is the cultural aspect of the experience,support
380,AAEC_006,they can meet different people of the country,Most important is the cultural aspect of the experience,support
381,AAEC_006,"They can learn about their way of thinking, their customs and traditions, and way of life",Most important is the cultural aspect of the experience,support
382,AAEC_006,Learning about others' cultures is so important,Most important is the cultural aspect of the experience,support
383,AAEC_006,It contributes in building a new understanding in us of how we see the world,Learning about others' cultures is so important,support
384,AAEC_006,"It makes us more open, and willing to accept different ideas and thoughts",Learning about others' cultures is so important,support
385,AAEC_006,it educates us about the world we are living in,Learning about others' cultures is so important,support
386,AAEC_006,"Students gain a lot out of the experience personally, academically, and culturally",studying abroad has many advantages,support
387,AAEC_006,"Students gain a lot out of the experience personally, academically, and culturally","studying abroad does not only have advantages, but also can change us in a very positive way",support
388,AAEC_006,students who study outside their countries can get a lot of experience living in a foreign country,studying abroad has many advantages,support
389,AAEC_006,students who study outside their countries can get a lot of experience living in a foreign country,"studying abroad does not only have advantages, but also can change us in a very positive way",support
390,AAEC_006,the new academic experience that the students can obtain at the institution where they are pursuing their studies,studying abroad has many advantages,support
391,AAEC_006,the new academic experience that the students can obtain at the institution where they are pursuing their studies,"studying abroad does not only have advantages, but also can change us in a very positive way",support
392,AAEC_006,Most important is the cultural aspect of the experience,studying abroad has many advantages,support
393,AAEC_006,Most important is the cultural aspect of the experience,"studying abroad does not only have advantages, but also can change us in a very positive way",support
394,AAEC_021,The product also should satisfy the needs of the consumers,The most effective way to convince consumers to purchase a product is through advertising,support
395,AAEC_021,it is not sufficient in itself,The most effective way to convince consumers to purchase a product is through advertising,support
396,AAEC_021,We are mainly introduced to products through advertisements,advertisers push the limits of creativity to dispose the consumers to purchase the product,support
397,AAEC_021,"Recently, there is a very creative advertisements of a soft drink product on TV",the number of that product being sold will increases,support
398,AAEC_021,The story delivers a desired call to drink that soft drink that people tend to drink when the weather is too hot,the number of that product being sold will increases,support
399,AAEC_021,"When the consumers are impressed by the way a product is advertised, they can be convinced to consider that the product is a need in some cases",advertisers push the limits of creativity to dispose the consumers to purchase the product,support
400,AAEC_021,the number of that product being sold will increases,advertisers push the limits of creativity to dispose the consumers to purchase the product,support
401,AAEC_021,"the more an advertisement of a product takes place in mass media, the more popular the product becomes",Advertisement is the most effective way to create a well-known product,support
402,AAEC_021,Consumers tend to purchase the most known product when it comes to picking one out of two different brands of the same product,Advertisement is the most effective way to create a well-known product,support
403,AAEC_021,advertisements have undeniable affects on the society about the product being advertised,They make the product preferable,support
404,AAEC_021,it also has to be affordable for the consumer,"When a product is commonly used, it becomes trustworthy for the society, no matter what quality it is",attack
405,AAEC_021,"When a product is commonly used, it becomes trustworthy for the society, no matter what quality it is",They make the product preferable,support
406,AAEC_021,The most effective way to convince consumers to purchase a product is through advertising,advertising is the major reason for high sales of a product,support
407,AAEC_021,The most effective way to convince consumers to purchase a product is through advertising,high sales are obviously a reflection of the powerful advertisements,support
408,AAEC_021,advertisers push the limits of creativity to dispose the consumers to purchase the product,advertising is the major reason for high sales of a product,support
409,AAEC_021,advertisers push the limits of creativity to dispose the consumers to purchase the product,high sales are obviously a reflection of the powerful advertisements,support
410,AAEC_021,Advertisement is the most effective way to create a well-known product,advertising is the major reason for high sales of a product,support
411,AAEC_021,Advertisement is the most effective way to create a well-known product,high sales are obviously a reflection of the powerful advertisements,support
412,AAEC_021,They make the product preferable,advertising is the major reason for high sales of a product,support
413,AAEC_021,They make the product preferable,high sales are obviously a reflection of the powerful advertisements,support
414,AAEC_042,Workers understand they have to work harder to meet the boss' expectations and to make themselves worthwhile,A raise or a promotion can no doubt increase the morale in the working places,support
415,AAEC_042,junior high school teachers have great responsibility not only for students' private lives as they are going through adolescence but also their school work,A raise or a promotion can no doubt increase the morale in the working places,support
416,AAEC_042,it is an important phase for them to study hard and get into the high school they want,junior high school teachers have great responsibility not only for students' private lives as they are going through adolescence but also their school work,support
417,AAEC_042,"If the teachers receive higher salaries, they will be willing to spend more extra time mentoring the youngsters rather than hoping they learn in cram schools and so forth, as this is what is happening in Taiwan",junior high school teachers have great responsibility not only for students' private lives as they are going through adolescence but also their school work,support
418,AAEC_042,"Take Google for example, the company offers recreation rooms and extra personal leaves for their workers to develop a more relaxing and supportive workforce",creating an enjoyable working environment is more realistic and essential if one wishes an increase in productivity and better employee performances,support
419,AAEC_042,the employers can make sure the employees can actually focus and concentrate on their projects instead of thinking about their children or feeling pressured,creating an enjoyable working environment is more realistic and essential if one wishes an increase in productivity and better employee performances,support
420,AAEC_042,they will be feeling more cared for and therefore do their best for their bosses,a higher pay can be one of the incentive if were to encourage harder-working employees,support
421,AAEC_042,they will be feeling more cared for and therefore do their best for their bosses,providing a more secured and relaxing environment for workers can fundamentally boost their productivity,support
422,AAEC_042,A raise or a promotion can no doubt increase the morale in the working places,a higher pay can be one of the incentive if were to encourage harder-working employees,support
423,AAEC_042,A raise or a promotion can no doubt increase the morale in the working places,providing a more secured and relaxing environment for workers can fundamentally boost their productivity,support
424,AAEC_042,creating an enjoyable working environment is more realistic and essential if one wishes an increase in productivity and better employee performances,a higher pay can be one of the incentive if were to encourage harder-working employees,attack
425,AAEC_042,creating an enjoyable working environment is more realistic and essential if one wishes an increase in productivity and better employee performances,providing a more secured and relaxing environment for workers can fundamentally boost their productivity,attack
426,AAEC_052,it promotes the communication and interaction between different countries more conveniently and clearly,the prevalent of English brings a great number of benefits for people,support
427,AAEC_052,"In the ancient time, the different languages and geography set barriers for people to exchange their goods and ideas",the prevalent of English brings a great number of benefits for people,support
428,AAEC_052,the innovation of plane and train solved the geographical barriers,the prevalent of English brings a great number of benefits for people,support
429,AAEC_052,"If we can popularize the use of English, the language hinder will disappear as well",the prevalent of English brings a great number of benefits for people,support
430,AAEC_052,"English is a beautiful language, which is more systematical and extensive than many other languages",the prevalent of English brings a great number of benefits for people,support
431,AAEC_052,Learning English can foster people's sentiment and nourish their literature and art,the prevalent of English brings a great number of benefits for people,support
432,AAEC_052,"it does not express every detail of life especially in Asia countries, which have totally different linguistic system",English is a sophisticated language,support
433,AAEC_052,English is a sophisticated language,the dominated status of English has destroyed culture diversity and many less-used languages become extinct,support
434,AAEC_052,"language contains many aspects of people's daily life, which is influenced by culture, environment as well as religious",these languages have special significance for people who belong to them and using English to replace them is crudity,support
435,AAEC_052,these languages have special significance for people who belong to them and using English to replace them is crudity,the dominated status of English has destroyed culture diversity and many less-used languages become extinct,support
436,AAEC_052,the prevalent of English brings a great number of benefits for people,English as an elegant language should be advocated in many fields to expand the global trade and communications,support
437,AAEC_052,the dominated status of English has destroyed culture diversity and many less-used languages become extinct,English as an elegant language should be advocated in many fields to expand the global trade and communications,attack
438,AAEC_052,we still need preserve other languages for sake of keeping the linguistic and cultural diversity,English as an elegant language should be advocated in many fields to expand the global trade and communications,attack
439,AAEC_061,"in earlier days, if one had to send a message to someone in other country, it used to take months","Computers have made human life more easy, convenient and lightning fast",support
440,AAEC_061,"today, it can be sent in few minutes by typing a email and few clicks","Computers have made human life more easy, convenient and lightning fast",support
441,AAEC_061,"In the modern world, computers are used everywhere","Computers provide speed, increase efficiency, accuracy, precision, help to increase productivity and other countless benefits are provided by it",support
442,AAEC_061,"Right from flying planes to sending a small document, computers are needed","Computers provide speed, increase efficiency, accuracy, precision, help to increase productivity and other countless benefits are provided by it",support
443,AAEC_061,"They are used in space programs, wars, hospitals, schools and so on","Computers provide speed, increase efficiency, accuracy, precision, help to increase productivity and other countless benefits are provided by it",support
444,AAEC_061,"Computers have made human life more easy, convenient and lightning fast","Computers provide speed, increase efficiency, accuracy, precision, help to increase productivity and other countless benefits are provided by it",support
445,AAEC_061,"From a computer as big as a room, it has now been minimized to the size of a palm",future prospects of computers are very bright,support
446,AAEC_061,Nanotechnology is working to make computers to the order of microscopic levels,future prospects of computers are very bright,support
447,AAEC_061,Research on making computerized drone soldiers (unmanned computer controlled) is going on,future prospects of computers are very bright,support
448,AAEC_061,There is no end to the evolution of computers,future prospects of computers are very bright,support
449,AAEC_061,"Virus programs, privacy breach, leak of confidential documents, cyber attacks, identity theft, frauds etc. are some of its demerits, from a countless list",Computers have made humans over-dependent,support
450,AAEC_061,Computers expose children to vulgar materials,Computers have made humans over-dependent,support
451,AAEC_061,"They have even invaded mental health of humans, for example, FAD (Facebook Addiction Disorder - excessive use of social networking website Facebook)",Computers have made humans over-dependent,support
452,AAEC_061,Computers have intruded our lives to the effect that a satellite can peep into our homes and privates lives,Computers have made humans over-dependent,support
453,AAEC_061,"The recent case of Wikileaks, leaking confidential data is an example of how computers are harmful",Computers have made humans over-dependent,support
454,AAEC_061,computers have provided security and sophistication,dependence on computers is not a bad thing,support
455,AAEC_061,computers have provided security and sophistication,"The whole world is dependent on computers, without which, the world will go back hundreds of years",support
456,AAEC_061,"Computers provide speed, increase efficiency, accuracy, precision, help to increase productivity and other countless benefits are provided by it",dependence on computers is not a bad thing,support
457,AAEC_061,"Computers provide speed, increase efficiency, accuracy, precision, help to increase productivity and other countless benefits are provided by it","The whole world is dependent on computers, without which, the world will go back hundreds of years",support
458,AAEC_061,future prospects of computers are very bright,dependence on computers is not a bad thing,support
459,AAEC_061,future prospects of computers are very bright,"The whole world is dependent on computers, without which, the world will go back hundreds of years",support
460,AAEC_061,Computers have made humans over-dependent,dependence on computers is not a bad thing,attack
461,AAEC_061,Computers have made humans over-dependent,"The whole world is dependent on computers, without which, the world will go back hundreds of years",attack
462,AAEC_068,they regard the violence as reasonable and justifiable,"This will definitely set a bad example for the immature audiences who, lacking correct parental guidance and abilities to differentiate the right from wrong, are prone to go astray by imitating the violent behaviors and committing real violent crimes",support
463,AAEC_068,It should be reporting and reflecting true phenomenon in the society,"Violence, as one of the facts in the real world, certainly has to be reported",support
464,AAEC_068,"media, such as TV or film, is considered as the correct information source regulated by the government","Violence, as one of the facts in the real world, certainly has to be reported",support
465,AAEC_068,"Violence, as one of the facts in the real world, certainly has to be reported",excessive violence would offer misleading information to the public and exert detrimental influence to the society as well,attack
466,AAEC_068,"It is recently reported in the news that a seventeen-year-old boy killed all his family members, one sister and two parents out of hatred and jealousy",excessive violence would offer misleading information to the public and exert detrimental influence to the society as well,support
467,AAEC_068,"In the real world, we are inclined to take extreme approach to tackle a small problem due to excessive violence exposure",excessive violence would offer misleading information to the public and exert detrimental influence to the society as well,support
468,AAEC_068,our society is occupied with the violent scenes and plots at present,it is time for the government to take action to control the proliferation of violent scenes in media,support
469,AAEC_068,our society is occupied with the violent scenes and plots at present,What the government should do immediately is to strengthen censorship to control the amount of violence in media,support
470,AAEC_068,"This will definitely set a bad example for the immature audiences who, lacking correct parental guidance and abilities to differentiate the right from wrong, are prone to go astray by imitating the violent behaviors and committing real violent crimes",it is time for the government to take action to control the proliferation of violent scenes in media,support
471,AAEC_068,"This will definitely set a bad example for the immature audiences who, lacking correct parental guidance and abilities to differentiate the right from wrong, are prone to go astray by imitating the violent behaviors and committing real violent crimes",What the government should do immediately is to strengthen censorship to control the amount of violence in media,support
472,AAEC_068,excessive violence would offer misleading information to the public and exert detrimental influence to the society as well,it is time for the government to take action to control the proliferation of violent scenes in media,support
473,AAEC_068,excessive violence would offer misleading information to the public and exert detrimental influence to the society as well,What the government should do immediately is to strengthen censorship to control the amount of violence in media,support
474,AAEC_071,"they are not in the purpose of making profits but taking a role of disseminating valued culture, good moral traits and calling for helps for the disabled and the poor",it is unfair to restrict those public service advertisements which are creative and inspiring,support
475,AAEC_071,it could simulate household spending and therefore promote the economic development of the whole country,publicizing brand image or a particular product of mass media could boost sales for companies,support
476,AAEC_071,"A recent study shows that after launching an advertising campaign, the sales revenue would increase by 40%, which is the very fact to verify its positive influences on economic",publicizing brand image or a particular product of mass media could boost sales for companies,support
477,AAEC_071,its merits still outweigh these downsides,"the advertising expenses lead to a higher product price and some of them express fake information, creating information asymmetry between consumers and companies",attack
478,AAEC_071,it is unfair to restrict those public service advertisements which are creative and inspiring,"while some of them are disturbing, we can not overlook other merits the advertisements bring",support
479,AAEC_071,it is unfair to restrict those public service advertisements which are creative and inspiring,advertisements have its social responsibility and contribute to economic growth,support
480,AAEC_071,publicizing brand image or a particular product of mass media could boost sales for companies,"while some of them are disturbing, we can not overlook other merits the advertisements bring",support
481,AAEC_071,publicizing brand image or a particular product of mass media could boost sales for companies,advertisements have its social responsibility and contribute to economic growth,support
482,AAEC_071,"the advertising expenses lead to a higher product price and some of them express fake information, creating information asymmetry between consumers and companies","while some of them are disturbing, we can not overlook other merits the advertisements bring",attack
483,AAEC_071,"the advertising expenses lead to a higher product price and some of them express fake information, creating information asymmetry between consumers and companies",advertisements have its social responsibility and contribute to economic growth,attack
484,AAEC_072,"Any kinds of sports, such as jogging, swimming, or playing basketball, can effectively facilitate human respiration and circulation system",exercise play a crucial role in ameliorating physical health,support
485,AAEC_072,these sports can also strengthen muscles and lessen surplus adipose tissues in human body,exercise play a crucial role in ameliorating physical health,support
486,AAEC_072,The latter one is of particular importance because nowadays more and more people are suffer from obesity,exercise play a crucial role in ameliorating physical health,support
487,AAEC_072,"Many studies has points out that numbers of overweight people have increased in developed countries in recent years, which mainly results from insufficient exercises",exercise play a crucial role in ameliorating physical health,support
488,AAEC_072,"This hormone can delight one's mind, creating positive feelings",good exercises can often successfully alleviating one's heavy burdens,support
489,AAEC_072,"When people exercise, the neuron cells in the brain release a chemical compound named Dopamine",Sports activities can improve mental health,support
490,AAEC_072,good exercises can often successfully alleviating one's heavy burdens,Sports activities can improve mental health,support
491,AAEC_072,many activities can let humans relax,"the most suitable method of reducing stress for modern people is by different kinds of exercise, which can not only improve health conditions but also bring positive emotions",attack
492,AAEC_072,many activities can let humans relax,"the best way of diminishing stress is by exercises, which can benefit everyone not only physically but also mentally",attack
493,AAEC_072,exercise play a crucial role in ameliorating physical health,"the most suitable method of reducing stress for modern people is by different kinds of exercise, which can not only improve health conditions but also bring positive emotions",support
494,AAEC_072,exercise play a crucial role in ameliorating physical health,"the best way of diminishing stress is by exercises, which can benefit everyone not only physically but also mentally",support
495,AAEC_072,"rigorous exercise can also hone one's will, which enable people to be able to tackle stringent problems and arduous tasks","the most suitable method of reducing stress for modern people is by different kinds of exercise, which can not only improve health conditions but also bring positive emotions",support
496,AAEC_072,"rigorous exercise can also hone one's will, which enable people to be able to tackle stringent problems and arduous tasks","the best way of diminishing stress is by exercises, which can benefit everyone not only physically but also mentally",support
497,AAEC_072,Sports activities can improve mental health,"the most suitable method of reducing stress for modern people is by different kinds of exercise, which can not only improve health conditions but also bring positive emotions",support
498,AAEC_072,Sports activities can improve mental health,"the best way of diminishing stress is by exercises, which can benefit everyone not only physically but also mentally",support
499,AAEC_077,"our environment is damaged day by day due to the fact that excessive pursuit of economic development at expense of eco-system, which pose a great threat to the survival of wild animals",zoo is a good alternative choice for protecting animals,support
500,AAEC_077,various animals could be better protected by specialized staff,zoo is a good alternative choice for protecting animals,support
501,AAEC_077,"Once the animal got sick, professional vet will help them promptly",zoo is a good alternative choice for protecting animals,support
502,AAEC_077,"Thanks to the considerate care, the diversity of wild animal could be guaranteed",zoo is a good alternative choice for protecting animals,support
503,AAEC_077,"In the zoos, even though wild animals are caged, they have capability to walk in a limited area","When children pay a visit to the zoos, they still could observe the eating behavior or leisure activities among animals, which would definitely enrich their knowledge associated with different animals",support
504,AAEC_077,"When children pay a visit to the zoos, they still could observe the eating behavior or leisure activities among animals, which would definitely enrich their knowledge associated with different animals","zoos afford a platform to education teenagers, helping to establish eco-friendly behavior towards animals",support
505,AAEC_077,children could acquire the information regarding how to protect wild animals according to guided tour or volunteers,"zoos afford a platform to education teenagers, helping to establish eco-friendly behavior towards animals",support
506,AAEC_077,some zoos are lack of systematic management which attributes to numerous wild animals die because of food shortage,complained about the drawbacks of zoos are often heard,support
507,AAEC_077,being caged in the zoos for long render wildlife lost the ability to survive in nature where is full of cruel competition among various animals,complained about the drawbacks of zoos are often heard,support
508,AAEC_077,zoo is a good alternative choice for protecting animals,zoos have irreplaceable benefits in terms of animal preservation and children education,support
509,AAEC_077,zoo is a good alternative choice for protecting animals,zoos offer a good man-made environment which could prolong the life span of wild animals and cultivate the notion of protecting animals,support
510,AAEC_077,"zoos afford a platform to education teenagers, helping to establish eco-friendly behavior towards animals",zoos have irreplaceable benefits in terms of animal preservation and children education,support
511,AAEC_077,"zoos afford a platform to education teenagers, helping to establish eco-friendly behavior towards animals",zoos offer a good man-made environment which could prolong the life span of wild animals and cultivate the notion of protecting animals,support
512,AAEC_077,complained about the drawbacks of zoos are often heard,zoos have irreplaceable benefits in terms of animal preservation and children education,attack
513,AAEC_077,complained about the drawbacks of zoos are often heard,zoos offer a good man-made environment which could prolong the life span of wild animals and cultivate the notion of protecting animals,attack
514,AAEC_082,advertising is carried out with the main purpose of promoting different products and services or encouraging people to consume more,"Advertisements are, therefore, very important for many businesses to increase sales and hence profits",support
515,AAEC_082,customers of telecommunication services will have an idea about the current offers of different companies,they can compare them and then have a better decision in choosing their internet or mobile phone plans,support
516,AAEC_082,they can compare them and then have a better decision in choosing their internet or mobile phone plans,"to consumers, advertising can bring them many benefits",support
517,AAEC_082,advertising can be very expensive and not every advertising campaign can be done successfully and brings good results,"advertising is believed by many, a financial burden to businesses",support
518,AAEC_082,more good comes from advertising than bad,the idea that advertising is a positive part of life can be more supported,support
519,AAEC_082,"Advertisements are, therefore, very important for many businesses to increase sales and hence profits",the idea that advertising is a positive part of life can be more supported,support
520,AAEC_082,"a huge amount of different advertisements could be sent automatically by a system to personal phones or email addresses, this is generally known as spam, and causes discomfort or even annoyance to many people",the idea that advertising is a positive part of life can be more supported,attack
521,AAEC_082,"advertising is believed by many, a financial burden to businesses",the idea that advertising is a positive part of life can be more supported,attack
522,AAEC_082,"to consumers, advertising can bring them many benefits",the idea that advertising is a positive part of life can be more supported,support
523,AAEC_086,"in my country the best schools, universities and institutes are located in cities, and todays education is one of the most important parts of our children's life",it is a good idea for children to past their first earlier life in the cities,support
524,AAEC_086,education is better in big cities in comparison with countrysides,it is a good idea for children to past their first earlier life in the cities,support
525,AAEC_086,it is acknowledged that a large number of creational facilities are built in cities,Children who live in cities have a lot of entertainment,support
526,AAEC_086,"playgrounds, parks, science museums, cinemas etc",Children who live in cities have a lot of entertainment,support
527,AAEC_086,in countrysides we hardly ever see creational facilities,Children who live in cities have a lot of entertainment,support
528,AAEC_086,Children who live in countrysides most of the time pass their free time in farms,Children who live in cities have a lot of entertainment,support
529,AAEC_086,in big cities children access to media easily,they can learn a lot of things by watching television and surfing through the net,support
530,AAEC_086,Via internet they can have connection with the other children all around the world,"they can exchange their knowledge, they can learn different cultures",support
531,AAEC_086,it is a good idea for children to past their first earlier life in the cities,big cities can be a good place for bringing up children,support
532,AAEC_086,it is a good idea for children to past their first earlier life in the cities,"Today's children needs somethings to entertain them, and occupy their leisure time in the best way",support
533,AAEC_086,Children who live in cities have a lot of entertainment,big cities can be a good place for bringing up children,support
534,AAEC_086,Children who live in cities have a lot of entertainment,"Today's children needs somethings to entertain them, and occupy their leisure time in the best way",support
535,AAEC_086,they can learn a lot of things by watching television and surfing through the net,big cities can be a good place for bringing up children,support
536,AAEC_086,they can learn a lot of things by watching television and surfing through the net,"Today's children needs somethings to entertain them, and occupy their leisure time in the best way",support
537,AAEC_086,"they can exchange their knowledge, they can learn different cultures",big cities can be a good place for bringing up children,support
538,AAEC_086,"they can exchange their knowledge, they can learn different cultures","Today's children needs somethings to entertain them, and occupy their leisure time in the best way",support
539,AAEC_086,"countrysides have some advantages such as fresh air, peace, and etc",big cities can be a good place for bringing up children,attack
540,AAEC_086,"countrysides have some advantages such as fresh air, peace, and etc","Today's children needs somethings to entertain them, and occupy their leisure time in the best way",attack
541,AAEC_091,"without the availability of the same language, there might be a chance that misunderstanding and conflicts would ensue over business negotiations, impeding collaborations between them",a single international language serves an economic purpose,support
542,AAEC_091,"As businessmen from different countries have access to the same language, they can communicate with each other more efficiently and deeply on trade, which can intensify the transnational cooperation",a single international language serves an economic purpose,support
543,AAEC_091,a single international language plays a pivotal role in global economic cooperation,a single international language serves an economic purpose,support
544,AAEC_091,"when people travel to foreign countries, the local people can introduce the tourist attractions to such people with the command of the universal language, helping foreign visitors have an enjoyable exotic experience","If people are equipped with a single international language, they can tell each other smoothly about their countries' specific cultures such as the traditional customs or the modern lifestyles, which enables people to expand their outlooks, viewing the world in new angles",support
545,AAEC_091,"If people are equipped with a single international language, they can tell each other smoothly about their countries' specific cultures such as the traditional customs or the modern lifestyles, which enables people to expand their outlooks, viewing the world in new angles",a universal language is an integral part of cultural communication and interactions,support
546,AAEC_091,"they have gradually identified with such values expressed in American movies, which are imported by the governments as a result of the proliferation of English","some Asians are seeking individualism, previously denied by many Asian countries",support
547,AAEC_091,"some Asians are seeking individualism, previously denied by many Asian countries","people may be impressed by the cultural values brought with the universal language, eroding a sense of national belong",support
548,AAEC_091,"people may be impressed by the cultural values brought with the universal language, eroding a sense of national belong","a single international language may, to some extent, erode the cultural identity of a nation",support
549,AAEC_091,a single international language serves an economic purpose,a universal language playing the dominant role in the international community is of vital significance to global people,support
550,AAEC_091,a single international language serves an economic purpose,a single international language contributes to global community in terms of economic and cultural communication,support
551,AAEC_091,a universal language is an integral part of cultural communication and interactions,a universal language playing the dominant role in the international community is of vital significance to global people,support
552,AAEC_091,a universal language is an integral part of cultural communication and interactions,a single international language contributes to global community in terms of economic and cultural communication,support
553,AAEC_091,every country should by no means disregard the preservation of their own cultural heritage,a universal language playing the dominant role in the international community is of vital significance to global people,attack
554,AAEC_091,every country should by no means disregard the preservation of their own cultural heritage,a single international language contributes to global community in terms of economic and cultural communication,attack
555,AAEC_091,"a single international language may, to some extent, erode the cultural identity of a nation",a universal language playing the dominant role in the international community is of vital significance to global people,attack
556,AAEC_091,"a single international language may, to some extent, erode the cultural identity of a nation",a single international language contributes to global community in terms of economic and cultural communication,attack
557,AAEC_097,sports events are good chances for excellent athletes to meet and learn valuable experiences from one another,"they can improve their results, break records and bring victories to their own countries",support
558,AAEC_097,a large number of people will gather in the host city for sport events,there are many good opportunities for discovering different cultures,support
559,AAEC_097,there are many good opportunities for discovering different cultures,"sport events with the spirit of healthiness, honesty and fairness can help strengthen understanding, friendship and solidarity among nations",support
560,AAEC_097,"After sharing competitive but interesting moments in each competition, the competitors often shake hands friendly and congratulate the winners, which can lead to an improvement in the relationships among nations","sport events with the spirit of healthiness, honesty and fairness can help strengthen understanding, friendship and solidarity among nations",support
561,AAEC_097,sporting occasions play an essential role in raising patriotic emotions in both athletes and spectators,sport events help to wake up love and responsibilities strongly in each citizen,support
562,AAEC_097,Seeing national flags be honored may be the most emotional moments to each athlete,sport events help to wake up love and responsibilities strongly in each citizen,support
563,AAEC_097,The athlete also seems to be more aware of his responsibilities and he wants to contribute more to his beloved country,sport events help to wake up love and responsibilities strongly in each citizen,support
564,AAEC_097,"When witnessing our national flags flying proudly among others, many of us can stop hiding our pride and happiness",sport events help to wake up love and responsibilities strongly in each citizen,support
565,AAEC_097,the hooligans only took a minority of people,some hooligans were so excited that they took part in motor racing or using fireworks illegally,attack
566,AAEC_097,some hooligans were so excited that they took part in motor racing or using fireworks illegally,"When witnessing our national flags flying proudly among others, many of us can stop hiding our pride and happiness",attack
567,AAEC_097,"when Vietnam became the champion of SEAGAMES for the first time in 2008, a festival atmosphere permeated into the streets","When witnessing our national flags flying proudly among others, many of us can stop hiding our pride and happiness",support
568,AAEC_097,"People from all ages turned out to the streets with flags, banners and they sang aloud songs of Ho Chi Minh President","When witnessing our national flags flying proudly among others, many of us can stop hiding our pride and happiness",support
569,AAEC_097,The eager atmosphere lasted many next days,"When witnessing our national flags flying proudly among others, many of us can stop hiding our pride and happiness",support
570,AAEC_097,"they can improve their results, break records and bring victories to their own countries",popular sports events can help reduce international tensions remarkably and promote national prides safely,support
571,AAEC_097,"they can improve their results, break records and bring victories to their own countries",international sporting occasions are not only one of the effective solutions to tensions among nations but also a stimulant for releasing patriotic emotions safely,support
572,AAEC_097,"sport events with the spirit of healthiness, honesty and fairness can help strengthen understanding, friendship and solidarity among nations",popular sports events can help reduce international tensions remarkably and promote national prides safely,support
573,AAEC_097,"sport events with the spirit of healthiness, honesty and fairness can help strengthen understanding, friendship and solidarity among nations",international sporting occasions are not only one of the effective solutions to tensions among nations but also a stimulant for releasing patriotic emotions safely,support
574,AAEC_097,sport events help to wake up love and responsibilities strongly in each citizen,popular sports events can help reduce international tensions remarkably and promote national prides safely,support
575,AAEC_097,sport events help to wake up love and responsibilities strongly in each citizen,international sporting occasions are not only one of the effective solutions to tensions among nations but also a stimulant for releasing patriotic emotions safely,support
576,AAEC_098,children can learn about the hardship of earning money,"they are likely to understand their parents' hardship, to respect values of money and to form a good habit of saving",support
577,AAEC_098,"When they take some kind of paid work such as looking after babies, doing housework and keeping shops, they will have some life experience and skills which make them mature and can deal with many different situations in real life","they are likely to understand their parents' hardship, to respect values of money and to form a good habit of saving",support
578,AAEC_098,"if a child works as a shop assistant, he will have to keep an eye on good and products, calculate prices correctly and take responsibilities for any lost","To keep their jobs, children will have to try their best to finish their duties",support
579,AAEC_098,whether they can earn money or not will depend on their effectiveness and attitudes in working,"when children take jobs, they tend to be more responsible",support
580,AAEC_098,"To keep their jobs, children will have to try their best to finish their duties","when children take jobs, they tend to be more responsible",support
581,AAEC_098,"if children get good care and instructions from their parents, they can take advantages of the work to learn valuable things and avoid going in a wrong way","children will be more material, neglect their study for earning money or be exploited by the employers",attack
582,AAEC_098,"they are likely to understand their parents' hardship, to respect values of money and to form a good habit of saving",the benefits of children engagement in paid work outweigh its drawbacks,support
583,AAEC_098,"they are likely to understand their parents' hardship, to respect values of money and to form a good habit of saving","if children take part in some kind of paid work with their parents' permission, they can learn lively lessons and become mature and responsible",support
584,AAEC_098,"when children take jobs, they tend to be more responsible",the benefits of children engagement in paid work outweigh its drawbacks,support
585,AAEC_098,"when children take jobs, they tend to be more responsible","if children take part in some kind of paid work with their parents' permission, they can learn lively lessons and become mature and responsible",support
586,AAEC_098,"children will be more material, neglect their study for earning money or be exploited by the employers",the benefits of children engagement in paid work outweigh its drawbacks,attack
587,AAEC_098,"children will be more material, neglect their study for earning money or be exploited by the employers","if children take part in some kind of paid work with their parents' permission, they can learn lively lessons and become mature and responsible",attack
588,AAEC_103,complete data concerning the history of a sued person creates more opportunity for jury members to build an overall picture of defendant's personality,past behaviour determines the future actions,support
589,AAEC_103,"past record might be useful to decide whether a person was able to perform a certain type of crime when it concerns serious crimes, such as kidnapping or a murder",past behaviour determines the future actions,support
590,AAEC_103,a defendant with number of past crimes has more chance to be found guilty compared to a person with no or lighter criminal record,"in order for the jury to come up with an objective decision not depending on the past experience, the court should provide with details relevant to a particular case only",support
591,AAEC_103,"Innocent suspects, eventually, can face unfair juridical decision and pay twice for their previous inadequate actions","in order for the jury to come up with an objective decision not depending on the past experience, the court should provide with details relevant to a particular case only",support
592,AAEC_103,past behaviour determines the future actions,"I strongly support the current laws of Great Britain and Australia, and would not change the regulations on keeping the jury unaware of past actions",attack
593,AAEC_103,"in order for the jury to come up with an objective decision not depending on the past experience, the court should provide with details relevant to a particular case only","I strongly support the current laws of Great Britain and Australia, and would not change the regulations on keeping the jury unaware of past actions",support
594,AAEC_103,"I am skeptical about disclosing the defendant's history to the jury, with intention to avoid subjective and probable inaccurate verdict","I strongly support the current laws of Great Britain and Australia, and would not change the regulations on keeping the jury unaware of past actions",support
595,AAEC_104,"Nowadays, not only are lectures available online, it is also applicable to find reference e-books as well as multi-aspect documents on the cyberspace",the Internet has grown to become the largest virtual library ever,support
596,AAEC_104,College students can save their time browsing for necessary information through the web instead of spending hours wandering in bookstores or libraries,"with the use of the Internet, distance and time seem to be no more a hindrance",support
597,AAEC_104,"While virtual flowcharts and animations may simplify complicated scientific processes, Google and Wikipedia are always accessible for detailed responses to every query",the Internet offers a more effective and practical method of studying,support
598,AAEC_104,the Internet has grown to become the largest virtual library ever,"the Internet is an adequate source of academic information, which will potentially fulfill the needs of university pupils",support
599,AAEC_104,"with the use of the Internet, distance and time seem to be no more a hindrance","the Internet is an adequate source of academic information, which will potentially fulfill the needs of university pupils",support
600,AAEC_104,the Internet offers a more effective and practical method of studying,"the Internet is an adequate source of academic information, which will potentially fulfill the needs of university pupils",support
601,AAEC_104,Have you ever imagined what it would be like to stay at home and attend a lecture by a famous speaker in Finland simultaneously,the Internet will become an indispensable part in academic training,support
602,AAEC_104,This fairy tale turns out to be true thanks to technical and internet advances,the Internet will become an indispensable part in academic training,support
603,AAEC_104,these problems are mainly triggered by students' wrong approach towards the Internet not the Internet itself,what we are to do is a change in learners' attitude not an elimination of the Internet from academic study,support
604,AAEC_104,what we are to do is a change in learners' attitude not an elimination of the Internet from academic study,"the Internet have several drawbacks which can affect the education system negatively, for instance internet abuse and black webs",attack
605,AAEC_104,"the Internet is an adequate source of academic information, which will potentially fulfill the needs of university pupils",the Internet will pave way for a more accessible and convenient learning,support
606,AAEC_104,"the Internet is an adequate source of academic information, which will potentially fulfill the needs of university pupils",I would like to reiterate the necessity of the Internet in learning process,support
607,AAEC_104,the Internet will become an indispensable part in academic training,the Internet will pave way for a more accessible and convenient learning,support
608,AAEC_104,the Internet will become an indispensable part in academic training,I would like to reiterate the necessity of the Internet in learning process,support
609,AAEC_104,"the Internet have several drawbacks which can affect the education system negatively, for instance internet abuse and black webs",the Internet will pave way for a more accessible and convenient learning,attack
610,AAEC_104,"the Internet have several drawbacks which can affect the education system negatively, for instance internet abuse and black webs",I would like to reiterate the necessity of the Internet in learning process,attack
611,AAEC_108,"Compared with aged staffs, younger employees are often physically stronger and energetic which enables them to carry out heavy workload to meet the deadline",having a larger proportion of young adults could enhance the working effectiveness and efficiency,support
612,AAEC_108,they have been instilled and imparted the most updated knowledge and skills at universities,fresh graduates are likely to bring a number of practical and applicable ideas to meet the current needs of the organisation,support
613,AAEC_108,fresh graduates are likely to bring a number of practical and applicable ideas to meet the current needs of the organisation,encouraging the workers to retire at age of fifty-five to release the positions for younger job seekers has some merits,support
614,AAEC_108,having a larger proportion of young adults could enhance the working effectiveness and efficiency,encouraging the workers to retire at age of fifty-five to release the positions for younger job seekers has some merits,support
615,AAEC_108,"From personal level, it fosters a sense of unfairness between the older and younger generations",sacrificing the senior members to save the young workers poses several negative influences,support
616,AAEC_108,"every person within the business enterprise has the rights to proceed their work as long as they are capable of doing it, disregard the age and physical capacity","From personal level, it fosters a sense of unfairness between the older and younger generations",support
617,AAEC_108,sufficient pension payments and regular medical care should be given and arranged for the senior citizens after they have been imposed to terminate their employment permanently,"From social perspective, massively forcing the early retirement would be one of financial burden to the local government",support
618,AAEC_108,"From social perspective, massively forcing the early retirement would be one of financial burden to the local government",sacrificing the senior members to save the young workers poses several negative influences,support
619,AAEC_108,encouraging the workers to retire at age of fifty-five to release the positions for younger job seekers has some merits,it would generate a sense of discrimination among different age groups and increase the government financial pressure accordingly,attack
620,AAEC_108,the introduction of the early retirement has some benefits,it would generate a sense of discrimination among different age groups and increase the government financial pressure accordingly,attack
621,AAEC_108,sacrificing the senior members to save the young workers poses several negative influences,it would generate a sense of discrimination among different age groups and increase the government financial pressure accordingly,support
622,AAEC_117,it is the luxuries people use which damages the environment,if humans stop using technology and lead a simple way of life then only we can save the environment,support
623,AAEC_117,"If people don't use air conditioners, automobiles and other such things that technology has brought us, then naturally there would be less pollution and natural resources like fossil fuels would be saved and all this would save the environment",if humans stop using technology and lead a simple way of life then only we can save the environment,support
624,AAEC_117,now we have come so far ahead in technology that there is no going back,technology alone could save the environment,support
625,AAEC_117,We cannot ask the people of the jet age to go back to the age of the bullock cart,technology alone could save the environment,support
626,AAEC_117,"By pressurising sea water to produce vapour jets and filtering them through carbon nano tubes, we can get clean drinking water from sea water - an almost inexhaustible resource",One prime example is finding solutions to water problems in developing countries such as Africa,support
627,AAEC_117,One prime example is finding solutions to water problems in developing countries such as Africa,There are a lot of advances going on technology which are helping the environment a lot,support
628,AAEC_117,Japan is working to build a working space solar power system by 2030,There are a lot of advances going on technology which are helping the environment a lot,support
629,AAEC_117,"By drawing on the colossal energy of the sun, it could meet the entire world's electricity requirements indefinitely without nuclear or GHG emissions",There are a lot of advances going on technology which are helping the environment a lot,support
630,AAEC_117,"If successful, the impact on the world would be monumental",There are a lot of advances going on technology which are helping the environment a lot,support
631,AAEC_117,"It would mean energy for schools, hospitals, and homes","If successful, the impact on the world would be monumental",support
632,AAEC_117,It would mean another industrial revolution,"If successful, the impact on the world would be monumental",support
633,AAEC_117,if humans stop using technology and lead a simple way of life then only we can save the environment,technology alone can solve the world's environmental problems,attack
634,AAEC_117,technology alone could save the environment,technology alone can solve the world's environmental problems,support
635,AAEC_117,There are a lot of advances going on technology which are helping the environment a lot,technology alone can solve the world's environmental problems,support
636,AAEC_119,"Internet and computer also offer a more comprehensive access to knowledge, ranging from visual to aural stimuli, which make learning an ever enjoyable experience, especially for children","the global online network is the inexhaustible source of information, which definitely exceeds the fund of knowledge that any veteran teacher can accumulate",support
637,AAEC_119,"Much information as the Internet may provide, most of the sources are unjustified by experts",information from those sources is subject to question,support
638,AAEC_119,the computer can show whether an answer to a particular question is right or wrong,it cannot give as an in-depth explanation as a human teacher can,attack
639,AAEC_119,"Through face-to-face communication, teachers can also pinpoint the weaknesses of each student and therefore, adjusting and tailoring his or her teaching methodology to meet the levels or the demands of those students",it cannot give as an in-depth explanation as a human teacher can,support
640,AAEC_119,This is where the computer proves to be incompetent,it cannot give as an in-depth explanation as a human teacher can,support
641,AAEC_119,Internet can be a useful tool for education,at no time will the unique role of human teachers be replaced,attack
642,AAEC_119,"the global online network is the inexhaustible source of information, which definitely exceeds the fund of knowledge that any veteran teacher can accumulate",at no time will the unique role of human teachers be replaced,attack
643,AAEC_119,information from those sources is subject to question,at no time will the unique role of human teachers be replaced,support
644,AAEC_119,it cannot give as an in-depth explanation as a human teacher can,at no time will the unique role of human teachers be replaced,support
645,AAEC_126,Sometimes acquaintances are just acquaintances,it's much easier to have some casual acquaintances than have some close friends,support
646,AAEC_126,We spend time together but we could never be friend,it's much easier to have some casual acquaintances than have some close friends,support
647,AAEC_126,being a friend with someone is different from only being acquaintant,it's much easier to have some casual acquaintances than have some close friends,support
648,AAEC_126,it's not easy to make friend with anyone,being a friend with someone is different from only being acquaintant,support
649,AAEC_126,friends are people who have great compatibility with each other,being a friend with someone is different from only being acquaintant,support
650,AAEC_126,acquaintances probably not able to understand you better than your friends,close friends can easily understand each others feelings,support
651,AAEC_126,they wouldn't even spare time to consider your feelings,close friends can easily understand each others feelings,support
652,AAEC_126,Everyone play the role of acquaintance and friend at the same time,close friends can easily understand each others feelings,support
653,AAEC_126,Being friendly is a good way to treat a acquaintance but way not enough for a friend,close friends can easily understand each others feelings,support
654,AAEC_126,"When my friend is sick, I would not only ask if he is okay like an acquaintance but do my best to make him get well as soon as possible",a friend is a person you care about,support
655,AAEC_126,"If my friend is going to the wrong direction in his life trail, I will try my best to pull him back, but not stand and stare like it's not of my business",a friend is a person you care about,support
656,AAEC_126,my friend will do the same to me,a friend is a person you care about,support
657,AAEC_126,"After two years in college I have found sometimes there is more differences between people than similarities, for we are growing in the different families and was educated in various ways",being a friend with someone is different from only being acquaintant,support
658,AAEC_126,it's much easier to have some casual acquaintances than have some close friends,it's better to have one or two close friends than to have a large number of casual acquaintances,support
659,AAEC_126,it's much easier to have some casual acquaintances than have some close friends,friends are the most important people in my life second to my family,support
660,AAEC_126,close friends can easily understand each others feelings,it's better to have one or two close friends than to have a large number of casual acquaintances,support
661,AAEC_126,close friends can easily understand each others feelings,friends are the most important people in my life second to my family,support
662,AAEC_126,a friend is a person you care about,it's better to have one or two close friends than to have a large number of casual acquaintances,support
663,AAEC_126,a friend is a person you care about,friends are the most important people in my life second to my family,support
664,AAEC_129,I thought I had enough time for eating breakfast and transporting to the testing place; while I was stocked in a traffic jam and then missed the first test,I just failed to participate in the university entrance exam,support
665,AAEC_129,I just failed to participate in the university entrance exam,"we need to save time for accomplishing some important tasks, and a fitting example of which can be found in my experience of missing exam",support
666,AAEC_129,"we need to save time for accomplishing some important tasks, and a fitting example of which can be found in my experience of missing exam",we have to be eager in our lives,support
667,AAEC_129,"I had spent more time on practicing playing piano so that I won a piano competition, defeating those spending less time on practicing","If I can avoid being a sluggish person, I can have a higher probability of fulfilling my dream successfully",support
668,AAEC_129,"If I can avoid being a sluggish person, I can have a higher probability of fulfilling my dream successfully",keeping our pace higher is important,support
669,AAEC_129,keeping in high pace condition can prevent me from getting lazy,keeping our pace higher is important,support
670,AAEC_129,it is really joyful for me that I can immerse in the joy of the victory and accomplishment,I do not think that those people with slower pace losing the piano competition can be really happy,attack
671,AAEC_129,I do not think that those people with slower pace losing the piano competition can be really happy,with a slower pace can enjoy their lives more,attack
672,AAEC_129,it is not necessary for them to notice the time control or acquire the fame of succeed,with a slower pace can enjoy their lives more,support
673,AAEC_129,the advantages of this are qualitatively greater than that of the opposite,I prefer to live in a higher pace condition,support
674,AAEC_129,the advantages of this are qualitatively greater than that of the opposite,living in a higher pace is better,support
675,AAEC_129,the advantages of this are qualitatively greater than that of the opposite,I prefer to live in high pace,support
676,AAEC_129,we have to be eager in our lives,I prefer to live in a higher pace condition,support
677,AAEC_129,we have to be eager in our lives,living in a higher pace is better,support
678,AAEC_129,we have to be eager in our lives,I prefer to live in high pace,support
679,AAEC_129,keeping our pace higher is important,I prefer to live in a higher pace condition,support
680,AAEC_129,keeping our pace higher is important,living in a higher pace is better,support
681,AAEC_129,keeping our pace higher is important,I prefer to live in high pace,support
682,AAEC_129,with a slower pace can enjoy their lives more,I prefer to live in a higher pace condition,attack
683,AAEC_129,with a slower pace can enjoy their lives more,living in a higher pace is better,attack
684,AAEC_129,with a slower pace can enjoy their lives more,I prefer to live in high pace,attack
685,AAEC_136,the widespread of alternative sources of knowledge has played an important role in students' acquisition of knowledge,technologies are vital in students' learning,support
686,AAEC_136,"Computers can be programmed to provide an endless numbers of questions in diverse range of fields, and as the students answer these questions, the facts has been learned and reinforced",technologies are vital in students' learning,support
687,AAEC_136,"A case in point is the reading and listening parts of TOEFL iBT exams, as candidates have to answer many questions in a limited period of time",technologies are vital in students' learning,support
688,AAEC_136,"when students have some academic problems, they can post those to some websites and receive correct answers from unknown people in faraway places without any costs",technologies are vital in students' learning,support
689,AAEC_136,"in the past, conducting a research require long hours of searching in library shelves, now all can be done at a click of a button",technologies are vital in students' learning,support
690,AAEC_136,"At schools, students' development has been orchestrated stage by stage, step by step by experienced teachers, and their acquisition of knowledge is guided and backed up in a systematic way",formal education approaches are also indispensable,support
691,AAEC_136,schools and university are places in which students gather to be educated and learn from each others as well as formal educators,formal education approaches are also indispensable,support
692,AAEC_136,learners can obtain more useful knowledge from teachers than from other sources,both alternative sources and traditional teaching methods from educators are equally important in children's acquisition of knowledge,attack
693,AAEC_136,learners can obtain more useful knowledge from teachers than from other sources,alternative sources information and traditional education systems are equally important in children's development,attack
694,AAEC_136,technologies are vital in students' learning,both alternative sources and traditional teaching methods from educators are equally important in children's acquisition of knowledge,support
695,AAEC_136,technologies are vital in students' learning,alternative sources information and traditional education systems are equally important in children's development,support
696,AAEC_136,formal education approaches are also indispensable,both alternative sources and traditional teaching methods from educators are equally important in children's acquisition of knowledge,support
697,AAEC_136,formal education approaches are also indispensable,alternative sources information and traditional education systems are equally important in children's development,support
698,AAEC_139,"If certain species are absent from this system, such kind of balance is likely to be disrupted and other species, including human beings, will come under threat",it is our responsibility to keep as many species on the Earth as possible,support
699,AAEC_139,biodiversity is essential to maintain the balance of ecosystem,it is our responsibility to keep as many species on the Earth as possible,support
700,AAEC_139,they were unable to fit into the new environment,A great number of plants and animals died out,support
701,AAEC_139,The environment on the Earth has been transformed many times since the first species came into being,species extinction is quite natural according to the theory of evolution,support
702,AAEC_139,A great number of plants and animals died out,species extinction is quite natural according to the theory of evolution,support
703,AAEC_139,the process of extinction of some species is irrevocable and we can do nothing about it,species extinction is quite natural according to the theory of evolution,support
704,AAEC_139,"When these problems are taken into account, extinction of some animals recedes greatly in importance and it is not sensible to devote our limited resources to animals that have been past help",We should put our own survival and sustainment in order first before considering the conservation of other species,support
705,AAEC_139,"human beings nowadays are still faced with many urgent problems such as starvation, disease and wars",We should put our own survival and sustainment in order first before considering the conservation of other species,support
706,AAEC_139,species extinction is quite natural according to the theory of evolution,we should give priority to our own issues,support
707,AAEC_139,species extinction is quite natural according to the theory of evolution,"more emphasis should be laid on human beings other than animals, and it is better to let nature take its course with regard to species extinction",support
708,AAEC_139,We should put our own survival and sustainment in order first before considering the conservation of other species,we should give priority to our own issues,support
709,AAEC_139,We should put our own survival and sustainment in order first before considering the conservation of other species,"more emphasis should be laid on human beings other than animals, and it is better to let nature take its course with regard to species extinction",support
710,AAEC_139,it is our responsibility to keep as many species on the Earth as possible,we should give priority to our own issues,support
711,AAEC_139,it is our responsibility to keep as many species on the Earth as possible,"more emphasis should be laid on human beings other than animals, and it is better to let nature take its course with regard to species extinction",support
712,AAEC_142,they do not have to spend more time in health checking or treatment,this saves an amount of time as well as cost,support
713,AAEC_142,They can contribute effectively to the development of the economy,The main advantage of high-tech medical care is that people are better taken care so that they have a good health,support
714,AAEC_142,healthy workers can create more productivity,They can contribute effectively to the development of the economy,support
715,AAEC_142,this saves an amount of time as well as cost,The main advantage of high-tech medical care is that people are better taken care so that they have a good health,support
716,AAEC_142,"young people will be happy as their parents, grandparents are healthy",the improvement of medical care makes a better life for all people,support
717,AAEC_142,a community with the elderly who have a good health has a major role to play in a sustainable development of a society,the improvement of medical care makes a better life for all people,support
718,AAEC_142,more pension have to spend for Medicare instead of investing in other sectors of the economic system,the increase in life expectancy puts a high pressure on the economic system,support
719,AAEC_142,the capital that spend on taking care the elderly is contributed by these people during their working time,they are worth to have good care,support
720,AAEC_142,they are worth to have good care,the increase in life expectancy puts a high pressure on the economic system,attack
721,AAEC_142,"They have given their effort to the society so that young people, the governments have a responsibility to improve the Medicare system",they are worth to have good care,support
722,AAEC_142,the increase in life expectancy has some pressure on the Medicare system,the advanced medical care brings with it more benefits than disadvantages,attack
723,AAEC_142,the increase in life expectancy has some pressure on the Medicare system,the development of the health care system helps people have a better life,attack
724,AAEC_142,the improvement of medical care makes a better life for all people,the advanced medical care brings with it more benefits than disadvantages,support
725,AAEC_142,the improvement of medical care makes a better life for all people,the development of the health care system helps people have a better life,support
726,AAEC_142,The main advantage of high-tech medical care is that people are better taken care so that they have a good health,the advanced medical care brings with it more benefits than disadvantages,support
727,AAEC_142,The main advantage of high-tech medical care is that people are better taken care so that they have a good health,the development of the health care system helps people have a better life,support
728,AAEC_142,the increase in life expectancy puts a high pressure on the economic system,the advanced medical care brings with it more benefits than disadvantages,attack
729,AAEC_142,the increase in life expectancy puts a high pressure on the economic system,the development of the health care system helps people have a better life,attack
730,AAEC_142,It helps people build a sustainable society where people can live a happy life when they are old,the advanced medical care brings with it more benefits than disadvantages,support
731,AAEC_142,It helps people build a sustainable society where people can live a happy life when they are old,the development of the health care system helps people have a better life,support
732,AAEC_149,our parents receive better education than our grandparents did,they can provide more advices and helps in our career,support
733,AAEC_149,my grandparents did not get a education even in high school,"when my father had difficulty in solving a problem in his childhood, he had to go to his teacher for help",support
734,AAEC_149,more and more people have the opportunity to receive education from university,they can provide more advices and helps in our career,support
735,AAEC_149,"In the past, seldom people have the chance to attend a collage",they can provide more advices and helps in our career,support
736,AAEC_149,they have learned quite a lot,They can solve the problem quickly,support
737,AAEC_149,Things have changed a lot,they can provide more advices and helps in our career,support
738,AAEC_149,I grow up in a better condition than my father did,they can provide more advices and helps in our career,support
739,AAEC_149,"Whenever I have problems, I can always ask my parents for help",they can provide more advices and helps in our career,support
740,AAEC_149,"when my father had difficulty in solving a problem in his childhood, he had to go to his teacher for help",they can provide more advices and helps in our career,support
741,AAEC_149,Parents are quite experienced than their child,they can guide them toward the right direction,support
742,AAEC_149,"when I did not know what major to choose when I attend university, my father told a lot about different majors",family members can help us in many other aspects,support
743,AAEC_149,"He shared his own experience with me, which helped me quite a lot",family members can help us in many other aspects,support
744,AAEC_149,they can guide them toward the right direction,family members can help us in many other aspects,support
745,AAEC_149,parents can told their children as many as they can,family members can help us in many other aspects,support
746,AAEC_149,What they want is help their child to make a progress,family members can help us in many other aspects,support
747,AAEC_149,They can solve the problem quickly,"Whenever I have problems, I can always ask my parents for help",support
748,AAEC_149,they can provide more advices and helps in our career,one can achieve success more easily with the help from his or her family,support
749,AAEC_149,they can provide more advices and helps in our career,"with the help of our family, we can achieve success quite easily",support
750,AAEC_149,they can provide more advices and helps in our career,family plays a more important role in helping one to pursuit success,support
751,AAEC_149,family members can help us in many other aspects,one can achieve success more easily with the help from his or her family,support
752,AAEC_149,family members can help us in many other aspects,"with the help of our family, we can achieve success quite easily",support
753,AAEC_149,family members can help us in many other aspects,family plays a more important role in helping one to pursuit success,support
754,AAEC_149,our parents and other family members can help us a lot in our life,one can achieve success more easily with the help from his or her family,support
755,AAEC_149,our parents and other family members can help us a lot in our life,"with the help of our family, we can achieve success quite easily",support
756,AAEC_149,our parents and other family members can help us a lot in our life,family plays a more important role in helping one to pursuit success,support
757,AAEC_154,"If you have roommates, you can split the rent and utilities among them",Living with a roommate saves me a lot of money,support
758,AAEC_154,you can get more for less,Living with a roommate saves me a lot of money,support
759,AAEC_154,"last year, I shared a room off-campus with my friend, and we decided to split the rent and heating bills into half: I was able to save about fifty dollars for heating, and two hundred dollars for rent monthly",Living with a roommate saves me a lot of money,support
760,AAEC_154,I was able to save a lot of money by sharing wasted heating and rooms with my friend and splitting the bills,Living with a roommate saves me a lot of money,support
761,AAEC_154,It is always easier to socialize when you have a lot of people around you,living with a roommate also enables me to socialize more easily,support
762,AAEC_154,You can invite your roommates' friends over to your room and have fun together,living with a roommate also enables me to socialize more easily,support
763,AAEC_154,"one night, my roommate, Millan, brought his friends along",living with a roommate also enables me to socialize more easily,support
764,AAEC_154,"Even though his friends and I were total strangers to each other, we quickly got to know each other",living with a roommate also enables me to socialize more easily,support
765,AAEC_154,We soon found out that everyone loved playing video games,living with a roommate also enables me to socialize more easily,support
766,AAEC_154,"We played a video game called 'Halo' together all night, and became good friends",living with a roommate also enables me to socialize more easily,support
767,AAEC_154,Living with a roommate made socializing much easier for me,living with a roommate also enables me to socialize more easily,support
768,AAEC_154,It often is the case that your roommates have the skills or knowledge you need,living with a roommate allows me to get help,support
769,AAEC_154,"When you run into a problem, you can ask your roommates if they can help",living with a roommate allows me to get help,support
770,AAEC_154,Some of them may have something to offer,living with a roommate allows me to get help,support
771,AAEC_154,"when my computer mysteriously broke down, I dialed up the manufacturer and asked for help",living with a roommate allows me to get help,support
772,AAEC_154,They failed to give me any useful solutions,living with a roommate allows me to get help,support
773,AAEC_154,"To my surprise, one of my roommates noticed my problems and offered to help",living with a roommate allows me to get help,support
774,AAEC_154,"He was very good with computers, and he managed to fix the problem quickly",living with a roommate allows me to get help,support
775,AAEC_154,"it saves me money, enables me to socialize, and allows me to get help",I prefer to live with a roommate,support
776,AAEC_154,"it saves me money, enables me to socialize, and allows me to get help","I prefer to live with a roommate, and I always will",support
777,AAEC_154,many people decide to live alone for various reasons,I prefer to live with a roommate,attack
778,AAEC_154,many people decide to live alone for various reasons,"I prefer to live with a roommate, and I always will",attack
779,AAEC_154,"it offers me many advantages, such as less spending, more socializing, and more help",I prefer to live with a roommate,support
780,AAEC_154,"it offers me many advantages, such as less spending, more socializing, and more help","I prefer to live with a roommate, and I always will",support
781,AAEC_154,Living with a roommate saves me a lot of money,I prefer to live with a roommate,support
782,AAEC_154,Living with a roommate saves me a lot of money,"I prefer to live with a roommate, and I always will",support
783,AAEC_154,living with a roommate also enables me to socialize more easily,I prefer to live with a roommate,support
784,AAEC_154,living with a roommate also enables me to socialize more easily,"I prefer to live with a roommate, and I always will",support
785,AAEC_154,living with a roommate allows me to get help,I prefer to live with a roommate,support
786,AAEC_154,living with a roommate allows me to get help,"I prefer to live with a roommate, and I always will",support
787,AAEC_160,the punishment will be clear in the mind of professional criminals and they will not feel fear while committing a crime,if there will be a fixed punishment for each type of crime then it will lead to increase the crime,support
788,AAEC_160,laws and rules are there for people,it is necessary to have a look behind crime,support
789,AAEC_160,"a women steals feed for her child should be treated same as a women, who steals for her drug addiction",it is necessary to have a look behind crime,support
790,AAEC_160,The person who committed crime first time and the professional criminals should not be imprisoned at same place,it is necessary to have a look behind crime,support
791,AAEC_160,Everyone should be treated equally,fixed punishment will reduce the time taken by judges to give their judgement and it will be effective economically for the Government,support
792,AAEC_160,sometimes we see that a poor person who do not have much money for hiring a good lawyer they get imprisoned even without committing a crime and when they come back to the society they become a professional criminal,fixed punishment will reduce the space between poor and rich people and everyone will understand the importance of each other,support
793,AAEC_160,if there will be a fixed punishment for each type of crime then it will lead to increase the crime,Government should decide for punishment case by case basis,support
794,AAEC_160,if there will be a fixed punishment for each type of crime then it will lead to increase the crime,"it should taken into consideration the situation and conditions, that forces to a person to be a criminal",support
795,AAEC_160,it is necessary to have a look behind crime,Government should decide for punishment case by case basis,support
796,AAEC_160,it is necessary to have a look behind crime,"it should taken into consideration the situation and conditions, that forces to a person to be a criminal",support
797,AAEC_160,fixed punishment will reduce the space between poor and rich people and everyone will understand the importance of each other,Government should decide for punishment case by case basis,attack
798,AAEC_160,fixed punishment will reduce the space between poor and rich people and everyone will understand the importance of each other,"it should taken into consideration the situation and conditions, that forces to a person to be a criminal",attack
799,AAEC_160,fixed punishment will reduce the time taken by judges to give their judgement and it will be effective economically for the Government,Government should decide for punishment case by case basis,attack
800,AAEC_160,fixed punishment will reduce the time taken by judges to give their judgement and it will be effective economically for the Government,"it should taken into consideration the situation and conditions, that forces to a person to be a criminal",attack
801,AAEC_163,I will absolutely choose a place to live that is not too far from my workplace,I have always wanted to find a job in a big company which locates in a prosperous city area,support
802,AAEC_163,I can save plenty of money on transportation if I choose to live in the city,I have always wanted to find a job in a big company which locates in a prosperous city area,support
803,AAEC_163,You can enjoy modern life and have more access to the advanced facilities,life in a big city will not be so dull as in a small town,support
804,AAEC_163,"you can visit museums to learn history, and go to a more equipped library to enjoy reading, or you can go to a sports center for exercising",life in a big city will not be so dull as in a small town,support
805,AAEC_163,a small town may be less developed to satisfy all these kinds of needs,life in a big city will not be so dull as in a small town,support
806,AAEC_163,"If one can efficiently acquire the information, then, there might come along more opportunities for him to achieve his goals","living in big cities means more exposure to stimulation, like all kinds of information",support
807,AAEC_163,"there are various advertisements here an there, whether on the leaflets or on the big screen showing things of all sorts in commercial zones","living in big cities means more exposure to stimulation, like all kinds of information",support
808,AAEC_163,"If one is seeking a job right in the city or planing somewhere to travel, or just wants to buy a product in a dependable store, he might refer to what he has seen or heard from the advertisements to make a relatively wise choice","living in big cities means more exposure to stimulation, like all kinds of information",support
809,AAEC_163,"Schools in big cities may receive more funds from whether the local comities or the government, which may make them more equipped with advanced teaching facilities and attract more excellent teachers",Our children thus will have a better chance of pursuing high-quality education which is very important for their future development,support
810,AAEC_163,Our children thus will have a better chance of pursuing high-quality education which is very important for their future development,There is also another obvious advantage of living in a big city considering the chance of receiving better education of our offspring,support
811,AAEC_163,I have always wanted to find a job in a big company which locates in a prosperous city area,I prefer to live in a big city,support
812,AAEC_163,I have always wanted to find a job in a big company which locates in a prosperous city area,"if I want to live a more convenient life with more access to modern facilities as well as with more exposure to various opportunities, and have my children receive a better education, a big city is the place to live in",support
813,AAEC_163,life in a big city will not be so dull as in a small town,I prefer to live in a big city,support
814,AAEC_163,life in a big city will not be so dull as in a small town,"if I want to live a more convenient life with more access to modern facilities as well as with more exposure to various opportunities, and have my children receive a better education, a big city is the place to live in",support
815,AAEC_163,"living in big cities means more exposure to stimulation, like all kinds of information",I prefer to live in a big city,support
816,AAEC_163,"living in big cities means more exposure to stimulation, like all kinds of information","if I want to live a more convenient life with more access to modern facilities as well as with more exposure to various opportunities, and have my children receive a better education, a big city is the place to live in",support
817,AAEC_163,There is also another obvious advantage of living in a big city considering the chance of receiving better education of our offspring,I prefer to live in a big city,support
818,AAEC_163,There is also another obvious advantage of living in a big city considering the chance of receiving better education of our offspring,"if I want to live a more convenient life with more access to modern facilities as well as with more exposure to various opportunities, and have my children receive a better education, a big city is the place to live in",support
819,AAEC_169,professors should provide well-preparation courses to convey the state-of-art knowledge for college and university students,professors should pay more attention on how to teach students rather than conduct research,support
820,AAEC_169,The reason why people enter a university is that they want to learn cutting-edged technologies,professors should pay more attention on how to teach students rather than conduct research,support
821,AAEC_169,"If professors spend a lot of time on research, he will cut the time on preparing courses is reduced, which may decrease the quality of classes",professors should pay more attention on how to teach students rather than conduct research,support
822,AAEC_169,professors should assist students to acquire knowledge,professors should pay more attention on how to teach students rather than conduct research,support
823,AAEC_169,"The professors’ duty is to nurture students, and prepare excellent courses",professors should pay more attention on how to teach students rather than conduct research,support
824,AAEC_169,research could bring funding and latest achievements in the field,the research takes up too much teaching time,attack
825,AAEC_169,"Students are unsatisfied with the unprepared course, and the enrollment of universities may decline","spending more time to nurture excellent students is more consequential to professors, rather than research",support
826,AAEC_169,Many students would not choose these kinds of universities to study,"spending more time to nurture excellent students is more consequential to professors, rather than research",support
827,AAEC_169,"if professors are busy in doing research, ignoring preparing appropriate courses for students, it would ruin the reputation of universities","spending more time to nurture excellent students is more consequential to professors, rather than research",support
828,AAEC_169,It is adverse to the whole academic field,"spending more time to nurture excellent students is more consequential to professors, rather than research",support
829,AAEC_169,hardly can professors find assistants to help with projects,It is adverse to the whole academic field,support
830,AAEC_169,Some students enjoy taking part in some research,professors could teach students through research and projects,support
831,AAEC_169,"Through to use the equipment and invent their own work, they may get more experience in the process of research",professors could teach students through research and projects,support
832,AAEC_169,"electronic students always invent new machines such as robots, MP3 and remote control car","Through to use the equipment and invent their own work, they may get more experience in the process of research",support
833,AAEC_169,They can manage the electric theory in practical skills,"Through to use the equipment and invent their own work, they may get more experience in the process of research",support
834,AAEC_169,And some students will be rewarded by investing new inventions,"Through to use the equipment and invent their own work, they may get more experience in the process of research",support
835,AAEC_169,"only under specific circumstance, when students master all of the systematic knowledge, can they accomplish research",professor should concern about preparing class,support
836,AAEC_169,This is requires professors provide high quality courses,professor should concern about preparing class,support
837,AAEC_169,the precondition of doing research is growing students’ solid theory fundamental,conducting research is helpful for professors and students to some extent,attack
838,AAEC_169,conducting research is helpful for professors and students to some extent,"Only by developing students, can we have a better academic field",attack
839,AAEC_169,"Only by developing students, can we have a better academic field",Professors could combine doing research and preparing good courses in a dynamic way,support
840,AAEC_169,"Only by developing students, can we have a better academic field",professors should spend more time on preparing courses than research,support
841,AAEC_169,the research takes up too much teaching time,Professors could combine doing research and preparing good courses in a dynamic way,support
842,AAEC_169,the research takes up too much teaching time,professors should spend more time on preparing courses than research,support
843,AAEC_169,professors could teach students through research and projects,Professors could combine doing research and preparing good courses in a dynamic way,attack
844,AAEC_169,professors could teach students through research and projects,professors should spend more time on preparing courses than research,attack
845,AAEC_169,professor should concern about preparing class,Professors could combine doing research and preparing good courses in a dynamic way,support
846,AAEC_169,professor should concern about preparing class,professors should spend more time on preparing courses than research,support
847,AAEC_169,professors should pay more attention on how to teach students rather than conduct research,Professors could combine doing research and preparing good courses in a dynamic way,support
848,AAEC_169,professors should pay more attention on how to teach students rather than conduct research,professors should spend more time on preparing courses than research,support
849,AAEC_169,"spending more time to nurture excellent students is more consequential to professors, rather than research",Professors could combine doing research and preparing good courses in a dynamic way,support
850,AAEC_169,"spending more time to nurture excellent students is more consequential to professors, rather than research",professors should spend more time on preparing courses than research,support
851,AAEC_172,you can choose to have your own room instead of sharing with another student,An apartment offers more privacy,support
852,AAEC_172,"While in a dormitory you have to obey preset rules, in the apartment you set your own rules",an apartment provides a lot more freedom than a dormitory,support
853,AAEC_172,You are free to have visits at any time or to be left alone if you want,an apartment provides a lot more freedom than a dormitory,support
854,AAEC_172,An apartment offers more privacy,an apartment provides a lot more freedom than a dormitory,support
855,AAEC_172,you also get more space than you would in a dormitory,an apartment provides a lot more freedom than a dormitory,support
856,AAEC_172,you could rent the extra rooms in the apartment to other people and rent would be a lot cheaper,an apartment is more expensive,attack
857,AAEC_172,"Transportation is another issue, you have to go to and return from the university everyday",an apartment is more expensive,support
858,AAEC_172,"You could choose to use public transportation, a cheaper option, or to have a car",an apartment is more expensive,support
859,AAEC_172,"The car is an expensive option, but also offers freedom of schedule and destination",an apartment is more expensive,support
860,AAEC_172,in an apartment you don't have a roommate,you won't have this problem,support
861,AAEC_172,you won't have this problem,you would be able to concentrate better,support
862,AAEC_172,you would be able to concentrate better,the studying conditions are better in an apartment,support
863,AAEC_172,A lot of students often complain about their roommate playing music too loud or bringing friends over at inappropriate times,the studying conditions are better in an apartment,support
864,AAEC_172,you don't have all the noise and distractions that you often have in dormitories,the studying conditions are better in an apartment,support
865,AAEC_172,"you won't have a problem if you are the one who wants to play music, bring friends over, or study late at night",the studying conditions are better in an apartment,support
866,AAEC_172,You set your own schedules,the studying conditions are better in an apartment,support
867,AAEC_172,"living in a dormitory, and being surrounded by students also has some advantages, like being able to get help with any academic issues from them",the studying conditions are better in an apartment,attack
868,AAEC_172,an apartment provides a lot more freedom than a dormitory,I would prefer to live in an apartment in the community rather than in the university dormitories,support
869,AAEC_172,an apartment provides a lot more freedom than a dormitory,the advantages of living in an apartment outshine those of living in a dormitory,support
870,AAEC_172,an apartment is more expensive,I would prefer to live in an apartment in the community rather than in the university dormitories,attack
871,AAEC_172,an apartment is more expensive,the advantages of living in an apartment outshine those of living in a dormitory,attack
872,AAEC_172,the studying conditions are better in an apartment,I would prefer to live in an apartment in the community rather than in the university dormitories,support
873,AAEC_172,the studying conditions are better in an apartment,the advantages of living in an apartment outshine those of living in a dormitory,support
874,AAEC_180,"humans are a part of the society, and the society includes a wide variety of groups","the groups play an essential role in the process of socialization, from children to adults",support
875,AAEC_180,"After graduating from schools, employees might go to business associations for various business resources and benefits",almost of us live in the environment of groups,support
876,AAEC_180,"As university students, it is likely for them to join student organization of their major in order to expand their experiences or communicate with others",almost of us live in the environment of groups,support
877,AAEC_180,"By making teamwork, the children in schools may learn to how to get along with others",almost of us live in the environment of groups,support
878,AAEC_180,"We begin taking part in groups or organizations during the early days of life, and especially most people continue their social participation in all through life",almost of us live in the environment of groups,support
879,AAEC_180,"as a student majoring in mass media, I have taken part in mass media student group for a year","A solid group can be a suited environment, which provides people to improve themselves or broaden their horizons",support
880,AAEC_180,"When being in the department of art, I have not only learned how to do a project, but also known some famous artists during the term","A solid group can be a suited environment, which provides people to improve themselves or broaden their horizons",support
881,AAEC_180,it is advantage which increase an opportunity on my resume for the sake of getting a better job,"A solid group can be a suited environment, which provides people to improve themselves or broaden their horizons",support
882,AAEC_180,"A solid group can be a suited environment, which provides people to improve themselves or broaden their horizons","By participating in an organization, it is a positive way for people to obtain some experiences on a particular purpose",support
883,AAEC_180,"For accomplishing their missions, the charity should gather people who are volunteers and sponsors for those difficult tasks",they lit the light for the poor and victims,support
884,AAEC_180,they could have chance to help the people in need from all over the world,they lit the light for the poor and victims,support
885,AAEC_180,they lit the light for the poor and victims,groups and organizations would lead people to take action or achieve their goal,support
886,AAEC_180,there are various charities in the world,groups and organizations would lead people to take action or achieve their goal,support
887,AAEC_180,"Tzu Chi, a non-profit Buddhism organization in Taiwan, is famous for contributing to the social and community services, and medical care",groups and organizations would lead people to take action or achieve their goal,support
888,AAEC_180,They bring hopes and inspire others with their generous spirit,groups and organizations would lead people to take action or achieve their goal,support
889,AAEC_180,almost of us live in the environment of groups,groups or organizations are a vital part for us in plenty of aspects in different ages and in different backgrounds,support
890,AAEC_180,almost of us live in the environment of groups,groups provide a place for people to gain experiences or achieve goals,support
891,AAEC_180,"By participating in an organization, it is a positive way for people to obtain some experiences on a particular purpose",groups or organizations are a vital part for us in plenty of aspects in different ages and in different backgrounds,support
892,AAEC_180,"By participating in an organization, it is a positive way for people to obtain some experiences on a particular purpose",groups provide a place for people to gain experiences or achieve goals,support
893,AAEC_180,groups and organizations would lead people to take action or achieve their goal,groups or organizations are a vital part for us in plenty of aspects in different ages and in different backgrounds,support
894,AAEC_180,groups and organizations would lead people to take action or achieve their goal,groups provide a place for people to gain experiences or achieve goals,support
895,AAEC_180,"the groups play an essential role in the process of socialization, from children to adults",groups or organizations are a vital part for us in plenty of aspects in different ages and in different backgrounds,support
896,AAEC_180,"the groups play an essential role in the process of socialization, from children to adults",groups provide a place for people to gain experiences or achieve goals,support
897,AAEC_182,"It would divert public funds from other needs such as law enforcement, infrastructure and so forth",making college education free would cost too much,support
898,AAEC_182,it would cause to raise our taxes again and again to fund college education,it would affect all taxpayers whether or not they benefit from the use of the funds,support
899,AAEC_182,it would affect all taxpayers whether or not they benefit from the use of the funds,making college education free would cost too much,support
900,AAEC_182,"There are many other needs which should come first, such as providing health care to all American, or improving public schools",making college education free would cost too much,support
901,AAEC_182,"People who want to make more money, and live a better life than other people decide to take a college education",those people should make the financial investment in their own choice; not the government,support
902,AAEC_182,Not everyone wants to go to a college,those people should make the financial investment in their own choice; not the government,support
903,AAEC_182,it is a personal choice to go to a college,those people should make the financial investment in their own choice; not the government,support
904,AAEC_182,"People who cannot afford to pay their tuition benefit from the scholarship, financial aids, and other funds",there are many ways to fund a college education,support
905,AAEC_182,the government already helps pay college expense through indirect means,there are many ways to fund a college education,support
906,AAEC_182,"They often provide services such as fire departments, medical assistance, and police protection for the schools and their students",there are many ways to fund a college education,support
907,AAEC_182,They also provide funds for academic research,there are many ways to fund a college education,support
908,AAEC_182,"While the money is not given to individual students, these contributions are not trivial",there are many ways to fund a college education,support
909,AAEC_182,"it would cost too much, the college education is a personal's choice, and there are many ways to fund a college education",individuals should pay their college tuition,support
910,AAEC_182,"it would cost too much, the college education is a personal's choice, and there are many ways to fund a college education",the individual should finance his or her education,support
911,AAEC_182,it would cause too much cost from taxpayers and the government,individuals should pay their college tuition,support
912,AAEC_182,it would cause too much cost from taxpayers and the government,the individual should finance his or her education,support
913,AAEC_182,those people should make the financial investment in their own choice; not the government,individuals should pay their college tuition,support
914,AAEC_182,those people should make the financial investment in their own choice; not the government,the individual should finance his or her education,support
915,AAEC_182,there are many ways to fund a college education,individuals should pay their college tuition,support
916,AAEC_182,there are many ways to fund a college education,the individual should finance his or her education,support
917,AAEC_182,making college education free would cost too much,individuals should pay their college tuition,support
918,AAEC_182,making college education free would cost too much,the individual should finance his or her education,support
919,AAEC_182,it is a personal choice,individuals should pay their college tuition,support
920,AAEC_182,it is a personal choice,the individual should finance his or her education,support
921,AAEC_187,he is not jumping into the foreign country,he can set aside enough time and energy dedicated to learning the language,support
922,AAEC_187,all the learners are probably from the same country,"all these people most likely have learned the language, more or less, in the same way",support
923,AAEC_187,he can set aside enough time and energy dedicated to learning the language,Person 'A' who learns a non-native language in his country may receive benefit from a step-by-step teaching method,support
924,AAEC_187,"all these people most likely have learned the language, more or less, in the same way",Person 'A' who learns a non-native language in his country may receive benefit from a step-by-step teaching method,support
925,AAEC_187,it leads to better understanding of language essential skills,"he can learn most useful idioms, proverbs and so many other things which the former person, person 'A', does not have access to",support
926,AAEC_187,He also has access to the most up-to-date language,"he can learn most useful idioms, proverbs and so many other things which the former person, person 'A', does not have access to",support
927,AAEC_187,He may find native friends and may participate in groups where members are people from the foreign country,"he can learn most useful idioms, proverbs and so many other things which the former person, person 'A', does not have access to",support
928,AAEC_187,"when a new learner wants to learn a new language in the country in which it is spoken, he has the opportunity to communicate with natives","he can learn most useful idioms, proverbs and so many other things which the former person, person 'A', does not have access to",support
929,AAEC_187,There are lots of evidences show that communication is the most important factor in learning a new language,"When you are exposed to an environment where everybody talks to you in the new language you want to learn and expects you express words from the same language, you are forced to learn it as soon and good as possible",support
930,AAEC_187,"if I wanted to learn a new language and had enough money to afford the travel, I would definitely make the second choice","When you are exposed to an environment where everybody talks to you in the new language you want to learn and expects you express words from the same language, you are forced to learn it as soon and good as possible",support
931,AAEC_187,"he can learn most useful idioms, proverbs and so many other things which the former person, person 'A', does not have access to",people who learn a foreign language in the country in which it is spoken have a deeper understanding of different language skills than those who learn the same languages in their own countries,support
932,AAEC_187,"he can learn most useful idioms, proverbs and so many other things which the former person, person 'A', does not have access to",advantages of learning language in the country in which is spoken outweigh the advantages of the other way of learning of a new language,support
933,AAEC_187,Person 'A' who learns a non-native language in his country may receive benefit from a step-by-step teaching method,people who learn a foreign language in the country in which it is spoken have a deeper understanding of different language skills than those who learn the same languages in their own countries,attack
934,AAEC_187,Person 'A' who learns a non-native language in his country may receive benefit from a step-by-step teaching method,advantages of learning language in the country in which is spoken outweigh the advantages of the other way of learning of a new language,attack
935,AAEC_187,"When you are exposed to an environment where everybody talks to you in the new language you want to learn and expects you express words from the same language, you are forced to learn it as soon and good as possible",people who learn a foreign language in the country in which it is spoken have a deeper understanding of different language skills than those who learn the same languages in their own countries,support
936,AAEC_187,"When you are exposed to an environment where everybody talks to you in the new language you want to learn and expects you express words from the same language, you are forced to learn it as soon and good as possible",advantages of learning language in the country in which is spoken outweigh the advantages of the other way of learning of a new language,support
937,AAEC_192,"among a large number of people there could be someone who practices a particular sport, or plays an instrument or likes traveling very much and from their experiences you can be attracted to try something new that you had never considered before",staying in contact with a large number of friends gives the opportunity to learn more from the others' experiences,support
938,AAEC_192,This would not happen or at least would happen rarely if one decides to spend time with one or two close friends,"while differences give the opportunity to learn, they can also mean that sometimes it can be difficult to reach an agreement",support
939,AAEC_192,in this case it is more likely that interests and preferences are the same,"while differences give the opportunity to learn, they can also mean that sometimes it can be difficult to reach an agreement",support
940,AAEC_192,"if you happen to face a problem and ask them for advice, your friends you will see that issue from their different point of views and accordingly they will help you to consider better all advantages and disadvantages",a large number of friends can help you to consider all the possible solutions to a problem and to make you more open-minded,support
941,AAEC_192,"they often will give you viewpoints not so different from yours, adding less to your experience","When you have just few close friends, on one hand you develop a more intimate relationship with them and you feel you can trust them more",attack
942,AAEC_192,staying in contact with a large number of friends gives the opportunity to learn more from the others' experiences,other prefer to be surrounded by a large number of friends,support
943,AAEC_192,staying in contact with a large number of friends gives the opportunity to learn more from the others' experiences,spending time with a large number of friends can add more to one's life,support
944,AAEC_192,a large number of friends can help you to consider all the possible solutions to a problem and to make you more open-minded,other prefer to be surrounded by a large number of friends,support
945,AAEC_192,a large number of friends can help you to consider all the possible solutions to a problem and to make you more open-minded,spending time with a large number of friends can add more to one's life,support
946,AAEC_192,"When you have just few close friends, on one hand you develop a more intimate relationship with them and you feel you can trust them more",other prefer to be surrounded by a large number of friends,attack
947,AAEC_192,"When you have just few close friends, on one hand you develop a more intimate relationship with them and you feel you can trust them more",spending time with a large number of friends can add more to one's life,attack
948,AAEC_192,"while differences give the opportunity to learn, they can also mean that sometimes it can be difficult to reach an agreement",other prefer to be surrounded by a large number of friends,attack
949,AAEC_192,"while differences give the opportunity to learn, they can also mean that sometimes it can be difficult to reach an agreement",spending time with a large number of friends can add more to one's life,attack
950,AAEC_193,Cars depend on oil and gasoline to move,The use of public transportation is the best way to conserve natural resources gradually run out,support
951,AAEC_193,"If people use too many private cars, the oil and gasoline nonrenewable will run out quickly",The use of public transportation is the best way to conserve natural resources gradually run out,support
952,AAEC_193,"Instead of using many private cars, people can use public transportation, such as bus, train, subway, each one can get far more people and less oil and gasoline are used up per person",The use of public transportation is the best way to conserve natural resources gradually run out,support
953,AAEC_193,"Cars use oil and gasoline and send out gas such as carbon dioxide, heat and so on",The use of public transportation helps in reducing the air pollution,support
954,AAEC_193,They cause pollution and make the Earth warmer,The use of public transportation helps in reducing the air pollution,support
955,AAEC_193,"The more cars are driven, the more pollution will be put into air",The use of public transportation helps in reducing the air pollution,support
956,AAEC_193,"If we use the public transportation, less cars will be used and less pollution will be emitted",The use of public transportation helps in reducing the air pollution,support
957,AAEC_193,"The atmosphere, surrounding us, will be protected and help us more healthy",The use of public transportation helps in reducing the air pollution,support
958,AAEC_193,"When we drive a private car, we are alone or only our family members that we already know and lost the opportunity to make friends with others or to see that we are a part of this society",The use of public transportation make us live more sociable,support
959,AAEC_193,"When using public transportation, we have a chance to meet more people and more chances to discovery new aspects of life",The use of public transportation make us live more sociable,support
960,AAEC_193,The use of public transportation is the best way to conserve natural resources gradually run out,"Using public transportation has a lot of advantages for the modern society facing a lot of problems: the environmental population, the isolation in life, the depletion of natural resources",support
961,AAEC_193,The use of public transportation is the best way to conserve natural resources gradually run out,The development of public transportation is the most essential thing for a developed society,support
962,AAEC_193,The use of public transportation helps in reducing the air pollution,"Using public transportation has a lot of advantages for the modern society facing a lot of problems: the environmental population, the isolation in life, the depletion of natural resources",support
963,AAEC_193,The use of public transportation helps in reducing the air pollution,The development of public transportation is the most essential thing for a developed society,support
964,AAEC_193,The use of public transportation make us live more sociable,"Using public transportation has a lot of advantages for the modern society facing a lot of problems: the environmental population, the isolation in life, the depletion of natural resources",support
965,AAEC_193,The use of public transportation make us live more sociable,The development of public transportation is the most essential thing for a developed society,support
966,AAEC_193,"Public transportation keeps society from the depletion of natural resources, the air pollution, the loss of a sense of community","Using public transportation has a lot of advantages for the modern society facing a lot of problems: the environmental population, the isolation in life, the depletion of natural resources",support
967,AAEC_193,"Public transportation keeps society from the depletion of natural resources, the air pollution, the loss of a sense of community",The development of public transportation is the most essential thing for a developed society,support
968,AAEC_199,I am a type of person who cannot comprehend my subjects unless I am alone,Studying alone helps us to focus more in our lessons,support
969,AAEC_199,"I can prepare my schedules, guidelines, exercises and go over them all",Studying alone helps us to focus more in our lessons,support
970,AAEC_199,"we have a lot of subjects which require us to sit and study alone such as math, reading, and drawing",Studying alone helps us to focus more in our lessons,support
971,AAEC_199,I can take advantage of every minute without wasting by studying alone,Studying alone helps us to focus more in our lessons,support
972,AAEC_199,answering our homework alone encourages us to be more responsible and independent,we are building our personalities when we study alone,support
973,AAEC_199,it motivates us to be accurate in our work in the future,we are building our personalities when we study alone,support
974,AAEC_199,"when I fix my study plan with a specific time and finish it on time, it improves my ability in the future to become more precise and careful",we are building our personalities when we study alone,support
975,AAEC_199,"it helps me to concentrate more, and it helps me to build my personality",I prefer to study individually,support
976,AAEC_199,"it helps me to concentrate more, and it helps me to build my personality",I agree with the idea of studying a lone,support
977,AAEC_199,it helps me to focus more and establish my personality,I prefer to study individually,support
978,AAEC_199,it helps me to focus more and establish my personality,I agree with the idea of studying a lone,support
979,AAEC_199,Studying alone helps us to focus more in our lessons,I prefer to study individually,support
980,AAEC_199,Studying alone helps us to focus more in our lessons,I agree with the idea of studying a lone,support
981,AAEC_199,we are building our personalities when we study alone,I prefer to study individually,support
982,AAEC_199,we are building our personalities when we study alone,I agree with the idea of studying a lone,support
983,AAEC_202,I once had a co-worker who was too family conscious,he always left office sharp on time without giving any consideration whether the work has been finished or not,support
984,AAEC_202,The co-workers should be cooperative with one another,if the co-workers do not corporate with each other that would be devastating in a work environment,support
985,AAEC_202,"If they do not cooperate, there will be lots of disputes",if the co-workers do not corporate with each other that would be devastating in a work environment,support
986,AAEC_202,he always left office sharp on time without giving any consideration whether the work has been finished or not,if the co-workers do not corporate with each other that would be devastating in a work environment,support
987,AAEC_202,"Most of the time, I had to do his work in order to protect him from getting caught to the supervisor who was a very authoritative person",if the co-workers do not corporate with each other that would be devastating in a work environment,support
988,AAEC_202,one day I wanted to be off early because I had to take my mother to the doctor,if the co-workers do not corporate with each other that would be devastating in a work environment,support
989,AAEC_202,"When I requested my co-worker to give a helping hand to finish my work early, he turned down my request giving a silly excuse",if the co-workers do not corporate with each other that would be devastating in a work environment,support
990,AAEC_202,From that day onwards I did not offer him any support and finally he was transferred from our department to a distant location as a punishment for his irresponsibility,if the co-workers do not corporate with each other that would be devastating in a work environment,support
991,AAEC_202,They should not act on suspicion,The co-workers need to trust each other,support
992,AAEC_202,This is a very important aspect in the work environment,The co-workers need to trust each other,support
993,AAEC_202,I came across a situation once such that one of my subordinates used to suspect his co-worker for carrying tales to me,The co-workers need to trust each other,support
994,AAEC_202,To a certain extent his suspicion was valid as his co-worker made several attempts to highlight the drawbacks of him,The co-workers need to trust each other,support
995,AAEC_202,I never encourage tale carriers as a principle and therefore his co-worker gave up talking ill against him with me,The co-workers need to trust each other,support
996,AAEC_202,But this mistrust continued and created very unpleasant situations for everybody in my department,The co-workers need to trust each other,support
997,AAEC_202,This helps them to enjoy their work life while building up very strong personal relationships,the co-workers should believe in fellowship,support
998,AAEC_202,you spend most of your day at office,the co-workers should believe in fellowship,support
999,AAEC_202,"If you have a good company in office, it is certainly a blessing",the co-workers should believe in fellowship,support
1000,AAEC_202,The co-workers need to trust each other,"a good co-worker needs to have three most important characteristics such as cooperation, trustworthiness, and fellowship",support
1001,AAEC_202,if the co-workers do not corporate with each other that would be devastating in a work environment,"a good co-worker needs to have three most important characteristics such as cooperation, trustworthiness, and fellowship",support
1002,AAEC_202,the co-workers should believe in fellowship,"a good co-worker needs to have three most important characteristics such as cooperation, trustworthiness, and fellowship",support
1003,AAEC_204,Working in group leads to more discussion and more opinion among the class,the discussion class results in expanded children vision and their respect to others roommate's ideas,support
1004,AAEC_204,the discussion class results in expanded children vision and their respect to others roommate's ideas,the participant with the others like classmates or professors is still an important factor in studying,support
1005,AAEC_204,Unlike the distance learning that children have few opportunities to discuss with their friends,the participant with the others like classmates or professors is still an important factor in studying,support
1006,AAEC_204,"During student's free time, they have a number of activities that they can join, such as playing sports, going to lab, or going to library",classroom learning provides other activities than studying,support
1007,AAEC_204,These activities lead to more interact with their friends,classroom learning provides other activities than studying,support
1008,AAEC_204,Connection with friends improves their IQ abilities,classroom learning provides other activities than studying,support
1009,AAEC_204,they have a chance to learn about their societies,classroom learning provides other activities than studying,support
1010,AAEC_204,the online course keeps the children at their home only,classroom learning provides other activities than studying,support
1011,AAEC_204,The professor provides good answers to you,"in school, there are professors that guided you during you had a problem or needed an advice",support
1012,AAEC_204,"They do not mind helping you, and they never leave you alone when you got a problem","in school, there are professors that guided you during you had a problem or needed an advice",support
1013,AAEC_204,"in distance learning, these aspects of the professor had reduced their important","in school, there are professors that guided you during you had a problem or needed an advice",support
1014,AAEC_204,The professor has been assigned to teach only,"in school, there are professors that guided you during you had a problem or needed an advice",support
1015,AAEC_204,there will be a long response from the teachers when children ask them a question,"in school, there are professors that guided you during you had a problem or needed an advice",support
1016,AAEC_204,online classes have many advantages,traditional learning still has many benefits to the students,attack
1017,AAEC_204,online classes have many advantages,I prefer traditional learning classes,attack
1018,AAEC_204,the participant with the others like classmates or professors is still an important factor in studying,traditional learning still has many benefits to the students,support
1019,AAEC_204,the participant with the others like classmates or professors is still an important factor in studying,I prefer traditional learning classes,support
1020,AAEC_204,classroom learning provides other activities than studying,traditional learning still has many benefits to the students,support
1021,AAEC_204,classroom learning provides other activities than studying,I prefer traditional learning classes,support
1022,AAEC_204,"in school, there are professors that guided you during you had a problem or needed an advice",traditional learning still has many benefits to the students,support
1023,AAEC_204,"in school, there are professors that guided you during you had a problem or needed an advice",I prefer traditional learning classes,support
1024,AAEC_211,"from the health point of view, schools should not only deliver academic subjects","Removing physical classes from school education will not only be harmful to young people’s health, it will also decrease their learning capability",support
1025,AAEC_211,"If physical education is removed from the syllabus, there will be considerable negative effects on students’ health","Removing physical classes from school education will not only be harmful to young people’s health, it will also decrease their learning capability",support
1026,AAEC_211,"after studying and sitting in the classroom for the whole morning, it is better for students to do some outdoor activities, such as stretching, jogging and playing ball games, in order to improve their learning ability during the afternoon classes","Removing physical classes from school education will not only be harmful to young people’s health, it will also decrease their learning capability",support
1027,AAEC_211,schools are responsible for developing their students into well-rounded people,school education should not only focus on the academic development of a student,support
1028,AAEC_211,It is more important for a person to success in life than to success only academically,school education should not only focus on the academic development of a student,support
1029,AAEC_211,"Success in life should be the ultimate goal of a student, which requires more than academic knowledge, but also practical life skills such as cooking, good communication skills and teamwork spirit",school education should not only focus on the academic development of a student,support
1030,AAEC_211,it is much more crucial to teach them how to be independent and live a good life,school education should not only focus on the academic development of a student,support
1031,AAEC_211,it is not a good idea,students can learn practical skills after school hours from their parents,attack
1032,AAEC_211,most young people would rather watch TV or play computer games after school instead of learning life skills from their parents,it is not a good idea,support
1033,AAEC_211,parents are usually too busy with their daily jobs to teach their children the life skills,students can learn practical skills after school hours from their parents,attack
1034,AAEC_211,non-academic subjects are as essential as academic subjects for a student’s development,schools should not remove these subjects,support
1035,AAEC_211,non-academic subjects are as essential as academic subjects for a student’s development,"non-academic subjects should be completely removed, I strongly disagree with that",support
1036,AAEC_211,school education should not only focus on the academic development of a student,schools should not remove these subjects,support
1037,AAEC_211,school education should not only focus on the academic development of a student,"non-academic subjects should be completely removed, I strongly disagree with that",support
1038,AAEC_211,students can learn practical skills after school hours from their parents,schools should not remove these subjects,attack
1039,AAEC_211,students can learn practical skills after school hours from their parents,"non-academic subjects should be completely removed, I strongly disagree with that",attack
1040,AAEC_211,"Removing physical classes from school education will not only be harmful to young people’s health, it will also decrease their learning capability",schools should not remove these subjects,support
1041,AAEC_211,"Removing physical classes from school education will not only be harmful to young people’s health, it will also decrease their learning capability","non-academic subjects should be completely removed, I strongly disagree with that",support
1042,AAEC_212,"if one wore in white and went to common Viharas to observe a rather longer-than-usual, full-length Buddhist sutra in Buddha's Birthday in India, he or she would learn something about Indian religion and culture","people understand the culture, and then they adapt to the new country",support
1043,AAEC_212,"people understand the culture, and then they adapt to the new country","it will be easier for people to assimilate into a new country, if they follow the new customs",support
1044,AAEC_212,"When people migrate to a new country, they are likely to suffer the culture shock, because of the difference between two cultures","it will be easier for people to assimilate into a new country, if they follow the new customs",support
1045,AAEC_212,The custom is just a form of the culture and following the custom is a good way to know more about this culture,"it will be easier for people to assimilate into a new country, if they follow the new customs",support
1046,AAEC_212,"When people insist to keep their own customs and refuse to accept the new one, they regard themselves as a special group in the new country",keeping own customs stably might cause discrimination,support
1047,AAEC_212,The local people may also regard them as a special group as well and separate them from the main-stream society,keeping own customs stably might cause discrimination,support
1048,AAEC_212,One example of this is that the Chinese immigrants in Indonesia in 1969,keeping own customs stably might cause discrimination,support
1049,AAEC_212,They formed Chinatown and kept Chinese language and customs in it,keeping own customs stably might cause discrimination,support
1050,AAEC_212,"While the Indonesians stopped working at 4:00 pm and went home for rest, Chinese immigrants were still working",keeping own customs stably might cause discrimination,support
1051,AAEC_212,Their houses and private cars were buried by local people,keeping own customs stably might cause discrimination,support
1052,AAEC_212,"being much richer than local people, they faced the discrimination",keeping own customs stably might cause discrimination,support
1053,AAEC_212,"If the Chinese immigrants had followed the local customs and assimilated into Indonesia, they would not have been regards as a group of Chinese and discrimination might have been alleviated",keeping own customs stably might cause discrimination,support
1054,AAEC_212,"the locals were jealous of Chinese people, who had so much wealth, which should have been theirs",Their houses and private cars were buried by local people,support
1055,AAEC_212,"it will be easier for people to assimilate into a new country, if they follow the new customs","I would follow the new customs, if I migrated to another country",support
1056,AAEC_212,"it will be easier for people to assimilate into a new country, if they follow the new customs",the immigrants should follow the customs in the new country,support
1057,AAEC_212,keeping own customs stably might cause discrimination,"I would follow the new customs, if I migrated to another country",support
1058,AAEC_212,keeping own customs stably might cause discrimination,the immigrants should follow the customs in the new country,support
1059,AAEC_218,"They do not have to worry about bills, jobs, how would their life be in the future",in childhood most people are happier than in adulthood,support
1060,AAEC_218,"They just worry about two things: to have fun, learn and be happy",in childhood most people are happier than in adulthood,support
1061,AAEC_218,"A child's daily life is school, playing and sleeping","They do not have to worry about bills, jobs, how would their life be in the future",support
1062,AAEC_218,when I was young I just came home from school and then I would took my bike or soccer ball and go out and play with my friends in my neighborhood,in childhood most people are happier than in adulthood,support
1063,AAEC_218,"I did not have to worry about costs and other things, I just had fun and learned",in childhood most people are happier than in adulthood,support
1064,AAEC_218,children imagine new things and games just to have fun and be happy,people are most creative when they were children,support
1065,AAEC_218,childhood is the period where people go to school and learn,school memories are one of the best memories in a person's life,support
1066,AAEC_218,"There you learn, to find your first love, to make new long-lasting friendships and of-course you will have a lot of fun",school memories are one of the best memories in a person's life,support
1067,AAEC_218,my father's best moments in his life are in his school years,"There you learn, to find your first love, to make new long-lasting friendships and of-course you will have a lot of fun",support
1068,AAEC_218,he is still in-touch with some of his classmates and sometimes they get together and share their childhood memories,"There you learn, to find your first love, to make new long-lasting friendships and of-course you will have a lot of fun",support
1069,AAEC_218,in childhood most people are happier than in adulthood,childhood is the happiest time of a person's life,support
1070,AAEC_218,in childhood most people are happier than in adulthood,"childhood is, indeed, the most happiest moments in a person's life",support
1071,AAEC_218,people are most creative when they were children,childhood is the happiest time of a person's life,support
1072,AAEC_218,people are most creative when they were children,"childhood is, indeed, the most happiest moments in a person's life",support
1073,AAEC_218,school memories are one of the best memories in a person's life,childhood is the happiest time of a person's life,support
1074,AAEC_218,school memories are one of the best memories in a person's life,"childhood is, indeed, the most happiest moments in a person's life",support
1075,AAEC_220,All memories become priceless treasure as time passes by,undergoing with parents is worthwhile,support
1076,AAEC_220,"If he lives with his parents for longer time, they have more chances to share the feelings, exercise, and travel together",undergoing with parents is worthwhile,support
1077,AAEC_220,"When having a job, it is of low possibilities to work in his hometown",undergoing with parents is worthwhile,support
1078,AAEC_220,The young adult has to try to create memories with his dad and mom in the early age,undergoing with parents is worthwhile,support
1079,AAEC_220,the young adult can have more experience with his parents,undergoing with parents is worthwhile,support
1080,AAEC_220,Learning to be independent means that the young adult needs to leave home,he may have to rent a house and the rental would become a burden for parents,support
1081,AAEC_220,living at home costs less than living outside,"the parents can save money, if their children live with them longer",support
1082,AAEC_220,he may have to rent a house and the rental would become a burden for parents,"the parents can save money, if their children live with them longer",support
1083,AAEC_220,another daily expense is also the considerable outgoings,"the parents can save money, if their children live with them longer",support
1084,AAEC_220,Spending much money may not result in what the parents expect their children to be,"the parents can save money, if their children live with them longer",support
1085,AAEC_220,"If the parents do not help him immediately, he would have to suffer more pain","taking advice from parents, the young adult can go through obstacles easily",support
1086,AAEC_220,They are the people who are most familiar with him can give a suitable advice and lead him to the right way,"taking advice from parents, the young adult can go through obstacles easily",support
1087,AAEC_220,"When in dilemma, the parents can comfort him and give him a big hand","taking advice from parents, the young adult can go through obstacles easily",support
1088,AAEC_220,the young adult needs father and mother's suggestions,"taking advice from parents, the young adult can go through obstacles easily",support
1089,AAEC_220,"living with parents longer brings about memories with parents, less cost, and advice from parents",staying with the parents for longer time does more benefits than disadvantages to the young adult,support
1090,AAEC_220,"living with parents longer brings about memories with parents, less cost, and advice from parents",staying longer with parents is a better choice,support
1091,AAEC_220,undergoing with parents is worthwhile,staying with the parents for longer time does more benefits than disadvantages to the young adult,support
1092,AAEC_220,undergoing with parents is worthwhile,staying longer with parents is a better choice,support
1093,AAEC_220,"taking advice from parents, the young adult can go through obstacles easily",staying with the parents for longer time does more benefits than disadvantages to the young adult,support
1094,AAEC_220,"taking advice from parents, the young adult can go through obstacles easily",staying longer with parents is a better choice,support
1095,AAEC_220,"the parents can save money, if their children live with them longer",staying with the parents for longer time does more benefits than disadvantages to the young adult,support
1096,AAEC_220,"the parents can save money, if their children live with them longer",staying longer with parents is a better choice,support
1097,AAEC_221,it has diverse species of animals,researchers need the zoo to pick up some examples of animals for their researches,support
1098,AAEC_221,the zoo is the important place for innate learning,the zoo gives humans new knowledge,support
1099,AAEC_221,The zoo also let students have a chance to learning biology practically,the zoo gives humans new knowledge,support
1100,AAEC_221,They are able to observe animals' behaviors and features,the zoo gives humans new knowledge,support
1101,AAEC_221,practical learning help students relax from a boring lecture class,the zoo gives humans new knowledge,support
1102,AAEC_221,researchers need the zoo to pick up some examples of animals for their researches,the zoo gives humans new knowledge,support
1103,AAEC_221,"In the zoo, there is not so harmful as a forest",the zoo preserves a large number of rare animals and provides them safe habitats,support
1104,AAEC_221,"They, fed by zookeepers, do not need to find food themselves",the zoo preserves a large number of rare animals and provides them safe habitats,support
1105,AAEC_221,we can do artificial insemenation to maintain nearly extinct wildlife,the zoo preserves a large number of rare animals and provides them safe habitats,support
1106,AAEC_221,"because of all weird, acute, and beautiful animals in the zoo, it can be a great tourist attraction",It benefits to a certain country,support
1107,AAEC_221,There are a lot of tourists who seek to see those animals closely,It benefits to a certain country,support
1108,AAEC_221,"If the zoo has a large number of both national and foreign tourists, it will receive a great deal of money",It benefits to a certain country,support
1109,AAEC_221,"That also make money flow, and then economics become better",It benefits to a certain country,support
1110,AAEC_221,It is very crucial for learning,the zoo is invaluable for human beings,support
1111,AAEC_221,It is very crucial for learning,the zoo is so useful for the earth,support
1112,AAEC_221,It helps animals out of extinction,the zoo is invaluable for human beings,support
1113,AAEC_221,It helps animals out of extinction,the zoo is so useful for the earth,support
1114,AAEC_221,it is a interesting travel location,the zoo is invaluable for human beings,support
1115,AAEC_221,it is a interesting travel location,the zoo is so useful for the earth,support
1116,AAEC_221,the zoo gives humans new knowledge,the zoo is invaluable for human beings,support
1117,AAEC_221,the zoo gives humans new knowledge,the zoo is so useful for the earth,support
1118,AAEC_221,the zoo preserves a large number of rare animals and provides them safe habitats,the zoo is invaluable for human beings,support
1119,AAEC_221,the zoo preserves a large number of rare animals and provides them safe habitats,the zoo is so useful for the earth,support
1120,AAEC_221,It benefits to a certain country,the zoo is invaluable for human beings,support
1121,AAEC_221,It benefits to a certain country,the zoo is so useful for the earth,support
1122,AAEC_221,"the zoo not only saves animals in danger of extinction, but also helps people around the world have better lives",the zoo is invaluable for human beings,support
1123,AAEC_221,"the zoo not only saves animals in danger of extinction, but also helps people around the world have better lives",the zoo is so useful for the earth,support
1124,AAEC_227,the essential challenge of humanity in the future would be the discovery of a new place for the living,Many governments believe that space exploration is an activity that wastes the budget,attack
1125,AAEC_227,Many governments believe that space exploration is an activity that wastes the budget,it is very significant to find a new place for living in other planets,attack
1126,AAEC_227,"In 20th century, although human being succeeded to achieve out of space by means of new technologies such as rockets, but finding a new place for living in another planet is impossible until now",it is very significant to find a new place for living in other planets,support
1127,AAEC_227,"In during history, our planet is threatening by many of other planets or stars and it is an enormous danger for living of humanity",it is very significant to find a new place for living in other planets,support
1128,AAEC_227,"In the past, the space race happened between the United Stated and the Soviet Union",space exploration will use as a military power for many countries,support
1129,AAEC_227,"In the future, many countries will try to prevent attach of other countries by using and invention new missiles",space exploration will use as a military power for many countries,support
1130,AAEC_227,Both countries tried to send man to the moon and show their power to each other,space exploration will use as a military power for many countries,support
1131,AAEC_227,Space exploration has used as a tools for military power in the cold war,space exploration will use as a military power for many countries,support
1132,AAEC_227,it may helps to save civilization of humanity,spending the budget for space exploration is an important activity to save living of humanity in the future,support
1133,AAEC_227,it may helps to save civilization of humanity,spending budget for space exploring is not the waste budget,support
1134,AAEC_227,it is very significant to find a new place for living in other planets,spending the budget for space exploration is an important activity to save living of humanity in the future,support
1135,AAEC_227,it is very significant to find a new place for living in other planets,spending budget for space exploring is not the waste budget,support
1136,AAEC_227,space exploration will use as a military power for many countries,spending the budget for space exploration is an important activity to save living of humanity in the future,attack
1137,AAEC_227,space exploration will use as a military power for many countries,spending budget for space exploring is not the waste budget,attack
1138,AAEC_229,my friend Lee made a mistake that he broke my precious gift,mistake is more forgettable than friendship,support
1139,AAEC_229,"I forgot about it just after two days, and I felt at peace with him",mistake is more forgettable than friendship,support
1140,AAEC_229,"If someone remembers mistake, he or she has a closed mind",mistake is more forgettable than friendship,support
1141,AAEC_229,a mistake does not last for a long time but a friendship lasts forever,mistake is more forgettable than friendship,support
1142,AAEC_229,Anybody does not remember mistakes,mistake is more forgettable than friendship,support
1143,AAEC_229,mistakes will be forgotten quickly,mistake is more forgettable than friendship,support
1144,AAEC_229,a friend is a gift of our life,"when the mistake friend made was not a big problem, we need to understand friend and forgive it",support
1145,AAEC_229,"if you end a friendship whenever your friend makes a mistake, there will be no friends around you",Everybody makes mistake,support
1146,AAEC_229,"if a friend makes very a big mistake, we will need to end a friendship","if you end a friendship whenever your friend makes a mistake, there will be no friends around you",attack
1147,AAEC_229,"when the mistake friend made was not a big problem, we need to understand friend and forgive it",Everybody makes mistake,support
1148,AAEC_229,"According to a research, 85% of people answered that a best gift is a friend",Everybody makes mistake,support
1149,AAEC_229,mistake is terrible,friendship is more important than mistake by a friend,attack
1150,AAEC_229,mistake is terrible,a mistake can not brake friendship if it is not a big,attack
1151,AAEC_229,mistake is more forgettable than friendship,friendship is more important than mistake by a friend,support
1152,AAEC_229,mistake is more forgettable than friendship,a mistake can not brake friendship if it is not a big,support
1153,AAEC_229,Everybody makes mistake,friendship is more important than mistake by a friend,support
1154,AAEC_229,Everybody makes mistake,a mistake can not brake friendship if it is not a big,support
1155,AAEC_229,friendship is forever and gift our life,friendship is more important than mistake by a friend,support
1156,AAEC_229,friendship is forever and gift our life,a mistake can not brake friendship if it is not a big,support
1157,AAEC_234,if the teacher would know the level of each student he would fairly share his time to all of them,standardized tests are required over those who don’t,support
1158,AAEC_234,in this case teachers can compare the level of knowledge of different students,requirement to take standardized tests is the right choice,support
1159,AAEC_234,"In any class there will be students who will show low academic performance, so teachers could work with them more intensively",requirement to take standardized tests is the right choice,support
1160,AAEC_234,standardized tests are required over those who don’t,requirement to take standardized tests is the right choice,support
1161,AAEC_234,some students may get used to simply rewriting solved problems from the blackboard,they will never try to solve problems on their own,support
1162,AAEC_234,they will never try to solve problems on their own,standardized tests can be good chance for students to apply their knowledge on practice,support
1163,AAEC_234,standardized tests can be good chance for students to apply their knowledge on practice,"schools should require students to take standardized tests, as long as this option helps to both sides",support
1164,AAEC_234,standardized tests offer them such chance,"schools should require students to take standardized tests, as long as this option helps to both sides",support
1165,AAEC_234,they help teachers to fairly grade the students,standardized tests are preferable,support
1166,AAEC_234,"some students are not so active on the lessons, cause they are already familiar with the issue",exams could be the only way for teachers to see the real abilities of those students,support
1167,AAEC_234,exams could be the only way for teachers to see the real abilities of those students,standardized tests are preferable,support
1168,AAEC_234,many teachers rely only on the exam results while grading the class,the usage of standardized tests is the superior option for them,support
1169,AAEC_234,the usage of standardized tests is the superior option for them,standardized tests are preferable,support
1170,AAEC_234,these schools can qualitatively check if they are giving an appropriate education to their students,standardized tests are valuable option for educational system as long as it would help teachers to know if the students are really getting knowledge,support
1171,AAEC_234,these schools can qualitatively check if they are giving an appropriate education to their students,schools which obligate their students to take standardized tests are right,support
1172,AAEC_234,standardized tests are preferable,standardized tests are valuable option for educational system as long as it would help teachers to know if the students are really getting knowledge,support
1173,AAEC_234,standardized tests are preferable,schools which obligate their students to take standardized tests are right,support
1174,AAEC_234,"schools should require students to take standardized tests, as long as this option helps to both sides",standardized tests are valuable option for educational system as long as it would help teachers to know if the students are really getting knowledge,support
1175,AAEC_234,"schools should require students to take standardized tests, as long as this option helps to both sides",schools which obligate their students to take standardized tests are right,support
1176,AAEC_234,requirement to take standardized tests is the right choice,standardized tests are valuable option for educational system as long as it would help teachers to know if the students are really getting knowledge,support
1177,AAEC_234,requirement to take standardized tests is the right choice,schools which obligate their students to take standardized tests are right,support
1178,AAEC_240,People who have such nice spirit usually know how to find the true love in their life instead of being seduced by greed as to lose themselves in the end,experiences of difficulties teach them how to keep a nice mood and have confidence all the time,support
1179,AAEC_240,"hardship makes people realize how to cherish and compliment the common but wonderful little things happened in their life such as, a shining weather, a delicious breakfast and etc",experiences of difficulties teach them how to keep a nice mood and have confidence all the time,support
1180,AAEC_240,they already have such experiences of overcoming some difficulties,they are conscious of what to do and how to do when fierce crisis happens,support
1181,AAEC_240,they are conscious of what to do and how to do when fierce crisis happens,people who experienced lots of difficulties will be calmer when they are in troubles,support
1182,AAEC_240,they are aware of how to lead people to reach success despite what kind of difficulties are getting in their way,Those people are more likely to achieve their ambitions in their career,support
1183,AAEC_240,Those people are more likely to achieve their ambitions in their career,people who experienced lots of difficulties will be calmer when they are in troubles,support
1184,AAEC_240,experiences of difficulties teach them how to keep a nice mood and have confidence all the time,some tough experiences people met before will be helpful in their life path,support
1185,AAEC_240,experiences of difficulties teach them how to keep a nice mood and have confidence all the time,most tough experiences in people's life path will be a priceless treasure to them,support
1186,AAEC_240,people who experienced lots of difficulties will be calmer when they are in troubles,some tough experiences people met before will be helpful in their life path,support
1187,AAEC_240,people who experienced lots of difficulties will be calmer when they are in troubles,most tough experiences in people's life path will be a priceless treasure to them,support
1188,AAEC_241,the schools and the universities have well equipped classes and the famous professors would like to work in such places,in the city there is much better education system,support
1189,AAEC_241,"There are not only more jobs, but they are also well-paid",city provides more work opportunities than the countryside,support
1190,AAEC_241,incomes are higher,living in a city is more expensive,attack
1191,AAEC_241,living in a city is more expensive,city provides more work opportunities than the countryside,attack
1192,AAEC_241,"Meeting and knowing new people's tradition is an unforgettable experience, which could influence on one's previous habits","in the urban areas there are also more citizens what means, that the culture diversity is huge",support
1193,AAEC_241,The buses and trains are more frequent than in the countryside,the city provides better communication,support
1194,AAEC_241,the city has well-organised lines of transport,the city provides better communication,support
1195,AAEC_241,peaceful and close to the nature areas could help to avoid worries and sadness,"in the countryside there are many places to rest, because of its location",support
1196,AAEC_241,in the city there is much better education system,life in a city is much better than life in the countryside,support
1197,AAEC_241,in the city there is much better education system,living in the city is much better nowadays,support
1198,AAEC_241,city provides more work opportunities than the countryside,life in a city is much better than life in the countryside,support
1199,AAEC_241,city provides more work opportunities than the countryside,living in the city is much better nowadays,support
1200,AAEC_241,"in the urban areas there are also more citizens what means, that the culture diversity is huge",life in a city is much better than life in the countryside,support
1201,AAEC_241,"in the urban areas there are also more citizens what means, that the culture diversity is huge",living in the city is much better nowadays,support
1202,AAEC_241,"in the countryside there are many places to rest, because of its location",life in a city is much better than life in the countryside,attack
1203,AAEC_241,"in the countryside there are many places to rest, because of its location",living in the city is much better nowadays,attack
1204,AAEC_241,the city provides better communication,life in a city is much better than life in the countryside,support
1205,AAEC_241,the city provides better communication,living in the city is much better nowadays,support
1206,AAEC_243,"If the address is wrong, then you will know right away",We will never have to worry if our mails will be sent to the right address,support
1207,AAEC_243,"if you are in Vietnam and another person is in the US - half of the Earth, no matter how far it is, you can keep contact",You can talk to others from thousands mile,support
1208,AAEC_243,You can talk to others from thousands mile,e-mail has been a great way of communication,support
1209,AAEC_243,We will never have to worry if our mails will be sent to the right address,e-mail has been a great way of communication,support
1210,AAEC_243,e-mail doesn't take too much time: just a click,e-mail has been a great way of communication,support
1211,AAEC_243,the face-to-face conversations make them feel stupid,writing e-mail helps people express honestly,support
1212,AAEC_243,e-mail will be a good tool to help me speak out,writing e-mail helps people express honestly,support
1213,AAEC_243,"Sometimes, their ideas are not expressed as exactly as they expect",the face-to-face conversations make them feel stupid,support
1214,AAEC_243,"I want to talk to my friend about a ticklish problem like her behavior, it's hard for me to face her and explain what she should do",e-mail will be a good tool to help me speak out,support
1215,AAEC_243,She will just read my e-mail instead of listening to my voice which can make her annoyed,e-mail will be a good tool to help me speak out,support
1216,AAEC_243,I don't have to worry about any other thing can make my opinion become unpersuasive,e-mail will be a good tool to help me speak out,support
1217,AAEC_243,every communication needs fluency,people can understand each other exactly and remember it for a long time,support
1218,AAEC_243,"when I face my parents, I can't speak out every idea and express consecutively",Voice email or face-to-face conversations sometimes make reserve people feel not very confident,support
1219,AAEC_243,"They may stop me, speak something against it and that makes me forget what I want to say",Voice email or face-to-face conversations sometimes make reserve people feel not very confident,support
1220,AAEC_243,Anyone can meet this problem once in any conversation,Voice email or face-to-face conversations sometimes make reserve people feel not very confident,support
1221,AAEC_243,Voice email or face-to-face conversations sometimes make reserve people feel not very confident,E-mail helps me arrange my idea perfectly and make it persuasive,support
1222,AAEC_243,people can understand each other exactly and remember it for a long time,E-mail helps me arrange my idea perfectly and make it persuasive,support
1223,AAEC_243,e-mail has been a great way of communication,"I prefer e-mail due to 3 reasons: convenience, honest expression and fluency in communicating",support
1224,AAEC_243,e-mail has been a great way of communication,e-mail is the greatest way for major people to use,support
1225,AAEC_243,E-mail helps me arrange my idea perfectly and make it persuasive,"I prefer e-mail due to 3 reasons: convenience, honest expression and fluency in communicating",support
1226,AAEC_243,E-mail helps me arrange my idea perfectly and make it persuasive,e-mail is the greatest way for major people to use,support
1227,AAEC_243,Its convenience saves our time,"I prefer e-mail due to 3 reasons: convenience, honest expression and fluency in communicating",support
1228,AAEC_243,Its convenience saves our time,e-mail is the greatest way for major people to use,support
1229,AAEC_243,writing e-mail helps people express honestly,"I prefer e-mail due to 3 reasons: convenience, honest expression and fluency in communicating",support
1230,AAEC_243,writing e-mail helps people express honestly,e-mail is the greatest way for major people to use,support
1231,AAEC_245,even shy people feel themselves more confident,In this case it is not so difficult to write an e-mail or to leave a voice mail,support
1232,AAEC_245,Many people have problems with calling a person that they are not acquainted with,communicating by e-mail is easy,support
1233,AAEC_245,In this case it is not so difficult to write an e-mail or to leave a voice mail,communicating by e-mail is easy,support
1234,AAEC_245,I work and study at the university and I don't have spare time during the day,you can write an e-mail at any time of the day,support
1235,AAEC_245,I get home at about midnight and I still need to answer some questions and to solve some routine problems,you can write an e-mail at any time of the day,support
1236,AAEC_245,I might not have time to call a person or to meet with him or her in an appropriate time,for me it is better to leave a voice mail,support
1237,AAEC_245,for me it is better to leave a voice mail,you can write an e-mail at any time of the day,support
1238,AAEC_245,you can change the word order or you can choose more appropriate style to sound more polite,when you write an e-mail you have enough time to think carefully about what you are writing and how it would be better to express yourself,support
1239,AAEC_245,When you speak face-to-face you are not as able to control every word as you are when you write an e-mail,when you write an e-mail you have enough time to think carefully about what you are writing and how it would be better to express yourself,support
1240,AAEC_245,You should not worry about interrupting an important conversation or some other business,there is no chance to disturb people by sending them an e-mail,support
1241,AAEC_245,communicating by e-mail is easy,communicating by e-mails or voice mails is better,support
1242,AAEC_245,communicating by e-mail is easy,I would prefer to answer it by means of internet or voice mail,support
1243,AAEC_245,you can write an e-mail at any time of the day,communicating by e-mails or voice mails is better,support
1244,AAEC_245,you can write an e-mail at any time of the day,I would prefer to answer it by means of internet or voice mail,support
1245,AAEC_245,when you write an e-mail you have enough time to think carefully about what you are writing and how it would be better to express yourself,communicating by e-mails or voice mails is better,support
1246,AAEC_245,when you write an e-mail you have enough time to think carefully about what you are writing and how it would be better to express yourself,I would prefer to answer it by means of internet or voice mail,support
1247,AAEC_245,there is no chance to disturb people by sending them an e-mail,communicating by e-mails or voice mails is better,support
1248,AAEC_245,there is no chance to disturb people by sending them an e-mail,I would prefer to answer it by means of internet or voice mail,support
1249,AAEC_252,"They are more abstract, requiring creativity and imagination to be enriched",Music and art are not like math or language which has more strict rules,support
1250,AAEC_252,they are given more freedom and their imagination has not yet been killed due to reality circumstances,Children are privileged to have these abilities,support
1251,AAEC_252,Children absorb things quickly and they bear exact the ability needed in music and art-imagination,it's very suitable for children to develop senses of music and art when they are young,support
1252,AAEC_252,Music and art are not like math or language which has more strict rules,it's very suitable for children to develop senses of music and art when they are young,support
1253,AAEC_252,Children are privileged to have these abilities,it's very suitable for children to develop senses of music and art when they are young,support
1254,AAEC_252,"Even if their performances are just some simple drawings and melodies, music and art still bring out children's joy of flying in imagination",it's very suitable for children to develop senses of music and art when they are young,support
1255,AAEC_252,They teach us how to appreciate beauty and express feelings in a creative way,"even if children are not going to be great musicians or artists, learning music and art is still worthy",support
1256,AAEC_252,music and art are life-long cultivation worthy of investing,"even if children are not going to be great musicians or artists, learning music and art is still worthy",support
1257,AAEC_252,They are essential to our spiritual life,"even if children are not going to be great musicians or artists, learning music and art is still worthy",support
1258,AAEC_252,it can nourish your temper and serve as a leisure,"even if children are not going to be great musicians or artists, learning music and art is still worthy",support
1259,AAEC_252,learning too many skills seems to be a burden for them,parents shouldn't put so much stress on children,support
1260,AAEC_252,it depends on how you value these learning activities to be like,parents shouldn't put so much stress on children,attack
1261,AAEC_252,"If parents push their 5 years old child to play piano 8 hours a day just like a professional performer, that might be too much",it depends on how you value these learning activities to be like,support
1262,AAEC_252,"In a child stage, music and art are more like an open door to introduce the art world than training area to acquire specific skills",it will not be such pressure on children,support
1263,AAEC_252,it will not be such pressure on children,parents shouldn't put so much stress on children,attack
1264,AAEC_252,they do contribute several merits to them,children should learn music and art in a young age,support
1265,AAEC_252,they do contribute several merits to them,young age is the perfect time for children to learn music and art,support
1266,AAEC_252,Music and art can accompany a spirit as long as they are given the chance to enter his/her life,children should learn music and art in a young age,support
1267,AAEC_252,Music and art can accompany a spirit as long as they are given the chance to enter his/her life,young age is the perfect time for children to learn music and art,support
1268,AAEC_252,"even if children are not going to be great musicians or artists, learning music and art is still worthy",children should learn music and art in a young age,support
1269,AAEC_252,"even if children are not going to be great musicians or artists, learning music and art is still worthy",young age is the perfect time for children to learn music and art,support
1270,AAEC_252,parents shouldn't put so much stress on children,children should learn music and art in a young age,attack
1271,AAEC_252,parents shouldn't put so much stress on children,young age is the perfect time for children to learn music and art,attack
1272,AAEC_252,it's very suitable for children to develop senses of music and art when they are young,children should learn music and art in a young age,support
1273,AAEC_252,it's very suitable for children to develop senses of music and art when they are young,young age is the perfect time for children to learn music and art,support
1274,AAEC_252,"they are indeed valuable to people not only in their young stage, but in every stage",children should learn music and art in a young age,support
1275,AAEC_252,"they are indeed valuable to people not only in their young stage, but in every stage",young age is the perfect time for children to learn music and art,support
1276,AAEC_255,I live in a city which always have a jam in the morning and doesn't have enough parking lots for the cars,with the stations increased people are willing to take a public transportation than drive on their own,support
1277,AAEC_255,with the stations increased people are willing to take a public transportation than drive on their own,it is much convenience to take a subway or a bus,support
1278,AAEC_255,the public transportation has improved,it is much convenience to take a subway or a bus,support
1279,AAEC_255,a driving car can make a lot of different pollutions to the world,"with the risen of the aware to the environment, people will think more about whether to drive on their own or not",support
1280,AAEC_255,"instead of driving each one's car, if we put forty people in a bus, it will solve the traffic jam by decrease the cars use and also reduce the air pollution for the city","with the risen of the aware to the environment, people will think more about whether to drive on their own or not",support
1281,AAEC_255,a public transportation can't meet every place,a personal car uses is in need,support
1282,AAEC_255,it may be true when you want to go to some countryside or some other inconvenience places,a personal car uses is in need,support
1283,AAEC_255,"It not only helps you to reduce the car use, but also good to your health","no matter you are going to somewhere for a trip or you just simply live in some suburbs and so on, it always have some other ways that you can do, you can ride a bike, or even walk on your feet",support
1284,AAEC_255,"no matter you are going to somewhere for a trip or you just simply live in some suburbs and so on, it always have some other ways that you can do, you can ride a bike, or even walk on your feet",a personal car uses is in need,support
1285,AAEC_255,this won't be a problem at all,a public transportation can't meet every place,attack
1286,AAEC_255,it is much convenience to take a subway or a bus,there will be a decrease in cars use in the future,support
1287,AAEC_255,it is much convenience to take a subway or a bus,the car use will definitely decrease in twenty years,support
1288,AAEC_255,"with the risen of the aware to the environment, people will think more about whether to drive on their own or not",there will be a decrease in cars use in the future,support
1289,AAEC_255,"with the risen of the aware to the environment, people will think more about whether to drive on their own or not",the car use will definitely decrease in twenty years,support
1290,AAEC_255,a personal car uses is in need,there will be a decrease in cars use in the future,attack
1291,AAEC_255,a personal car uses is in need,the car use will definitely decrease in twenty years,attack
1292,AAEC_259,They can either get help from colleges or discuss about the work together,"while working in the office, people can interact with their colleges instantly",support
1293,AAEC_259,"Think about the big project that a group is working on, if any group member has new idea about the project, he/she can assemble his/her colleges right away and discuss","while working in the office, people can interact with their colleges instantly",support
1294,AAEC_259,It's more efficient and straight-forward than talking in the phone,"while working in the office, people can interact with their colleges instantly",support
1295,AAEC_259,"if one’s computer or Internet has any breakdown, he/she can call the MIS staff to fix","while working in the office, people can interact with their colleges instantly",support
1296,AAEC_259,It's hard to concentrate on work if people can grab the TV remote or some junk foods right away,people are easily distracted while working at home,support
1297,AAEC_259,people are easily distracted while working at home,working at home has many disadvantages that will no doubt lower the efficiency of works,support
1298,AAEC_259,"while people are working at home, there will be no one supervising them, thus raises the chance of loafing",working at home has many disadvantages that will no doubt lower the efficiency of works,support
1299,AAEC_259,"people who work at home are more likely to miss the important events happening in the office, like some announcements from the boss",working at home has many disadvantages that will no doubt lower the efficiency of works,support
1300,AAEC_259,"while working in the office, people can interact with their colleges instantly",working at home is worse and less efficient than working in the office,support
1301,AAEC_259,"while working in the office, people can interact with their colleges instantly",working in the office is obviously better than working at home in terms of efficiency,support
1302,AAEC_259,working at home has many disadvantages that will no doubt lower the efficiency of works,working at home is worse and less efficient than working in the office,support
1303,AAEC_259,working at home has many disadvantages that will no doubt lower the efficiency of works,working in the office is obviously better than working at home in terms of efficiency,support
1304,AAEC_259,It not only has the advantage of working with colleges but also it provides a real working atmosphere that can never be grasped if people choose to work at home,working at home is worse and less efficient than working in the office,support
1305,AAEC_259,It not only has the advantage of working with colleges but also it provides a real working atmosphere that can never be grasped if people choose to work at home,working in the office is obviously better than working at home in terms of efficiency,support
1306,AAEC_265,"if someone wants to become a good industrial engineer, he should study his technical courses very well so that he will be able to utilize them well in his future job",studying hard in school is an important factor to succeed in a job,support
1307,AAEC_265,"If we study them hard, we will have the chance of doing our job better and quicker in the future",studying hard in school is an important factor to succeed in a job,support
1308,AAEC_265,"In school, we are able to identify skills required for our future job and work on mastering and learning them",studying hard in school is an important factor to succeed in a job,support
1309,AAEC_265,This can be done in school,studying hard in school is an important factor to succeed in a job,support
1310,AAEC_265,We need to know and learn about the theoritical basis of our future job,studying hard in school is an important factor to succeed in a job,support
1311,AAEC_265,"By relating well to people, we are likely to have a lot of friends",we will have a wide network of communication,support
1312,AAEC_265,we will have a wide network of communication,relating well to people is also another important factor,support
1313,AAEC_265,"if you need help with getting a job, by commuincating with people offering jobs whom you treat well","they respect you as well, you can achieve your goal",support
1314,AAEC_265,"they respect you as well, you can achieve your goal",relating well to people is also another important factor,support
1315,AAEC_265,"if you are a salesman in a store or any other place, by relating well to your customers, you will increase the chance of their coming back again and becoming your regular customers",relating well to people is also another important factor,support
1316,AAEC_265,One of the other factors for success in a future job is effective commuincation,relating well to people is also another important factor,support
1317,AAEC_265,Commuincation can bring many benefits,relating well to people is also another important factor,support
1318,AAEC_265,each of them has its own benefits,both the ability to relate well to people and studying hard in school are important for success in a future job,support
1319,AAEC_265,each of them has its own benefits,we should notice to both of them,support
1320,AAEC_265,studying hard in school is an important factor to succeed in a job,both the ability to relate well to people and studying hard in school are important for success in a future job,support
1321,AAEC_265,studying hard in school is an important factor to succeed in a job,we should notice to both of them,support
1322,AAEC_265,relating well to people is also another important factor,both the ability to relate well to people and studying hard in school are important for success in a future job,support
1323,AAEC_265,relating well to people is also another important factor,we should notice to both of them,support
1324,AAEC_266,The key to forming a healthy eating pattern lies in people's concept of wholesome diets and self-control,advertising is not entirely decisive on personal eating habit,support
1325,AAEC_266,"advertising always makes the products so tempting, regardless of whether they might bring negative effects on the human body",advertising is not entirely decisive on personal eating habit,attack
1326,AAEC_266,advertising is not the only information source for people,"advertising always makes the products so tempting, regardless of whether they might bring negative effects on the human body",support
1327,AAEC_266,"People can still acquire different viewpoints about foods from other sources, like news or magazines",advertising is not the only information source for people,support
1328,AAEC_266,"As long as people are clear about how to maintain a healthy body and they persistently keep track of their eating habits, they can successfully prevent themselves from those temptations",advertising is not entirely decisive on personal eating habit,support
1329,AAEC_266,It will be not persuasive if people just blame the advertising sector of a fast-food company for making them so fat and not reassess their own behaviors,advertising is not entirely decisive on personal eating habit,support
1330,AAEC_266,"in the era when people are becoming conscious of a healthier lifestyle, some companies are actually aiming at this rising trend and start to promote healthy foods",advertising may even bring healthier eating habits to the people,support
1331,AAEC_266,Think about the recently popular organic foods that are claimed to grow in an environment without pesticide and those crude foods in which less salt or less sugar are added,advertising may even bring healthier eating habits to the people,support
1332,AAEC_266,These are the main traits that advertising is hitting on and the overall results are good,advertising may even bring healthier eating habits to the people,support
1333,AAEC_266,the advertising industry bolsters people's awareness of having a healthy lifestyle,advertising may even bring healthier eating habits to the people,support
1334,AAEC_266,advertising might lead to healthier eating customs due to the growing awareness of living under a better lifestyle,the advertising is not the main cause of unhealthy eating habits,support
1335,AAEC_266,advertising might lead to healthier eating customs due to the growing awareness of living under a better lifestyle,advertising is not the primary reason of unhealthy eating habits,support
1336,AAEC_266,advertising is not entirely decisive on personal eating habit,the advertising is not the main cause of unhealthy eating habits,support
1337,AAEC_266,advertising is not entirely decisive on personal eating habit,advertising is not the primary reason of unhealthy eating habits,support
1338,AAEC_266,advertising may even bring healthier eating habits to the people,the advertising is not the main cause of unhealthy eating habits,support
1339,AAEC_266,advertising may even bring healthier eating habits to the people,advertising is not the primary reason of unhealthy eating habits,support
1340,AAEC_266,There are the build-up of the concept about healthy eating habits and self-control that really matter,the advertising is not the main cause of unhealthy eating habits,support
1341,AAEC_266,There are the build-up of the concept about healthy eating habits and self-control that really matter,advertising is not the primary reason of unhealthy eating habits,support
1342,AAEC_277,more information about facts would make students more familiar with the real life other that only their concepts,they would prepare to encounter their life out of school to solve their problems better,support
1343,AAEC_277,"when students learn facts more in school, they would be ready for facing problems in their own life after their graduations",they would prepare to encounter their life out of school to solve their problems better,support
1344,AAEC_277,They should understand objects more that concepts to obtain the ability of analyzing matters well,"if they deal more with facts, they can realize social situations effectively and so improve their social communication in everyday life",support
1345,AAEC_277,"if they deal more with facts, they can realize social situations effectively and so improve their social communication in everyday life",it would improve students' social behavior,support
1346,AAEC_277,"If students only rely on concepts and ideas theorically, they would not realize human's mind very well",it would improve students' social behavior,support
1347,AAEC_277,these way students are teached to control their fears and concerns in facing facts,"when a student understands a fact and its consequences, he or she can encounter it more confidently",support
1348,AAEC_277,concerns and anxieties are very destructive in everybody's life,"when a student understands a fact and its consequences, he or she can encounter it more confidently",support
1349,AAEC_277,It can prevent person to progress and thrive in every position,"when a student understands a fact and its consequences, he or she can encounter it more confidently",support
1350,AAEC_277,they would prepare to encounter their life out of school to solve their problems better,learning facts has more subsequent advantages for students' future lives,support
1351,AAEC_277,they would prepare to encounter their life out of school to solve their problems better,learning facts is more beneficial for students in both social and individual life,support
1352,AAEC_277,it would improve students' social behavior,learning facts has more subsequent advantages for students' future lives,support
1353,AAEC_277,it would improve students' social behavior,learning facts is more beneficial for students in both social and individual life,support
1354,AAEC_277,Students would improve their social positions and encounter their problems in positive ways and also intend in the more confidence manner and etc,learning facts has more subsequent advantages for students' future lives,support
1355,AAEC_277,Students would improve their social positions and encounter their problems in positive ways and also intend in the more confidence manner and etc,learning facts is more beneficial for students in both social and individual life,support
1356,AAEC_277,"when a student understands a fact and its consequences, he or she can encounter it more confidently",learning facts has more subsequent advantages for students' future lives,support
1357,AAEC_277,"when a student understands a fact and its consequences, he or she can encounter it more confidently",learning facts is more beneficial for students in both social and individual life,support
1358,AAEC_278,last month I had very difficult exam that I forced to study for one week back to back,I decided to go to gym to recuperate and it responded very well,support
1359,AAEC_278,"After that exam, I felt depressed and exhausted",I decided to go to gym to recuperate and it responded very well,support
1360,AAEC_278,"besides the good body shape, sports have very vital effects on human's healthfulness",sports are necessary for students to acquire their energy and health,support
1361,AAEC_278,I decided to go to gym to recuperate and it responded very well,sports are necessary for students to acquire their energy and health,support
1362,AAEC_278,our body and moral health depend to physical activities directly,sports are necessary for students to acquire their energy and health,support
1363,AAEC_278,social groups and classes are significant factors to prepare students to contribute in discussion and encounter real social environment,social activities have same rights to receive monetary support,support
1364,AAEC_278,students should be prepared to present in society after their graduation,social activities have same rights to receive monetary support,support
1365,AAEC_278,social activities can help them to be familiar with other's mind and different environment,social activities have same rights to receive monetary support,support
1366,AAEC_278,"besides the academic knowledge, the awareness of social behavior is an important factor for human's life",social activities have same rights to receive monetary support,support
1367,AAEC_278,"If we follow just one wing of my life i.e., studying as a student, after some whiles it would be boring and we wouldn't have any motivation",they bring about students to be happier and to have more fun and entertainments,support
1368,AAEC_278,Such activities can help us to pick up with other students and have more friends,they bring about students to be happier and to have more fun and entertainments,support
1369,AAEC_278,more friends and new experience inspire the feeling of happiness and excitement in me,they bring about students to be happier and to have more fun and entertainments,support
1370,AAEC_278,They bring a lot of advantages and benefits for students and also affect their future in a positive way,these activities have the same efficient role in students' lives,support
1371,AAEC_278,They bring a lot of advantages and benefits for students and also affect their future in a positive way,sports and social activities should obtain analogous concern and money,support
1372,AAEC_278,sports are necessary for students to acquire their energy and health,these activities have the same efficient role in students' lives,support
1373,AAEC_278,sports are necessary for students to acquire their energy and health,sports and social activities should obtain analogous concern and money,support
1374,AAEC_278,social activities have same rights to receive monetary support,these activities have the same efficient role in students' lives,support
1375,AAEC_278,social activities have same rights to receive monetary support,sports and social activities should obtain analogous concern and money,support
1376,AAEC_278,they bring about students to be happier and to have more fun and entertainments,these activities have the same efficient role in students' lives,support
1377,AAEC_278,they bring about students to be happier and to have more fun and entertainments,sports and social activities should obtain analogous concern and money,support
1378,AAEC_287,"everyone around me speaks foreign language, and then I have to improve myself to communicate with people",going to another country to learn language is a good environment to stimulate people to learn language,support
1379,AAEC_287,"If I could not communicate with other people, I could not even buy food to sacrifice my hunger",going to another country to learn language is a good environment to stimulate people to learn language,support
1380,AAEC_287,This environment makes me want to develop myself to be able to communicate with people that speak foreign language,going to another country to learn language is a good environment to stimulate people to learn language,support
1381,AAEC_287,"English school in outside my home country, there are many people that come from different places and from different languages",having friend that speaks another language is help people to professional in that language faster,support
1382,AAEC_287,The only language that I could talk to make friends is English language,having friend that speaks another language is help people to professional in that language faster,support
1383,AAEC_287,I could talk with my friend without worrying about speaking wrong,having friend that speaks another language is help people to professional in that language faster,support
1384,AAEC_287,This reason makes me have a progress in foreign language faster,having friend that speaks another language is help people to professional in that language faster,support
1385,AAEC_287,I have to improve myself to communicate with other people,Going to another place to learn language is better choice,support
1386,AAEC_287,I have to improve myself to communicate with other people,learning language from foreign country is better than learning language in home country,support
1387,AAEC_287,I have to improve myself to communicate with other people,Learning foreign language form another country is better choice for me to study language,support
1388,AAEC_287,going to another country to learn language is a good environment to stimulate people to learn language,Going to another place to learn language is better choice,support
1389,AAEC_287,going to another country to learn language is a good environment to stimulate people to learn language,learning language from foreign country is better than learning language in home country,support
1390,AAEC_287,going to another country to learn language is a good environment to stimulate people to learn language,Learning foreign language form another country is better choice for me to study language,support
1391,AAEC_287,having friend that speaks another language is help people to professional in that language faster,Going to another place to learn language is better choice,support
1392,AAEC_287,having friend that speaks another language is help people to professional in that language faster,learning language from foreign country is better than learning language in home country,support
1393,AAEC_287,having friend that speaks another language is help people to professional in that language faster,Learning foreign language form another country is better choice for me to study language,support
1394,AAEC_287,in foreign country I could have a chance to speak foreign language with my friends,Going to another place to learn language is better choice,support
1395,AAEC_287,in foreign country I could have a chance to speak foreign language with my friends,learning language from foreign country is better than learning language in home country,support
1396,AAEC_287,in foreign country I could have a chance to speak foreign language with my friends,Learning foreign language form another country is better choice for me to study language,support
1397,AAEC_289,Students might complain about their teachers spoke too fast that students could not catch up on information,teachers could improve themselves by speaking slower to make sure that students could get all information that they want to give,support
1398,AAEC_289,teachers could improve themselves by speaking slower to make sure that students could get all information that they want to give,evaluating from students could improve teachers' performance,support
1399,AAEC_289,evaluation made by students is similar to feedback from customer that business owners need to know in order to improve their product,evaluating from students could improve teachers' performance,support
1400,AAEC_289,Evaluating teachers made by students could improve teachers' performance,evaluating from students could improve teachers' performance,support
1401,AAEC_289,they have employees whose performance are very high,in many cooperation such as Microsoft that could produce many great products,support
1402,AAEC_289,school have teachers who are always improve their quality from evaluation made by students,Schools could produce intellectual students,support
1403,AAEC_289,Teachers could augment their quality,this evaluation from students could improve schools' quality,support
1404,AAEC_289,"When school gather teachers that have great performance, school are gaining higher quality",this evaluation from students could improve schools' quality,support
1405,AAEC_289,in many cooperation such as Microsoft that could produce many great products,this evaluation from students could improve schools' quality,support
1406,AAEC_289,Schools could produce intellectual students,this evaluation from students could improve schools' quality,support
1407,AAEC_289,teachers are always adapt the way they teach in order to make students easy to understand their subjects,students could comprehend their subject easily,support
1408,AAEC_289,Students could study in class that have teachers who have experienced and greater performance,people who get the most advantage from evaluation is students,support
1409,AAEC_289,students could comprehend their subject easily,people who get the most advantage from evaluation is students,support
1410,AAEC_289,"students, who study from great schools which have great performance teacher, graduate with great knowledge to survive in next steps of life",people who get the most advantage from evaluation is students,support
1411,AAEC_289,they have high performance teachers,schools are also improve their quality,support
1412,AAEC_289,students are easy to understand their subjects,schools are also improve their quality,support
1413,AAEC_289,teachers could improve their performance,students should be asked to evaluate their teachers,support
1414,AAEC_289,teachers could improve their performance,school should ask students to evaluate their teachers,support
1415,AAEC_289,teachers could improve their performance,there are benefits to ask students to evaluate their teachers,support
1416,AAEC_289,schools are also improve their quality,students should be asked to evaluate their teachers,support
1417,AAEC_289,schools are also improve their quality,school should ask students to evaluate their teachers,support
1418,AAEC_289,schools are also improve their quality,there are benefits to ask students to evaluate their teachers,support
1419,AAEC_289,evaluating from students could improve teachers' performance,students should be asked to evaluate their teachers,support
1420,AAEC_289,evaluating from students could improve teachers' performance,school should ask students to evaluate their teachers,support
1421,AAEC_289,evaluating from students could improve teachers' performance,there are benefits to ask students to evaluate their teachers,support
1422,AAEC_289,this evaluation from students could improve schools' quality,students should be asked to evaluate their teachers,support
1423,AAEC_289,this evaluation from students could improve schools' quality,school should ask students to evaluate their teachers,support
1424,AAEC_289,this evaluation from students could improve schools' quality,there are benefits to ask students to evaluate their teachers,support
1425,AAEC_289,people who get the most advantage from evaluation is students,students should be asked to evaluate their teachers,support
1426,AAEC_289,people who get the most advantage from evaluation is students,school should ask students to evaluate their teachers,support
1427,AAEC_289,people who get the most advantage from evaluation is students,there are benefits to ask students to evaluate their teachers,support
1428,AAEC_301,I realized the true potential of my body and mind as I decided to train myself hard,committing to our goal helps creating personal worth,support
1429,AAEC_301,"Even if I were not to win this medal, I acknowledged the great amount of my endeavor as I could keep my tired legs running",committing to our goal helps creating personal worth,support
1430,AAEC_301,I knew how to improve myself,"I did not give up, and believed that I would be better in the next round",support
1431,AAEC_301,I remembered how I was suffered in the first round when I was last person who touched the line,one who learns the great difficulty will become stronger,support
1432,AAEC_301,"I did not give up, and believed that I would be better in the next round",one who learns the great difficulty will become stronger,support
1433,AAEC_301,"I had been a loser for a thousand time before the first winning, and suffering from losing in each competition makes me stronger",one who learns the great difficulty will become stronger,support
1434,AAEC_301,"we, as an average people, might feel that the responsibility to our goal is too heavy to carry on",the responsibility is worthy of carrying,attack
1435,AAEC_301,"When the distance is longer and harder to achieve, a runner who can go beyond his limit will proud of himself",the responsibility is worthy of carrying,support
1436,AAEC_301,he did not stop pursing his goal,He can feel the sweetness of triumph,support
1437,AAEC_301,He can feel the sweetness of triumph,the responsibility is worthy of carrying,support
1438,AAEC_301,"Anyone who wants to achieve the goal should acknowledge that his effort and experience from suffering helps him understand his true potential and increase his strength, and ultimately, it will prompt him to be ready for overcoming the greater challenge in his life",a person should keep trying for his goals,support
1439,AAEC_301,"Anyone who wants to achieve the goal should acknowledge that his effort and experience from suffering helps him understand his true potential and increase his strength, and ultimately, it will prompt him to be ready for overcoming the greater challenge in his life",one should not give up,support
1440,AAEC_301,committing to our goal helps creating personal worth,a person should keep trying for his goals,support
1441,AAEC_301,committing to our goal helps creating personal worth,one should not give up,support
1442,AAEC_301,one who learns the great difficulty will become stronger,a person should keep trying for his goals,support
1443,AAEC_301,one who learns the great difficulty will become stronger,one should not give up,support
1444,AAEC_301,the true reward is to have the dignity,a person should keep trying for his goals,support
1445,AAEC_301,the true reward is to have the dignity,one should not give up,support
1446,AAEC_301,the responsibility is worthy of carrying,a person should keep trying for his goals,support
1447,AAEC_301,the responsibility is worthy of carrying,one should not give up,support
1448,AAEC_306,"With a private car, you can reach the destination in another city just sitting in the vehicle","when it comes to the field of transportation, there is no doubt that the technology in automobile has made people's life simpler",support
1449,AAEC_306,"if you would like to have a trip across the ocean, a plane can carry you there in only a few hours, which is hard to imagine in the ancient times","when it comes to the field of transportation, there is no doubt that the technology in automobile has made people's life simpler",support
1450,AAEC_306,"all the knowledge and information are stored in the iPads, with a single click, and they would appear right before your eyes at once","With the advent of iPads in e-learning, paper books become unnecessary, so does the blackboards",support
1451,AAEC_306,"In the past, teachers have to write what they want to convey to students on the chalkboard, resulting in a great waste of time and the fatigue of teachers",technology also makes teaching simpler,support
1452,AAEC_306,"With the advent of iPads in e-learning, paper books become unnecessary, so does the blackboards",technology also makes teaching simpler,support
1453,AAEC_306,"the cell phone, which used to be simply a tool to deliver messages to your contacts in a distance, now are playing a role more than just a phone in social communications",technology may make people's life more complicated,support
1454,AAEC_306,"folks have to check their Facebooks, Twitters, and Forums accounts every minute, which add too much pressure to them",technology may make people's life more complicated,support
1455,AAEC_306,"games on their phone exert a tremendous fascination on teenagers, leading to a large problem that they got addicted to their phones",technology may make people's life more complicated,support
1456,AAEC_306,making their life more complicated and tired,technology may make people's life more complicated,support
1457,AAEC_306,technology may make people's life complicated in some aspects,the convenience it brings is more,attack
1458,AAEC_306,technology may make people's life complicated in some aspects,the convenience it brings in people's are significant,attack
1459,AAEC_306,"when it comes to the field of transportation, there is no doubt that the technology in automobile has made people's life simpler",the convenience it brings is more,support
1460,AAEC_306,"when it comes to the field of transportation, there is no doubt that the technology in automobile has made people's life simpler",the convenience it brings in people's are significant,support
1461,AAEC_306,technology also makes teaching simpler,the convenience it brings is more,support
1462,AAEC_306,technology also makes teaching simpler,the convenience it brings in people's are significant,support
1463,AAEC_306,technology may make people's life complicated in some cases,the convenience it brings is more,attack
1464,AAEC_306,technology may make people's life complicated in some cases,the convenience it brings in people's are significant,attack
1465,AAEC_306,technology may make people's life more complicated,the convenience it brings is more,attack
1466,AAEC_306,technology may make people's life more complicated,the convenience it brings in people's are significant,attack
1467,AAEC_310,applying to study abroad needs a lot of money,I am working in two organization to gain more salary,support
1468,AAEC_310,I have a friend who was working so slowly,"If people learn how should increase their speed at work by studying, they can stares in their workplace",support
1469,AAEC_310,He has been threatened by his boss who was going to fire him,"If people learn how should increase their speed at work by studying, they can stares in their workplace",support
1470,AAEC_310,My friend went to a course where he learned how should work rapidly and now he is working,"If people learn how should increase their speed at work by studying, they can stares in their workplace",support
1471,AAEC_310,"If people learn how should increase their speed at work by studying, they can stares in their workplace","if persons work rapidly, they will have more chance to study",support
1472,AAEC_310,Attending in some classes which try to increase the skills of employees can be considered as an absolutely effective parameter,"if persons work rapidly, they will have more chance to study",support
1473,AAEC_310,the expenses have been increased,people prone to work in two or three firms in a week,support
1474,AAEC_310,This fact pushes them to work faster and faster,people prone to work in two or three firms in a week,support
1475,AAEC_310,If they work just in one organization they cannot earn enough money,people prone to work in two or three firms in a week,support
1476,AAEC_310,"The more money, the more chances",people prone to work in two or three firms in a week,support
1477,AAEC_310,I am working in two organization to gain more salary,people prone to work in two or three firms in a week,support
1478,AAEC_310,"If you show in your workplace that you are the one who can work more than other even carelessly, your boss will assign you more tasks",people who work slowly can no longer handle more tasks,support
1479,AAEC_310,"If you do them fast too, the first acknowledgement of your boss encourages you to work harder",people who work slowly can no longer handle more tasks,support
1480,AAEC_310,It turns you to a person who has skill of working without hesitation,people who work slowly can no longer handle more tasks,support
1481,AAEC_310,"Even if we ignore this result, by the same token, you can get higher position and more money",people who work slowly can no longer handle more tasks,support
1482,AAEC_310,"Trying to learn skills, working in two places in a week and gaining more tasks are the reasons which take into account as the most important causes of my choice",Working fast yet risky has a place near the ideal goal,support
1483,AAEC_310,"Trying to learn skills, working in two places in a week and gaining more tasks are the reasons which take into account as the most important causes of my choice",people should work faster even more risky,support
1484,AAEC_310,"Gaining more skills by study, having more than one job, and handling more tasks are the benefits of it which overweighs its disadvantages",Working fast yet risky has a place near the ideal goal,support
1485,AAEC_310,"Gaining more skills by study, having more than one job, and handling more tasks are the benefits of it which overweighs its disadvantages",people should work faster even more risky,support
1486,AAEC_310,"if persons work rapidly, they will have more chance to study",Working fast yet risky has a place near the ideal goal,support
1487,AAEC_310,"if persons work rapidly, they will have more chance to study",people should work faster even more risky,support
1488,AAEC_310,people prone to work in two or three firms in a week,Working fast yet risky has a place near the ideal goal,support
1489,AAEC_310,people prone to work in two or three firms in a week,people should work faster even more risky,support
1490,AAEC_310,people who work slowly can no longer handle more tasks,Working fast yet risky has a place near the ideal goal,support
1491,AAEC_310,people who work slowly can no longer handle more tasks,people should work faster even more risky,support
1492,AAEC_316,"only a government of the people, by the people, for the people will finally last; people's cohesiveness will be promoted",government should spend money on people to rescue them from this,support
1493,AAEC_316,People cannot live a harmonious life if citizens do not have a decent place to live in,Building more accommodating constructions meets people's basic need,support
1494,AAEC_316,"If the price of housing grows continuously, a comfortable place to live in will be a luxury to the middle class and the low class",Building more accommodating constructions meets people's basic need,support
1495,AAEC_316,"ordinary people, especially the younger generation, will fall into a certain pattern - work, pay bills for housing, work; and I am sure that it will increase people's dissatisfaction of the government",Building more accommodating constructions meets people's basic need,support
1496,AAEC_316,"when they are working, the fair of losing their accommodation always lingers, which will limit their efficiency",Building more accommodating constructions meets people's basic need,support
1497,AAEC_316,government should spend money on people to rescue them from this,Building more accommodating constructions meets people's basic need,support
1498,AAEC_316,it requires far more resource compare to old building preservation,new building construction deserves more governmental investment,support
1499,AAEC_316,"Build a new building has following prerequisites, land that has been sold by the government via formal procedures, a reliable construction company and tremendous amount of labor",new building construction deserves more governmental investment,support
1500,AAEC_316,hundreds of problems would occur during the construction,new building construction deserves more governmental investment,support
1501,AAEC_316,only government can cope with it by utilizing its enormous resource like dollars and effectiveness,new building construction deserves more governmental investment,support
1502,AAEC_316,new building construction deserves more governmental investment,What government should take into consideration at the first place should not be historic and traditional building preservation but new building construction,support
1503,AAEC_316,new building construction deserves more governmental investment,new building construction hold the right to gain more money from government,support
1504,AAEC_316,Building more accommodating constructions meets people's basic need,What government should take into consideration at the first place should not be historic and traditional building preservation but new building construction,support
1505,AAEC_316,Building more accommodating constructions meets people's basic need,new building construction hold the right to gain more money from government,support
1506,AAEC_322,They show the history of nations and previous generations who lived in the city,"Historic buildings answer many questions, which are mysterious about our previous ancestors; thereby no one can determine the price of the historic buildings",support
1507,AAEC_322,They show the lifestyle of people who lived in thousands of years ago,"Historic buildings answer many questions, which are mysterious about our previous ancestors; thereby no one can determine the price of the historic buildings",support
1508,AAEC_322,"They show us how they survive, or how they defend themselves etc","Historic buildings answer many questions, which are mysterious about our previous ancestors; thereby no one can determine the price of the historic buildings",support
1509,AAEC_322,"By investigating about their structures, we can understand how much they knew about the architecture of building","Historic buildings answer many questions, which are mysterious about our previous ancestors; thereby no one can determine the price of the historic buildings",support
1510,AAEC_322,"historic buildings are important treasures, which provide an area to learn valuable lessons","Historic buildings answer many questions, which are mysterious about our previous ancestors; thereby no one can determine the price of the historic buildings",support
1511,AAEC_322,It is interesting for most people to know about the way people live in thousands years ago,It is a valuable opportunities for any city having historic buildings to show them to new visitors,support
1512,AAEC_322,Historic building can develop other industries such as restaurants or other food industries and handicrafts shops and so on,Another advantage of historic buildings is their capabilities to attract more tourists to the city,support
1513,AAEC_322,It is a valuable opportunities for any city having historic buildings to show them to new visitors,Another advantage of historic buildings is their capabilities to attract more tourists to the city,support
1514,AAEC_322,The historic buildings show the history of our ancestors,we should preserve historic buildings in the city,support
1515,AAEC_322,The historic buildings show the history of our ancestors,"It is important for any city to replace old buildings with new ones, but these revolutions should not include historic buildings",support
1516,AAEC_322,they can develop tourism industries by attracting tourists,we should preserve historic buildings in the city,support
1517,AAEC_322,they can develop tourism industries by attracting tourists,"It is important for any city to replace old buildings with new ones, but these revolutions should not include historic buildings",support
1518,AAEC_322,They can benefit us financially by developing other industries,we should preserve historic buildings in the city,support
1519,AAEC_322,They can benefit us financially by developing other industries,"It is important for any city to replace old buildings with new ones, but these revolutions should not include historic buildings",support
1520,AAEC_322,"they are the symbols of our nations, which can show the historical culture of our previous ancestors",we should preserve historic buildings in the city,support
1521,AAEC_322,"they are the symbols of our nations, which can show the historical culture of our previous ancestors","It is important for any city to replace old buildings with new ones, but these revolutions should not include historic buildings",support
1522,AAEC_322,"Historic buildings answer many questions, which are mysterious about our previous ancestors; thereby no one can determine the price of the historic buildings",we should preserve historic buildings in the city,support
1523,AAEC_322,"Historic buildings answer many questions, which are mysterious about our previous ancestors; thereby no one can determine the price of the historic buildings","It is important for any city to replace old buildings with new ones, but these revolutions should not include historic buildings",support
1524,AAEC_322,Another advantage of historic buildings is their capabilities to attract more tourists to the city,we should preserve historic buildings in the city,support
1525,AAEC_322,Another advantage of historic buildings is their capabilities to attract more tourists to the city,"It is important for any city to replace old buildings with new ones, but these revolutions should not include historic buildings",support
1526,AAEC_328,"School is a small society for students, which prepares them for the future life","By attending to the same school, students can learn how to view the opposite gender in classes as a friend or a classmate",support
1527,AAEC_328,outdoors relationships may expand and it may accompany with sexual relationship,their thoughts deviate from the studies,support
1528,AAEC_328,a boy would know how to speak with a girl in every situation and vice versa,"By attending to the same school, students can learn how to view the opposite gender in classes as a friend or a classmate",support
1529,AAEC_328,"They would know how to ask her in order to cooperate with his study, how communicate with girls in a group, etc","By attending to the same school, students can learn how to view the opposite gender in classes as a friend or a classmate",support
1530,AAEC_328,"when they study together and help each other, they exercise the the real life as they age","By attending to the same school, students can learn how to view the opposite gender in classes as a friend or a classmate",support
1531,AAEC_328,attending both girls and boys in a same school cause many disadvantages for them,"By attending to the same school, students can learn how to view the opposite gender in classes as a friend or a classmate",attack
1532,AAEC_328,their thoughts deviate from the studies,attending both girls and boys in a same school cause many disadvantages for them,support
1533,AAEC_328,Boys and girls will try to show their capabilities and abilities in the class,they will study increasingly,support
1534,AAEC_328,Boys do not like to seem weak in front of girls and vice versa,they will study increasingly,support
1535,AAEC_328,they will study increasingly,the productivity of the class will be increased,support
1536,AAEC_328,the productivity of the class will be increased,attending in the school having boys and girls might be beneficial for both to increase their motivation to study better,support
1537,AAEC_328,they have a chance to know each other and learn how to behave with an opposite sex,boys and girls should study together,support
1538,AAEC_328,they have a chance to know each other and learn how to behave with an opposite sex,attending boys and girls in a same school would bring many advantages,support
1539,AAEC_328,"By attending to the same school, students can learn how to view the opposite gender in classes as a friend or a classmate",boys and girls should study together,support
1540,AAEC_328,"By attending to the same school, students can learn how to view the opposite gender in classes as a friend or a classmate",attending boys and girls in a same school would bring many advantages,support
1541,AAEC_328,Taking part in the study groups would increase student's motivation to study more,boys and girls should study together,support
1542,AAEC_328,Taking part in the study groups would increase student's motivation to study more,attending boys and girls in a same school would bring many advantages,support
1543,AAEC_328,"they would be able to know the opposite gender, which help them to be prepared for the adult life where they almost will live or work together",boys and girls should study together,support
1544,AAEC_328,"they would be able to know the opposite gender, which help them to be prepared for the adult life where they almost will live or work together",attending boys and girls in a same school would bring many advantages,support
1545,AAEC_328,attending in the school having boys and girls might be beneficial for both to increase their motivation to study better,boys and girls should study together,support
1546,AAEC_328,attending in the school having boys and girls might be beneficial for both to increase their motivation to study better,attending boys and girls in a same school would bring many advantages,support
1547,AAEC_331,they are significant symbols of a city,Historic buildings have intrinsic values,support
1548,AAEC_331,Old buildings are reminders of a city's culture and complexity,Historic buildings have intrinsic values,support
1549,AAEC_331,"By seeing historic buildings -- whether related to something famous or recognizably dramatic, people are able to witness the aesthetic and cultural history of an area",Historic buildings have intrinsic values,support
1550,AAEC_331,"it is the most remarkable sign of the city, and also it is the inevitable history of Beijing, even the entire China","when somebody mentions Beijing, China's capital city, you will immediately have Capital Palace come to appear in your mind",support
1551,AAEC_331,"Depending on the study of Capital Palace, researchers have a comprehensive understanding of the history and the culture","when somebody mentions Beijing, China's capital city, you will immediately have Capital Palace come to appear in your mind",support
1552,AAEC_331,"when somebody mentions Beijing, China's capital city, you will immediately have Capital Palace come to appear in your mind",Historic buildings have intrinsic values,support
1553,AAEC_331,"The city is occupied with an abundance of modern houses and and high buildings which make it crowded, and no rooms for people to relax themselves","historic buildings make our lives more colorful, provide places for citizens to relax bodies and minds",support
1554,AAEC_331,"the warmth of the materials, the heart pine, marble, or the old brick, all those old buildings features call back of our inner peace","historic buildings make our lives more colorful, provide places for citizens to relax bodies and minds",support
1555,AAEC_331,Lying under the roof of a historic building or sitting on the desk fill with history are both easy ways to forget life's little annoyance and feel peaceful,"historic buildings make our lives more colorful, provide places for citizens to relax bodies and minds",support
1556,AAEC_331,"There are many historic buildings, such as Beijing Place, Shanghai Artist Museum, they are all able to support themselves financially by charging tens of thousands of tourists",historic buildings can be a source of maintenance fees,support
1557,AAEC_331,"Our governments will be happy with those efficient consequences, and a majority of cities also can imitate this economical cycle",historic buildings can be a source of maintenance fees,support
1558,AAEC_331,the preservation of old buildings is a one-way street,the city which I enjoy the most is a combination of history and modernity,support
1559,AAEC_331,There is no chance to renovate to save a history site once it's gone,the city which I enjoy the most is a combination of history and modernity,support
1560,AAEC_331,This reality brings us to light the importance of locating and saving old buildings of historic significance,the city which I enjoy the most is a combination of history and modernity,support
1561,AAEC_331,"historic buildings make our lives more colorful, provide places for citizens to relax bodies and minds","we should do our parts to do what ever it takes to protect old buildings, letting next generations still have a chance to look at them",support
1562,AAEC_331,"historic buildings make our lives more colorful, provide places for citizens to relax bodies and minds",government should spend money on preservation of old buildings,support
1563,AAEC_331,historic buildings can be a source of maintenance fees,"we should do our parts to do what ever it takes to protect old buildings, letting next generations still have a chance to look at them",support
1564,AAEC_331,historic buildings can be a source of maintenance fees,government should spend money on preservation of old buildings,support
1565,AAEC_331,the city which I enjoy the most is a combination of history and modernity,"we should do our parts to do what ever it takes to protect old buildings, letting next generations still have a chance to look at them",support
1566,AAEC_331,the city which I enjoy the most is a combination of history and modernity,government should spend money on preservation of old buildings,support
1567,AAEC_331,Historic buildings have intrinsic values,"we should do our parts to do what ever it takes to protect old buildings, letting next generations still have a chance to look at them",support
1568,AAEC_331,Historic buildings have intrinsic values,government should spend money on preservation of old buildings,support
1569,AAEC_335,"scientists develop robots, which help people cope with their problems or just invent coffee machines, engines with integrated computers and etc",nowadays technology is entering into our society really quick,support
1570,AAEC_335,"before centeries, there were not washing machines, which clean your clothes, while a person do another job",nowadays technology is entering into our society really quick,support
1571,AAEC_335,"Scientists believe that one day people will face their developments, for instance robots, and they will not succeed to control them",All this inventions will try to take control of the Earth,support
1572,AAEC_335,All this inventions will try to take control of the Earth,IT discoveries are likely to have more disadvantages than benefits and people should know how to use their developments properly,support
1573,AAEC_335,nowadays technology is entering into our society really quick,IT discoveries are likely to have more disadvantages than benefits and people should know how to use their developments properly,attack
1574,AAEC_335,connecting people by email is easy and fast,IT discoveries are likely to have more disadvantages than benefits and people should know how to use their developments properly,attack
1575,AAEC_335,"World Wide Web offers humanity to access to information, which they want to know for less than 10 seconds",IT discoveries are likely to have more disadvantages than benefits and people should know how to use their developments properly,attack
1576,AAEC_341,"it also contributes to unhealthy behaviors of life, like sedentary lifestyle",technology takes convenience to humankind,attack
1577,AAEC_341,technology takes convenience to humankind,"Traditional skills and lifestyles play important role in modern society, in terms of healthcare, environmental protection and cultural inherit",attack
1578,AAEC_341,These are important foundation of modern civilization,those tradition-related things convey traditional culture and values,support
1579,AAEC_341,traditional skills rely little on fossil energy,"it is more environmentally-friendly, which should be promoted to reduce the threat of climate change",support
1580,AAEC_341,traditional ways of life is a great complimentary for modern life and highlight the importance of work life balance,"Traditional skills and lifestyles play important role in modern society, in terms of healthcare, environmental protection and cultural inherit",support
1581,AAEC_341,"it is more environmentally-friendly, which should be promoted to reduce the threat of climate change","Traditional skills and lifestyles play important role in modern society, in terms of healthcare, environmental protection and cultural inherit",support
1582,AAEC_341,those tradition-related things convey traditional culture and values,"Traditional skills and lifestyles play important role in modern society, in terms of healthcare, environmental protection and cultural inherit",support
1583,AAEC_341,Protection of tradition can provide the possibility to better understand ancient culture and utilize them to tackle modern problems,"Traditional skills and lifestyles play important role in modern society, in terms of healthcare, environmental protection and cultural inherit",support
1584,AAEC_341,the expense is trivial compared with the potential value of traditions,this kind of business bring limited contribution to government finance,attack
1585,AAEC_341,this kind of business bring limited contribution to government finance,protecting traditions consume too much financial budget compared with the incoming it takes,support
1586,AAEC_341,"Traditional skills and lifestyles play important role in modern society, in terms of healthcare, environmental protection and cultural inherit",the importance of traditions should be valued and paid attention to,support
1587,AAEC_341,"Traditional skills and lifestyles play important role in modern society, in terms of healthcare, environmental protection and cultural inherit","protection of tradition is not only important for the entire society currently, but also contributes to the next generation",support
1588,AAEC_341,protecting traditions consume too much financial budget compared with the incoming it takes,the importance of traditions should be valued and paid attention to,attack
1589,AAEC_341,protecting traditions consume too much financial budget compared with the incoming it takes,"protection of tradition is not only important for the entire society currently, but also contributes to the next generation",attack
1590,AAEC_341,"the government authorities and education institutes should work closely together to promote the traditional skills and ways of life, so as to make people to realize the value of them",the importance of traditions should be valued and paid attention to,support
1591,AAEC_341,"the government authorities and education institutes should work closely together to promote the traditional skills and ways of life, so as to make people to realize the value of them","protection of tradition is not only important for the entire society currently, but also contributes to the next generation",support
1592,AAEC_348,"it is the most important source of government's revenue, which is mainly used to serve all citizens",all people who are able to work should pay tax to the government,support
1593,AAEC_348,a large proportion of the tax is spent on national defence and in maintaining social stability,every one can work and live in a peaceful environment,support
1594,AAEC_348,every one can work and live in a peaceful environment,all people who are able to work should pay tax to the government,support
1595,AAEC_348,"The tax is also used to pay the salaries of workers working in public service sectors, such as teachers and police officers",all people who are able to work should pay tax to the government,support
1596,AAEC_348,these workers do not produce profit directly,"The tax is also used to pay the salaries of workers working in public service sectors, such as teachers and police officers",attack
1597,AAEC_348,what they do is for the well-being of the whole society,these workers do not produce profit directly,attack
1598,AAEC_348,"there are impoverished or disabled people in every society, needing help and support from others",citizens have other important responsibilities to fulfil apart from paying tax,support
1599,AAEC_348,the government can provide some fund to ease their difficulties,"there are impoverished or disabled people in every society, needing help and support from others",attack
1600,AAEC_348,such financial help is usually far from enough,the government can provide some fund to ease their difficulties,attack
1601,AAEC_348,"aids from more capable or wealthier citizens are particularly crucial, which are a great complement to government support",citizens have other important responsibilities to fulfil apart from paying tax,support
1602,AAEC_348,"There are criminals in every society, and the number of policemen the government can hire is limited","it is quite necessary for the local residents to take actions and ensure the safety of the communities, by doing things like reporting suspicious activities to the police department",support
1603,AAEC_348,"it is quite necessary for the local residents to take actions and ensure the safety of the communities, by doing things like reporting suspicious activities to the police department",citizens have other important responsibilities to fulfil apart from paying tax,support
1604,AAEC_348,Another responsibility all citizens should take is to maintain social stability together with the police force,citizens have other important responsibilities to fulfil apart from paying tax,support
1605,AAEC_348,all people who are able to work should pay tax to the government,"they have other critical obligations to take, in order to make our society function in an ordered way",support
1606,AAEC_348,citizens have other important responsibilities to fulfil apart from paying tax,"they have other critical obligations to take, in order to make our society function in an ordered way",support
1607,AAEC_352,students preparing for delivering speech on a certain topic can browse through internet to learn each and every minute details of the subject matter,computer impacts children on a positive note,support
1608,AAEC_352,It's hard to get everything at a same place unless children are not familiar with computers,computer impacts children on a positive note,support
1609,AAEC_352,"The best thing about internet is the availability of information in the form of text, image or video related to almost everything",through computer children can access internet to gather knowledge on the subjects they are studying or they are interested about,support
1610,AAEC_352,through computer children can access internet to gather knowledge on the subjects they are studying or they are interested about,computer impacts children on a positive note,support
1611,AAEC_352,"students who used to prepare Microsoft PowerPoint presentation for their school projects, get an edge over others at an early stage of their career",it's clear that computer has a positive effect on the children,support
1612,AAEC_352,"When children are allowed to play around with computer from a very early age, they get acquainted with the previously mentioned skills and become expert before facing professional world",it's clear that computer has a positive effect on the children,support
1613,AAEC_352,"computers enable people to prepare presentations, draw complex graphs and pictures, document thesis in a simple though efficient way",it's clear that computer has a positive effect on the children,support
1614,AAEC_352,computer assists children to use vast resources available over internet to study effectively as well as develop some basic skills which help them in future careers,It is disagreed that computer can affect children in a negative way if they use a computer on a daily basis,support
1615,AAEC_352,computer assists children to use vast resources available over internet to study effectively as well as develop some basic skills which help them in future careers,computer is a boon to children,support
1616,AAEC_352,computer impacts children on a positive note,It is disagreed that computer can affect children in a negative way if they use a computer on a daily basis,support
1617,AAEC_352,computer impacts children on a positive note,computer is a boon to children,support
1618,AAEC_352,it's clear that computer has a positive effect on the children,It is disagreed that computer can affect children in a negative way if they use a computer on a daily basis,support
1619,AAEC_352,it's clear that computer has a positive effect on the children,computer is a boon to children,support
1620,AAEC_355,Learning at school must be convenient for them if they speak in a way that they are used to,children might not be really comfortable with the use of a language other than their native tongue when they are in their kindergarten years,support
1621,AAEC_355,teachers think that foreign language most likely leads to confusion for children who are yet to start learning,children might not be really comfortable with the use of a language other than their native tongue when they are in their kindergarten years,support
1622,AAEC_355,"the teacher should be well-trained in the use of this specific language, so quality education will be delivered",children might not be really comfortable with the use of a language other than their native tongue when they are in their kindergarten years,support
1623,AAEC_355,"kids are amazing learners, and the best time to hone them is in their younger years",the advantages of early introduction of foreign language outweigh its disadvantages,support
1624,AAEC_355,The introduction of foreign language will be new to them,the advantages of early introduction of foreign language outweigh its disadvantages,attack
1625,AAEC_355,their curiosity will drive them to learn and comprehend,The introduction of foreign language will be new to them,attack
1626,AAEC_355,grasping a new language will be natural to them,The introduction of foreign language will be new to them,attack
1627,AAEC_355,the positive impact of this strategy is beneficial to both learners and teachers,the advantages of early introduction of foreign language outweigh its disadvantages,support
1628,AAEC_355,Teachers will not find it difficult to make students learn such new concept in their teenage years,the advantages of early introduction of foreign language outweigh its disadvantages,support
1629,AAEC_355,the advantages of early introduction of foreign language outweigh its disadvantages,it is important for children to be taught with a secondary language as early as kindergarten,support
1630,AAEC_355,the advantages of early introduction of foreign language outweigh its disadvantages,"if this endeavour is properly implemented by schools, this will most likely lead to improvement of learning ability among children",support
1631,AAEC_355,children might not be really comfortable with the use of a language other than their native tongue when they are in their kindergarten years,it is important for children to be taught with a secondary language as early as kindergarten,attack
1632,AAEC_355,children might not be really comfortable with the use of a language other than their native tongue when they are in their kindergarten years,"if this endeavour is properly implemented by schools, this will most likely lead to improvement of learning ability among children",attack
1633,AAEC_359,they worship cows,Indians don't eat beef,support
1634,AAEC_359,Indians don't eat beef,tourists may offend the local people due to their different culture background,support
1635,AAEC_359,some people leave the rubbish after visiting the attractions,those local residents have to clean the place frequently,support
1636,AAEC_359,tourists may offend the local people due to their different culture background,some behaviors of the tourists are not welcome in the local area,support
1637,AAEC_359,"if tourists want to respect the tradition, they will not order any beef in the local restaurant",tourists may offend the local people due to their different culture background,support
1638,AAEC_359,those local residents have to clean the place frequently,the new batch of tourists will have a tidy and neat environment,support
1639,AAEC_359,the new batch of tourists will have a tidy and neat environment,some behaviors of the tourists are not welcome in the local area,support
1640,AAEC_359,tourists are given the brochures about the local traditions and customs before they visit the place,"in order to avoid the conflicts between foreigners and locals, people are trying to understand different culture and find solutions",support
1641,AAEC_359,the tour guide are willing to help tourists to understand the culture from other countries,the possibility of the conflicts is reduced because the understanding between both parties,support
1642,AAEC_359,the possibility of the conflicts is reduced because the understanding between both parties,"in order to avoid the conflicts between foreigners and locals, people are trying to understand different culture and find solutions",support
1643,AAEC_359,most people will be trying to understand each other after they have conflict or debates,international tourism not only causes tension but also leads to understanding between people from different culture,support
1644,AAEC_359,most people will be trying to understand each other after they have conflict or debates,international tourism leads to both tension and understanding between people from different culture,support
1645,AAEC_359,people are looking for the solution such as understanding each other while they encounter the conflicts caused by international tourism,international tourism not only causes tension but also leads to understanding between people from different culture,support
1646,AAEC_359,people are looking for the solution such as understanding each other while they encounter the conflicts caused by international tourism,international tourism leads to both tension and understanding between people from different culture,support
1647,AAEC_359,some behaviors of the tourists are not welcome in the local area,international tourism not only causes tension but also leads to understanding between people from different culture,support
1648,AAEC_359,some behaviors of the tourists are not welcome in the local area,international tourism leads to both tension and understanding between people from different culture,support
1649,AAEC_359,"in order to avoid the conflicts between foreigners and locals, people are trying to understand different culture and find solutions",international tourism not only causes tension but also leads to understanding between people from different culture,support
1650,AAEC_359,"in order to avoid the conflicts between foreigners and locals, people are trying to understand different culture and find solutions",international tourism leads to both tension and understanding between people from different culture,support
1651,AAEC_364,"Every country has unique tradtions which show their creation, intelligence",people feel pround of their country,support
1652,AAEC_364,people feel pround of their country,they keep reserving conventions,support
1653,AAEC_364,They make differences between countries,traditional skills and ways belong to value of culture,support
1654,AAEC_364,they keep reserving conventions,traditional skills and ways belong to value of culture,support
1655,AAEC_364,ways to build a house in every country are different and they distinguish between countries,traditional skills and ways belong to value of culture,support
1656,AAEC_364,"Not only because there is no machine for the work, but also it looks more beautiful when it is made by hand, so resulting in greater value economy",making cone hats from leaves have to use hand,support
1657,AAEC_364,making cone hats from leaves have to use hand,there are plenty of works that using traditional way is unique method,support
1658,AAEC_364,vases are made by hand would be used more,Lot of people like to use traditional things because if their quality and durability,support
1659,AAEC_364,Lot of people like to use traditional things because if their quality and durability,in some cases that traditional way can not replace by a new technology,support
1660,AAEC_364,there are plenty of works that using traditional way is unique method,in some cases that traditional way can not replace by a new technology,support
1661,AAEC_364,Methods which their ancestors used in the past will be displayed again for new generations,Traditional skills and ways of life will help youngsters study and know more history,support
1662,AAEC_364,they might create somethings that are useful for life,Traditional skills and ways of life will help youngsters study and know more history,support
1663,AAEC_364,technology has brought many benefits,traditional skills and ways are always valuable and will last forever,attack
1664,AAEC_364,traditional skills and ways belong to value of culture,traditional skills and ways are always valuable and will last forever,support
1665,AAEC_364,in some cases that traditional way can not replace by a new technology,traditional skills and ways are always valuable and will last forever,support
1666,AAEC_364,Traditional skills and ways of life will help youngsters study and know more history,traditional skills and ways are always valuable and will last forever,support
1667,AAEC_373,the criminal is repeated second time,"it is regarded as the ""legalized revenge"" to victims' family",support
1668,AAEC_373,"it is regarded as the ""legalized revenge"" to victims' family",death penalty neither controls the violent in society nor creates a violent culture,support
1669,AAEC_373,"Crimes kill someone which is illegal; nevertheless, the government use law to punish them, which is the same way they sinned but in a legal one",death penalty neither controls the violent in society nor creates a violent culture,support
1670,AAEC_373,capital punishment is a form of revenge which creates violent culture,death penalty neither controls the violent in society nor creates a violent culture,support
1671,AAEC_373,Criminals should be punished for their misdeeds,"with some of serious criminals, capital punishment is an easy way out",support
1672,AAEC_373,"If they kill someone and end their life by dead without paying for their sins, it is so easy for them","with some of serious criminals, capital punishment is an easy way out",support
1673,AAEC_373,They do not undergo any pain or misery,"with some of serious criminals, capital punishment is an easy way out",support
1674,AAEC_373,"some industries such as mining, oil and gas extraction, reclamation, etc, needs many labors","with some of serious criminals, capital punishment is an easy way out",support
1675,AAEC_373,Why do not punish them by doing something meaningful for the country- it is better,"with some of serious criminals, capital punishment is an easy way out",support
1676,AAEC_373,rehabilitation and education is also a better way in order to prevent or minimize offensive acts,"with some of serious criminals, capital punishment is an easy way out",support
1677,AAEC_373,"capital punishment is a form of legalized revenge, it is an easy way for serious crimes, and nobody has rights to take others life",it neither demines crimes of violence nor be essential to control violence in society,support
1678,AAEC_373,No one has the right to take the life of a human; even if he committed murder,the rights of life are the basic and vital rights of a human being,support
1679,AAEC_373,the rights of life are the basic and vital rights of a human being,nobody has the right to take another human life,support
1680,AAEC_373,"If you kill a criminal, you become a criminal",nobody has the right to take another human life,support
1681,AAEC_373,"if we think that killing is the best way to solve the problem, it is neither unethical nor immoral",nobody has the right to take another human life,support
1682,AAEC_373,crimes seem to increase due to the capital punishment,nobody has the right to take another human life,support
1683,AAEC_373,death penalty neither controls the violent in society nor creates a violent culture,it is no evidence about the reduction of crime rates due to the death penalty,support
1684,AAEC_373,death penalty neither controls the violent in society nor creates a violent culture,The world should consider clearly about polishing the law of the dead penalty,support
1685,AAEC_373,nobody has the right to take another human life,it is no evidence about the reduction of crime rates due to the death penalty,support
1686,AAEC_373,nobody has the right to take another human life,The world should consider clearly about polishing the law of the dead penalty,support
1687,AAEC_373,it neither demines crimes of violence nor be essential to control violence in society,it is no evidence about the reduction of crime rates due to the death penalty,support
1688,AAEC_373,it neither demines crimes of violence nor be essential to control violence in society,The world should consider clearly about polishing the law of the dead penalty,support
1689,AAEC_373,"with some of serious criminals, capital punishment is an easy way out",it is no evidence about the reduction of crime rates due to the death penalty,support
1690,AAEC_373,"with some of serious criminals, capital punishment is an easy way out",The world should consider clearly about polishing the law of the dead penalty,support
1691,AAEC_382,"The internet, for example, provide knowledge in the form of news, radio talks, tapes or reseachs on any particular fields","technology was introduced, student have been exposed to a wide range of information, which neccessarily broaden their minds",support
1692,AAEC_382,"There, the students can not only ascertain concerned subjects but they can also get access to relevant issues and discuss with people worldwide","technology was introduced, student have been exposed to a wide range of information, which neccessarily broaden their minds",support
1693,AAEC_382,"The modern world provides learners with the mp3, the mobile phone or the laptop that help them, especially language learners, listen to recordings everywhre or read documents anytime",students will develop their skills at a greater pace,support
1694,AAEC_382,students will develop their skills at a greater pace,Another point that students may benefit from technology is the shortened time for learning,support
1695,AAEC_382,"the internet again, is an inexhaustible resource of visual aids, such as educational games, sounds or images with which students may absorb abstract concepts taught at school more briskly and thoroughly",Another point that students may benefit from technology is the shortened time for learning,support
1696,AAEC_382,it expedites data availability and accelarates students' learning process,the richness as well as convenience of technology are two main factors that contribute to the students' progress,support
1697,AAEC_382,it expedites data availability and accelarates students' learning process,I have to consent to the use of technology in education,support
1698,AAEC_382,"technology was introduced, student have been exposed to a wide range of information, which neccessarily broaden their minds",the richness as well as convenience of technology are two main factors that contribute to the students' progress,support
1699,AAEC_382,"technology was introduced, student have been exposed to a wide range of information, which neccessarily broaden their minds",I have to consent to the use of technology in education,support
1700,AAEC_382,Another point that students may benefit from technology is the shortened time for learning,the richness as well as convenience of technology are two main factors that contribute to the students' progress,support
1701,AAEC_382,Another point that students may benefit from technology is the shortened time for learning,I have to consent to the use of technology in education,support
1702,AAEC_386,"In high school, for instance, an individual cannot resist studying painstakingly through day and night when the others who are astoundingly ambitious and set sights on prestigious universities around the globe are doing the same",the classmates themselves creat a competitive atmoshphere which incent the children,support
1703,AAEC_386,"From a psychological perspective, the feeling of being subordinate to their peers exert enormous pressure on the children, which subsequently transforms into some sort of stimulants and boosts the children's academic performances",the classmates themselves creat a competitive atmoshphere which incent the children,support
1704,AAEC_386,"students share even more time together than with their parents, explaining a great deal of wisdom they absorb from each others","when it comes to knowledge and the acquisition of such, classmates are second to none",support
1705,AAEC_386,"it can be, for example, lessons on the class, social skills or general etiquettes that are sometimes overlooked by parents","when it comes to knowledge and the acquisition of such, classmates are second to none",support
1706,AAEC_386,"Sharing the same age, children are at their most comfort to exchange ideas, to query and interpret abstract concepts without fear of parental punishments, resulting in deeper comprehension","when it comes to knowledge and the acquisition of such, classmates are second to none",support
1707,AAEC_386,"they provide tremendous incentive and horizon expansion, two crucial commodities leading to a successful presentation at school",the classmates should be regarded as the most important influence on individual achievements,support
1708,AAEC_386,"they provide tremendous incentive and horizon expansion, two crucial commodities leading to a successful presentation at school",classmates are unrivalled by the children's parents,support
1709,AAEC_386,the classmates themselves creat a competitive atmoshphere which incent the children,the classmates should be regarded as the most important influence on individual achievements,support
1710,AAEC_386,the classmates themselves creat a competitive atmoshphere which incent the children,classmates are unrivalled by the children's parents,support
1711,AAEC_386,"when it comes to knowledge and the acquisition of such, classmates are second to none",the classmates should be regarded as the most important influence on individual achievements,support
1712,AAEC_386,"when it comes to knowledge and the acquisition of such, classmates are second to none",classmates are unrivalled by the children's parents,support
1713,AAEC_393,"These days the primary purpose of journalists covering the details of criminal acts is, more often than that, to boost newspaper circulations and TV ratings","a great deal of crime coverage is rather biased, exaggerated or fraudulent, which only result to terrorize communities and leave law-aiding people increasingly apprehensive of about crimes",support
1714,AAEC_393,the press provide the public with criminal content in order to increase newspaper circulation and TV rating,"a great deal of crime coverage is rather biased, exaggerated or fraudulent, which only result to terrorize communities and leave law-aiding people increasingly apprehensive of about crimes",support
1715,AAEC_393,"This may help those who are in the process of panning a criminal act perfect their plans, avoid the pitfalls and make themselves harder to be tracked down by the police","without the prevention on criminal details, the unlawful behavior would be more and more severe and the social harmony would be broken",support
1716,AAEC_393,"detailed reports of crimes exposured on the press may provide the potential criminals with instructive learning materials, which would be hard to obtain otherwise","without the prevention on criminal details, the unlawful behavior would be more and more severe and the social harmony would be broken",support
1717,AAEC_393,they have already suffered greatly for what they have experienced,particular coverage of heinous crimes may further traumatize the victims of crimes,support
1718,AAEC_393,"Without their consent, this could only add to theses innocent people's mental suffering and they may do some extreme actions",particular coverage of heinous crimes may further traumatize the victims of crimes,support
1719,AAEC_393,"a great deal of crime coverage is rather biased, exaggerated or fraudulent, which only result to terrorize communities and leave law-aiding people increasingly apprehensive of about crimes","such details should be strictly censored, if not banned altogether",support
1720,AAEC_393,"a great deal of crime coverage is rather biased, exaggerated or fraudulent, which only result to terrorize communities and leave law-aiding people increasingly apprehensive of about crimes",any descriptions of crimes should not go unchecked as any longer,support
1721,AAEC_393,"without the prevention on criminal details, the unlawful behavior would be more and more severe and the social harmony would be broken","such details should be strictly censored, if not banned altogether",support
1722,AAEC_393,"without the prevention on criminal details, the unlawful behavior would be more and more severe and the social harmony would be broken",any descriptions of crimes should not go unchecked as any longer,support
1723,AAEC_393,particular coverage of heinous crimes may further traumatize the victims of crimes,"such details should be strictly censored, if not banned altogether",support
1724,AAEC_393,particular coverage of heinous crimes may further traumatize the victims of crimes,any descriptions of crimes should not go unchecked as any longer,support
1725,AAEC_393,"as they may be false, may further drive up the already-high crime rate and may bring even more suffering to the victims of crimes","such details should be strictly censored, if not banned altogether",support
1726,AAEC_393,"as they may be false, may further drive up the already-high crime rate and may bring even more suffering to the victims of crimes",any descriptions of crimes should not go unchecked as any longer,support
1727,AAEC_398,"Most of male students tend to use their left brain to think and act, and they are more rational and logical than girls in many cases",boys and girls have the diversity in psychological modes and individuality,support
1728,AAEC_398,there are more male scientists and engineers in comparison with females around the world,boys and girls have the diversity in psychological modes and individuality,support
1729,AAEC_398,"Many boys are interested in science and technology, while a number of girls like to learn literature, education and arts",boys and girls have the diversity in psychological modes and individuality,support
1730,AAEC_398,"girls are more likely to prefer some jobs related to emotion and communication, such as teacher, singer and interpreter",boys and girls have the diversity in psychological modes and individuality,support
1731,AAEC_398,"girls differ from boys in mind and behaviour to a large extent, and they both have better ability in the specific aspect",boys and girls have the diversity in psychological modes and individuality,support
1732,AAEC_398,this could avoid imbalance of gender in some subjects,universities should encourage more girls to choose science subjects and more boys to study the humanities,support
1733,AAEC_398,It would affect students' mental health to study in the environment of single gender,universities should encourage more girls to choose science subjects and more boys to study the humanities,support
1734,AAEC_398,that does not conform to students' personality traits and mental development,it can have a negative affect on these students to require them to choose a subject in equal proportion of gender,support
1735,AAEC_398,"a girl, who is interested in literature, is arranged into an engineering department",it can have a negative affect on these students to require them to choose a subject in equal proportion of gender,support
1736,AAEC_398,she is unlikely to focus on her subject,it can have a negative affect on these students to require them to choose a subject in equal proportion of gender,support
1737,AAEC_398,this also can block the girl's future development and career prospect,it can have a negative affect on these students to require them to choose a subject in equal proportion of gender,support
1738,AAEC_398,many different characters exist between male and female students,"it is necessary for universities to respect the individual choice of subject due to the diversity of boys and girls, and we ca not forcedly put the same numbers of males and females into every subject",support
1739,AAEC_398,boys and girls have the diversity in psychological modes and individuality,"it is necessary for universities to respect the individual choice of subject due to the diversity of boys and girls, and we ca not forcedly put the same numbers of males and females into every subject",support
1740,AAEC_398,it can have a negative affect on these students to require them to choose a subject in equal proportion of gender,"it is necessary for universities to respect the individual choice of subject due to the diversity of boys and girls, and we ca not forcedly put the same numbers of males and females into every subject",support
1741,AAEC_398,universities should encourage more girls to choose science subjects and more boys to study the humanities,"it is necessary for universities to respect the individual choice of subject due to the diversity of boys and girls, and we ca not forcedly put the same numbers of males and females into every subject",support
