,text_id,source_tokens,target_tokens,labels
2057,AbstRCT_neoplasm_21892106,"but this did not reach statistical significance (13.1 versus 8.3 months, p = 0.25).",Patients in arm A had longer median survival,Attack
2058,AbstRCT_neoplasm_21892106,The overall response rate was 51% in arm A and 38% in arm B (p = 0.147).,"radiation therapy alone as it demonstrated a response rate greater than 50%, and data suggested that arm A had superior survival to arm B.",Support
2059,AbstRCT_neoplasm_21892106,Patients in arm A had longer median survival,"radiation therapy alone as it demonstrated a response rate greater than 50%, and data suggested that arm A had superior survival to arm B.",Support
2060,AbstRCT_neoplasm_21892106,Grade 3/4 toxicity in both arms was acceptable.,No difference in quality of life was observed.,Support
2061,AbstRCT_neoplasm_21892106,"There was no difference in median progression-free survival between the two arms (5.5 versus 5.0 months, p = 0.19).","radiation therapy alone as it demonstrated a response rate greater than 50%, and data suggested that arm A had superior survival to arm B.",Attack
2062,AbstRCT_neoplasm_11370551,"Acute toxicity (WHO) of radiochemotherapy was low, with less than 15% of patients experiencing Grade 3 or higher toxicity",neoadjuvant radiochemotherapy is well tolerated and bears no higher risk for postoperative morbidity.,Support
2063,AbstRCT_neoplasm_11370551,"The principal toxicity was diarrhea, with 12% in the postoperative radiochemotherapy arm and 10% in the preoperative radiochemotherapy arm having Grade-3, and 1% in either arm having Grade-4 diarrhea.",neoadjuvant radiochemotherapy is well tolerated and bears no higher risk for postoperative morbidity.,Support
2064,AbstRCT_neoplasm_11370551,"Erythema, nausea and leukopenia were the next common toxicities, with less than 3% of patients in either arm suffering Grade 3 or greater leukopenia or nausea.",neoadjuvant radiochemotherapy is well tolerated and bears no higher risk for postoperative morbidity.,Support
2065,AbstRCT_neoplasm_11370551,"Postoperative complication rates were similar in both arms, with 12% (postoperative radiochemotherapy) and 13% (preoperative radiochemotherapy) of patients, respectively, suffering from anastomotic leakage, 4% (postoperative radiochemotherapy) and 3% (preoperative radiochemotherapy) from postoperative bleeding, and 6% (postoperative radiochemotherapy) and 5% (preoperative radiochemotherapy) from delayed wound healing.",neoadjuvant radiochemotherapy is well tolerated and bears no higher risk for postoperative morbidity.,Support
2066,AbstRCT_neoplasm_20585099,"Male sexual dysfunction was significantly increased following surgery (P < .001),","These results from a large randomized trial using validated patient-completed questionnaires show that, for males, the main adverse effect was sexual dysfunction, and the main cause of this was surgery,",Support
2067,AbstRCT_neoplasm_20585099,although there was no difference between treatment arms.,"Male sexual dysfunction was significantly increased following surgery (P < .001),",Partial-Attack
2068,AbstRCT_neoplasm_20585099,but thereafter it returned to baseline levels.,"Both treatment groups reported similar levels of decreased physical function at 3 months,",Attack
2069,AbstRCT_neoplasm_20585099,"Both treatment groups reported similar levels of decreased physical function at 3 months,","These results from a large randomized trial using validated patient-completed questionnaires show that, for males, the main adverse effect was sexual dysfunction, and the main cause of this was surgery,",Support
2070,AbstRCT_neoplasm_20585099,"There was no evidence of any major changes between treatments or time points in terms of general health or bowel function,",PRE also affected sexual and some aspects of bowel functioning.,Attack
2071,AbstRCT_neoplasm_20585099,but exploratory analysis indicated a significant (P = .006 at 2 years) increase in the level of fecal incontinence with PRE.,"There was no evidence of any major changes between treatments or time points in terms of general health or bowel function,",Attack
2072,AbstRCT_neoplasm_20734132,Upper limb volumes were also lower amongst intervention group participants.,Provision of multimodal exercise programs will improve the short-term health of women undergoing adjuvant therapy for breast cancer but are of questionable economic efficiency.,Support
2073,AbstRCT_neoplasm_20734132,"Participants in the intervention group demonstrated greater improvement in health-related quality of life between baseline and the 3-month assessment [mean (sd) EQ-5D VAS (0-100) baseline: 72.6 (15.6), 3 month: 80.6 (11.6)] when compared to control group participants [baseline: 77.5 (13.5), 3 month: 74.1 (20.6), P = 0.006] and also improved more in terms of physical function [mean (sd) EORTC C30 physical function scale intervention (0-100) baseline: 84.9 (14.8), 3 month: 86.9 (10.7), control baseline: 91.3 (9.6), 3 month: 86.7 (14.9), P = 0.02].",Provision of multimodal exercise programs will improve the short-term health of women undergoing adjuvant therapy for breast cancer but are of questionable economic efficiency.,Support
2074,AbstRCT_neoplasm_20734132,there was low probability that the intervention would be both less costly and more effective than the control condition (range probability = 0.05-50.02% depending on approach).,Provision of multimodal exercise programs will improve the short-term health of women undergoing adjuvant therapy for breast cancer but are of questionable economic efficiency.,Support
2075,AbstRCT_neoplasm_12721238,Men assigned to resistance exercise had less interference from fatigue on activities of daily living (P =.002) and higher quality of life (P =.001) than men in the control group.,Resistance exercise reduces fatigue and improves quality of life and muscular fitness in men with prostate cancer receiving androgen deprivation therapy.,Support
2076,AbstRCT_neoplasm_12721238,Resistance exercise reduces fatigue and improves quality of life and muscular fitness in men with prostate cancer receiving androgen deprivation therapy.,This form of exercise can be an important component of supportive care for these patients.,Support
2077,AbstRCT_neoplasm_16505413,"For HAI patients with thymidylate synthase levels in tumor less than or > or = 4, the median survival was 24 and 14 months, respectively (P = .17).","HAI therapy increased overall survival, response rate, THP, and was associated with better physical functioning compared with systemic therapy.",Support
2078,AbstRCT_neoplasm_16505413,"A greater proportion of men versus women receiving HAI experienced biliary toxicity (37% and 15%, respectively; P = .05).","HAI therapy increased overall survival, response rate, THP, and was associated with better physical functioning compared with systemic therapy.",Support
2079,AbstRCT_neoplasm_16505413,Quality-of-life measurements showed improved physical functioning in the HAI group at the 3- and 6-month follow-up assessments.,"HAI therapy increased overall survival, response rate, THP, and was associated with better physical functioning compared with systemic therapy.",Support
2080,AbstRCT_neoplasm_16505413,"Toxicity included grade > or = 3 neutropenia (2% and 45%; P < .01), stomatitis (0% and 24%; P < .01), and bilirubin elevation (18.6% and 0; P < .01) in the HAI and systemic treatment groups, respectively.","HAI therapy increased overall survival, response rate, THP, and was associated with better physical functioning compared with systemic therapy.",Support
2081,AbstRCT_neoplasm_16505413,Time to extrahepatic progression (7.7 v 14.8 months; P = .029) was significantly shorter in the HAI group.,"HAI therapy increased overall survival, response rate, THP, and was associated with better physical functioning compared with systemic therapy.",Support
2082,AbstRCT_neoplasm_16505413,"Overall survival was significantly longer for HAI versus systemic treatment (median, 24.4 v 20 months; P = .0034), as were response rates (47% and 24%; P = .012) and time to hepatic progression (THP; 9.8 v 7.3 months; P = .034).","HAI therapy increased overall survival, response rate, THP, and was associated with better physical functioning compared with systemic therapy.",Support
2083,AbstRCT_neoplasm_17876009,Additional research should examine the benefits of stress management training targeted specifically to patients experiencing heightened distress.,This study found that self-administered stress management training is effective only in those radiotherapy patients with initially higher levels of psychological distress.,Partial-Attack
2084,AbstRCT_neoplasm_17876009,"Overall, patients assigned to receive stress management training did not report significantly less psychological distress on the Medical Outcomes Study 36-Item Short Form (SF-36) Mental Component Summary Scale than did those assigned to usual care.",This study found that self-administered stress management training is effective only in those radiotherapy patients with initially higher levels of psychological distress.,Support
2085,AbstRCT_neoplasm_17876009,patients with above-average levels of psychological distress (scores < or = 50) who were randomly assigned to the intervention condition reported significant improvement in their distress compared with those assigned to usual care only on the SF-36 Mental Health Subscale and the Center for Epidemiologic Studies Depression Scale.,This study found that self-administered stress management training is effective only in those radiotherapy patients with initially higher levels of psychological distress.,Support
2086,AbstRCT_neoplasm_18669464,"Patients receiving sunitinib reported higher FKSI-15 and FKSI-DRS scores at each cycle than those receiving IFN-alpha, with a significant difference in the overall least squares means (3.27 and 1.98, respectively; P < .0001).",Sunitinib provides superior QOL compared with IFN-alpha in mRCC patients.,Support
2087,AbstRCT_neoplasm_18669464,"differences in least squares means for FACT-G (and all subscales), EQ-5D Index, and EQ-VAS were all significantly favorable for sunitinib (P < .01).",Sunitinib provides superior QOL compared with IFN-alpha in mRCC patients.,Support
2088,AbstRCT_neoplasm_11438417,"The threshold analyses showed that, whatever the utility weights, the mean Q-TWIST was always greater with ChOP or fludarabine as compared to CAP.",patients with advanced CLL have a moderate benefit in terms of Q-TWIST when treated with fludarabine over ChOP.,Support
2089,AbstRCT_neoplasm_11438417,"The mean TWIST was 27.05 months with CAP, 31.5 months with ChOP and 32.95 months with fludarabine.",These two treatments are always superior to CAP.,Support
2090,AbstRCT_neoplasm_11438417,"Over 73 months after randomization, the fludarabine group gained a mean of 45 days of toxicity-free survival at CAP, and 61 days over ChOP.",These two treatments are always superior to CAP.,Support
2091,AbstRCT_neoplasm_11438417,except in the unlikely case of high utility weights attributed to toxicity and low utility weights attributed to treatment.,"Fludarabine was consistently a better treatment than ChOP,",Partial-Attack
2092,AbstRCT_neoplasm_11438417,"from a clinical point of view, differences between ChOP and fludarabine were moderate or event slight (mean difference in TWIST of 1.45 months).","Fludarabine was consistently a better treatment than ChOP,",Support
2093,AbstRCT_neoplasm_23615094,Symptom and QoL development did not differ significantly between the groups.,Symptoms and QoL seem not to be significantly affected by GKRS.,Support
2094,AbstRCT_neoplasm_23615094,There was a significant reduction in tumor volume over time in the GKRS group.,"In VS patients, GKRS reduces the tumor growth rate and thereby the incidence rate of new treatment about tenfold.",Support
2095,AbstRCT_neoplasm_23615094,"Serviceable hearing was lost in 54 of 71 (76%) (CM) and 34 of 53 (64%) (GKRS) patients during the study period (not significant, log-rank test).",Hearing is lost at similar rates in both groups.,Support
2096,AbstRCT_neoplasm_23814044,"Systemic side effect (SE) change scores were significantly improved for TCH-treated patients compared with AC→TH and AC→T at EOC, suggesting improved tolerability.",HRQL outcomes for adjuvant docetaxel and trastuzumab-based regimens are favorable and support TCH as a more tolerable treatment option.,Support
2097,AbstRCT_neoplasm_23814044,"Physical functioning (PF) was only slightly worse at midpoint for those receiving TCH, compared with patients who were just starting on taxane in an AC→TH regimen, but was otherwise similar between arms.",HRQL outcomes for adjuvant docetaxel and trastuzumab-based regimens are favorable and support TCH as a more tolerable treatment option.,Support
2098,AbstRCT_neoplasm_23814044,"Physical functioning (PF) was only slightly worse at midpoint for those receiving TCH, compared with patients who were just starting on taxane in an AC→TH regimen, but was otherwise similar between arms.","All treatment arms recovered from the deterioration in SE, PF, and Global Health Scale scores by 1 year and median future perspective change scores continued to improve throughout treatment and follow-up.",Support
2099,AbstRCT_neoplasm_23814044,"Systemic side effect (SE) change scores were significantly improved for TCH-treated patients compared with AC→TH and AC→T at EOC, suggesting improved tolerability.","All treatment arms recovered from the deterioration in SE, PF, and Global Health Scale scores by 1 year and median future perspective change scores continued to improve throughout treatment and follow-up.",Support
2100,AbstRCT_neoplasm_9640214,Significant benefit in body image and satisfaction with treatment was observed in the BCT patients.,"In this multicentre randomised study, BCT helped to maintain the patients' body image, resulted in higher satisfaction with treatment and yielded no significant difference from MRM with respect to fear of recurrence.",Support
2101,AbstRCT_neoplasm_9640214,No significant difference was observed in fear of recurrence between the two groups.,"In this multicentre randomised study, BCT helped to maintain the patients' body image, resulted in higher satisfaction with treatment and yielded no significant difference from MRM with respect to fear of recurrence.",Support
2102,AbstRCT_neoplasm_9640214,"The Cronbach's alpha coefficients were 0.79 and 0.73 for the body image and fear of recurrence scales, respectively.","In this multicentre randomised study, BCT helped to maintain the patients' body image, resulted in higher satisfaction with treatment and yielded no significant difference from MRM with respect to fear of recurrence.",Support
2103,AbstRCT_neoplasm_9640214,"Ratings of cosmetic results decreased with time, in line with clinical observations of long-term side-effects of radiotherapy.","In this multicentre randomised study, BCT helped to maintain the patients' body image, resulted in higher satisfaction with treatment and yielded no significant difference from MRM with respect to fear of recurrence.",Partial-Attack
2104,AbstRCT_neoplasm_24007947,the present data do not support a quality of life benefit with epidural analgesia.,Analgesia and early quality of recovery may be improved by epidural analgesia.,Attack
2105,AbstRCT_neoplasm_24007947,Epidural analgesia was associated with increased length of stay (up to 48 days compared to up to 34 days in the non-epidural group).,"Epidural analgesia was associated with an increase in any, but not serious, postoperative complications and length of stay after abdominal hysterectomy.",Support
2106,AbstRCT_neoplasm_24007947,there was no difference in serious adverse events (p=0.19).,"Epidural analgesia was associated with an increase in any, but not serious, postoperative complications and length of stay after abdominal hysterectomy.",Support
2107,AbstRCT_neoplasm_24007947,Postoperative complications (any grade) occurred in 86% of patients with and in 66% of patients without an epidural (p<0.01),"Epidural analgesia was associated with an increase in any, but not serious, postoperative complications and length of stay after abdominal hysterectomy.",Support
2108,AbstRCT_neoplasm_11970761,"Additionally for responders, assessments of skin severity and pruritus severity showed significant (P < or = 0.05) improvements at study endpoint compared with baseline.","Heavily pretreated patients with advanced and/or recurrent CTCL who responded to denileukin diftitox therapy showed significant improvements in self-rated overall QOL, skin appearance, and pruritus severity.",Support
2109,AbstRCT_neoplasm_11970761,"Composite FACT-G and most individual subscale scores (physical, social/family, emotional, and functional well being) in documented responders (n = 21) gradually increased during the study period, generally reaching statistical significance (P < 0.05) by cycle 3, and were significantly (P < or = 0.041) higher than the scores of nonresponders at endpoint.","Heavily pretreated patients with advanced and/or recurrent CTCL who responded to denileukin diftitox therapy showed significant improvements in self-rated overall QOL, skin appearance, and pruritus severity.",Support
2110,AbstRCT_neoplasm_12047964,"For the de Gramont, Lokich, and raltitrexed groups, respectively, median survival was 294, 302, and 266 days.","The deGramont and Lokich regimens were similar in terms of survival, quality of life, and response rates.",Support
2111,AbstRCT_neoplasm_12047964,"The hazard ratios for overall survival were 0.88 (95% CI 0.70-1.12, p=0.17) for de Gramont versus Lokich, and 0.99 (0.79-1.25, p=0.94) for de Gramont versus raltitrexed.","The deGramont and Lokich regimens were similar in terms of survival, quality of life, and response rates.",Support
2112,AbstRCT_neoplasm_12047964,but resulted in greater toxicity and inferior quality of life.,"Raltitrexed showed similar response rates and overall survival to the de Gramont regimen and was easier to administer,",Partial-Attack
2113,AbstRCT_neoplasm_12047964,"Patients' assessment of quality of life showed that raltitrexed was inferior to the fluorouracil-based regimens, especially in terms of palliation and functioning.",but resulted in greater toxicity and inferior quality of life.,Support
2114,AbstRCT_neoplasm_20821047,"No differences in frequency, grade, or range of side effects were seen between drugs.",both AIs are equally well tolerated.,Support
2115,AbstRCT_neoplasm_20821047,There was no significant change in FACT-B-ES (overall) scores or ES scores while patients were taking anastrozole or letrozole and no significant differences between drugs.,both AIs are equally well tolerated.,Support
2116,AbstRCT_neoplasm_20821047,Tamoxifen-naïve patients had a higher mean ES (endocrine symptoms subscale) score at entry versus those having extended therapy (66.0 vs. 61.9; P = 0.001).,both AIs are equally well tolerated.,Support
2117,AbstRCT_neoplasm_20821047,There was no significant change in FACT-B-ES (overall) scores or ES scores while patients were taking anastrozole or letrozole and no significant differences between drugs.,There were no significant differences in QOL scores between the two drugs.,Support
2118,AbstRCT_neoplasm_20821047,Tamoxifen-naïve patients had a higher mean ES (endocrine symptoms subscale) score at entry versus those having extended therapy (66.0 vs. 61.9; P = 0.001).,There were no significant differences in QOL scores between the two drugs.,Support
2119,AbstRCT_neoplasm_20821047,Nearly 80% of patients reported one or more side effects with either agent.,both AIs are equally well tolerated.,Partial-Attack
2120,AbstRCT_neoplasm_18589314,The 24-month cumulative cost of UAE is lower than that of hysterectomy.,"From a societal economic perspective, UAE is the superior treatment strategy in women with symptomatic uterine fibroids.",Support
2121,AbstRCT_neoplasm_18589314,"The costs related to absence from work differed significantly between the treatment strategies in favor of UAE (mean difference, -$5,453; 95% CI: -$7,718, -$3,107).","From a societal economic perspective, UAE is the superior treatment strategy in women with symptomatic uterine fibroids.",Support
2122,AbstRCT_neoplasm_18589314,"Direct medical out-of-hospital and direct nonmedical costs were low in both groups (mean cost difference, $156 in favor of hysterectomy).","From a societal economic perspective, UAE is the superior treatment strategy in women with symptomatic uterine fibroids.",Support
2123,AbstRCT_neoplasm_18589314,"The direct medical in-hospital costs were significantly lower in the UAE group: $6,688 vs $8,313 (mean difference, -$1,624 [-20%], 95% CI: -$2,605, -$586).","From a societal economic perspective, UAE is the superior treatment strategy in women with symptomatic uterine fibroids.",Support
2124,AbstRCT_neoplasm_18589314,"The mean total costs per patient in the UAE group were significantly lower than those in the hysterectomy group ($11,626 vs $18,563; mean difference, -$6,936 [-37%], 95% CI: -$9,548, $4,281).","From a societal economic perspective, UAE is the superior treatment strategy in women with symptomatic uterine fibroids.",Support
2125,AbstRCT_neoplasm_20651011,"Physical training was equally effective as or more effective than physical training combined with cognitive-behavioral therapy in reducing cancer-related fatigue,",cognitive-behavioral therapy did not have additional beneficial effects beyond the benefits of physical training.,Support
2126,AbstRCT_neoplasm_20651011,Physical training combined with cognitive-behavioral therapy and physical training alone had significant and beneficial effects on fatigue compared with no intervention.,"Physical training was equally effective as or more effective than physical training combined with cognitive-behavioral therapy in reducing cancer-related fatigue,",Support
2127,AbstRCT_neoplasm_20651011,No significant differences in decline in fatigue were found between the PT+CBT and PT groups.,"Physical training was equally effective as or more effective than physical training combined with cognitive-behavioral therapy in reducing cancer-related fatigue,",Support
2128,AbstRCT_neoplasm_20651011,"Compared with the WLC group, the PT group reported significantly greater decline in 4 domains of fatigue, whereas the PT+CBT group reported significantly greater decline in physical fatigue only.","Physical training was equally effective as or more effective than physical training combined with cognitive-behavioral therapy in reducing cancer-related fatigue,",Support
2129,AbstRCT_neoplasm_20651011,except in mental fatigue in the WLC group.,"Over time, levels of fatigue significantly decreased in all domains in all groups,",Partial-Attack
2130,AbstRCT_neoplasm_20651011,"Over time, levels of fatigue significantly decreased in all domains in all groups,","Physical training was equally effective as or more effective than physical training combined with cognitive-behavioral therapy in reducing cancer-related fatigue,",Support
2131,AbstRCT_neoplasm_20651011,"Analyses of variance of postintervention fatigue showed statistically significant group effects on general fatigue, on physical and mental fatigue, and on reduced activation but not on reduced motivation.","Physical training was equally effective as or more effective than physical training combined with cognitive-behavioral therapy in reducing cancer-related fatigue,",Support
2132,AbstRCT_neoplasm_23749688,"Improvements in fatigue (p = 0.01), total quality of life plus fatigue (p = 0.04), and a composite physical functioning score (p = 0.01) at the 3-month follow-up were also found.","The PEACH trial suggests that 8 weeks of supervised aerobic exercise training was feasible and may improve aerobic fitness, fatigue and quality of life in de-conditioned cancer survivors during the early survivorship phase.",Support
2133,AbstRCT_neoplasm_23749688,Self-reported physical activity increased in the exercise group (EG) compared to the usual care group at both 8-week (p = 0.01) and 3-month follow-up (p = 0.03) and significant differences in favour of the EG were found for physical well-being at both the 8-week (p = 0.03) and 3-month follow-up (p = 0.04).,"The PEACH trial suggests that 8 weeks of supervised aerobic exercise training was feasible and may improve aerobic fitness, fatigue and quality of life in de-conditioned cancer survivors during the early survivorship phase.",Support
2134,AbstRCT_neoplasm_23749688,although these differences did not achieve statistical significance (p values >0.14).,"Meaningful differences in aerobic fitness between the exercise and usual care groups at both the 8-week [mean 3.0 mL kg(-1) min(-1) (95 % CI -1.1-7.0)] and 3-month follow-up [2.1 mL kg(-1) min(-1) (-2.3-6.6)] were found,",Attack
2135,AbstRCT_neoplasm_23749688,"Meaningful differences in aerobic fitness between the exercise and usual care groups at both the 8-week [mean 3.0 mL kg(-1) min(-1) (95 % CI -1.1-7.0)] and 3-month follow-up [2.1 mL kg(-1) min(-1) (-2.3-6.6)] were found,","The PEACH trial suggests that 8 weeks of supervised aerobic exercise training was feasible and may improve aerobic fitness, fatigue and quality of life in de-conditioned cancer survivors during the early survivorship phase.",Support
2136,AbstRCT_neoplasm_23749688,"The PEACH trial suggests that 8 weeks of supervised aerobic exercise training was feasible and may improve aerobic fitness, fatigue and quality of life in de-conditioned cancer survivors during the early survivorship phase.","Exercise interventions commenced in the early survivorship phase appear safe, feasible and may lead to improvements in QOL and fatigue.",Support
2137,AbstRCT_neoplasm_20625123,"There was a significant difference in self-reported toxicities (SED), with increased levels of nervousness and appetite loss in the methylphenidate arm.",This clinical trial was unable to support the primary prestudy hypothesis that the chosen long-acting methylphenidate product would decrease cancer-related fatigue.,Support
2138,AbstRCT_neoplasm_20625123,"However, a subset analysis suggested that patients with more severe fatigue and/or with more advanced disease did have some fatigue improvement with methylphenidate (eg, in patients with stage III or IV disease, the mean improvement in usual fatigue was 19.7 with methylphenidate v 2.1 with placebo; P = .02).",This clinical trial was unable to support the primary prestudy hypothesis that the chosen long-acting methylphenidate product would decrease cancer-related fatigue.,Support
2139,AbstRCT_neoplasm_20625123,"Comparisons of secondary end points, including clinically significant changes in quality-of-life variables and cancer-related fatigue change from baseline, were similarly negative.",This clinical trial was unable to support the primary prestudy hypothesis that the chosen long-acting methylphenidate product would decrease cancer-related fatigue.,Support
2140,AbstRCT_neoplasm_20625123,"Using an area under the serum concentration-time curve analysis, there was no evidence that methylphenidate, as compared with placebo, improved the primary end point of cancer-related fatigue in this patient population (P = .35).",This clinical trial was unable to support the primary prestudy hypothesis that the chosen long-acting methylphenidate product would decrease cancer-related fatigue.,Support
2141,AbstRCT_neoplasm_23860204,"After a median follow-up of 62 months, epoetin alfa treatment did not affect overall survival, relapse-free survival, or intramammary relapse.",Epoetin alfa resulted in improved hemoglobin levels and decreased transfusions without an impact on relapse-free or overall survival.,Support
2142,AbstRCT_neoplasm_23860204,The incidence of thrombotic events was 7% in the epoetin alfa arm vs 3% in the control arm.,"However, epoetin alfa had an adverse effect, resulting in increased thrombosis.",Support
2143,AbstRCT_neoplasm_23860204,Epoetin alfa avoided the decrease in hemoglobin level (no decrease in the epoetin alfa group vs -2.20g/dL change for the control group; P < .001) and statistically significantly reduced the percentage of subjects requiring red blood cell transfusion (12.8% vs 28.1%; P < .0001).,Epoetin alfa resulted in improved hemoglobin levels and decreased transfusions without an impact on relapse-free or overall survival.,Support
2144,AbstRCT_neoplasm_18591555,"Median overall survival was 17.2 months (95% CI, 13.5 to 21.9 months) with topotecan, 17.8 months (95% CI, 13.7 to 20.0 months) with topotecan plus etoposide (log-rank P = .7647), and 15.2 months (95% CI, 11.3 to 20.9 months) with topotecan plus gemcitabine (log-rank P = .2344).",Nonplatinum topotecan combinations do not provide a survival advantage over topotecan alone in women with relapsed ovarian cancer.,Support
2145,AbstRCT_neoplasm_15288288,but long-term relief of dysphagia was better after brachytherapy.,"Dysphagia improved more rapidly after stent placement than after brachytherapy,",Partial-Attack
2146,AbstRCT_neoplasm_15288288,This decline was more pronounced in the stent group.,The effects of single dose brachytherapy on HRQoL compared favourably to those of stent placement for the palliation of oesophageal cancer.,Support
2147,AbstRCT_neoplasm_15288288,"Generic HRQoL deteriorated over time on all functional scales of the EORTC QLQ C-30 and EQ-5D, in particular physical and role functioning (on average -23 and -24 on a 100 points scale during 0.5 years of follow-up).",The effects of single dose brachytherapy on HRQoL compared favourably to those of stent placement for the palliation of oesophageal cancer.,Support
2148,AbstRCT_neoplasm_15288288,"For generic HRQoL, there was an overall significant difference in favour of brachytherapy on four out of five functional scales of the EORTC QLQ-C30 (role, emotional, cognitive and social) (P < 0.05).",The effects of single dose brachytherapy on HRQoL compared favourably to those of stent placement for the palliation of oesophageal cancer.,Support
2149,AbstRCT_neoplasm_15288288,since these were more responsive in measuring patients' functioning and well-being during follow-up than disease-specific HRQoL scales.,"Future studies on palliative care for oesophageal cancer should at least include generic HRQoL scales,",Support
2150,AbstRCT_neoplasm_15288288,"Future studies on palliative care for oesophageal cancer should at least include generic HRQoL scales,",The effects of single dose brachytherapy on HRQoL compared favourably to those of stent placement for the palliation of oesophageal cancer.,Partial-Attack
2151,AbstRCT_neoplasm_15288288,"Dysphagia improved more rapidly after stent placement than after brachytherapy,",The effects of single dose brachytherapy on HRQoL compared favourably to those of stent placement for the palliation of oesophageal cancer.,Support
2152,AbstRCT_neoplasm_15288288,"Major improvements were seen on the dysphagia and eating scales of the EORTC OES-23, in contrast to other scales of this disease-specific measure, which remained almost stable during follow-up.",The effects of single dose brachytherapy on HRQoL compared favourably to those of stent placement for the palliation of oesophageal cancer.,Support
2153,AbstRCT_neoplasm_15288288,"Reported levels of chest or abdominal pain remained stable during follow-up in both treatment groups,",The effects of single dose brachytherapy on HRQoL compared favourably to those of stent placement for the palliation of oesophageal cancer.,Support
2154,AbstRCT_neoplasm_15288288,general pain levels increased to a minor extent.,The effects of single dose brachytherapy on HRQoL compared favourably to those of stent placement for the palliation of oesophageal cancer.,Support
2155,AbstRCT_neoplasm_17690882,but there was no difference in the QOL scores between the two arms at baseline and all four cycles of treatment.,"QOL data showed improvement in some symptom scores,",Partial-Attack
2156,AbstRCT_neoplasm_17690882,"QOL data showed improvement in some symptom scores,",Red blood cell transfusion achieving Hb level above 10 g/dl might contribute to the improvement of the KPS and QOL seen in patients with AGC.,Support
2157,AbstRCT_neoplasm_17690882,KPS was improved from baseline to post-chemotherapy in both arms.,Red blood cell transfusion achieving Hb level above 10 g/dl might contribute to the improvement of the KPS and QOL seen in patients with AGC.,Support
2158,AbstRCT_neoplasm_17690882,"Eighteen patients experienced brief and reversible adverse events during transfusion, including two patients with acute pulmonary edema.",Red blood cell transfusion achieving Hb level above 10 g/dl might contribute to the improvement of the KPS and QOL seen in patients with AGC.,Support
2159,AbstRCT_neoplasm_17690882,"Similar response rates were observed in both arms (arm 1, 30%; arm 2, 35%).","The observation of equivalent outcomes at the two target Hb levels supports the feasibility of anemia correction to Hb 10 g/dl, which merits further evaluation",Support
2160,AbstRCT_neoplasm_17690882,"Both arms showed similar chemotherapy duration (3.8 and 4.1 months, respectively), progression-free survival (4.0 and 4.1 months) and overall survival (9.9 and 9.3 months).","The observation of equivalent outcomes at the two target Hb levels supports the feasibility of anemia correction to Hb 10 g/dl, which merits further evaluation",Support
2161,AbstRCT_neoplasm_21905158,"The PA group showed significant improvements in fitness at 3, 6, and 12 months versus the control group.","A home-based intervention improved survivors' PA and motivational readiness at 3 months and increased submaximal aerobic fitness at 3, 6, and 12 months.",Support
2162,AbstRCT_neoplasm_21905158,Improvements in motivational readiness for PA were reported in the PA group only at 3 months.,"A home-based intervention improved survivors' PA and motivational readiness at 3 months and increased submaximal aerobic fitness at 3, 6, and 12 months.",Support
2163,AbstRCT_neoplasm_21905158,but the group differences were attenuated over time.,"The PA group reported significant increases in minutes of PA at 3 months (7-day PAR) and caloric expenditure (CHAMPS) compared with the control group,",Partial-Attack
2164,AbstRCT_neoplasm_21905158,"The PA group reported significant increases in minutes of PA at 3 months (7-day PAR) and caloric expenditure (CHAMPS) compared with the control group,","A home-based intervention improved survivors' PA and motivational readiness at 3 months and increased submaximal aerobic fitness at 3, 6, and 12 months.",Support
2165,AbstRCT_neoplasm_20600809,"No between group differences were observed in QOL, treatment delay, or clinically-rated toxicities.","Effects of HT on toxicities, treatment delay, QOL, and fatigue were not observed.",Support
2166,AbstRCT_neoplasm_20600809,HT patients showed greater decreases in two different indicators of depressed mood (CES-D depressed mood subscale and POMS depression scale) compared to RT and UC (group by time interactions: p<0.05).,HT may benefit cervical cancer patients by moderating effects of chemoradiation on depressed mood and cellular immunity.,Support
2167,AbstRCT_neoplasm_20600809,HT patients had a minimal decrease in natural killer cell cytotoxicity (NKCC) over the course of treatment whereas NKCC of RT and UC patients declined sharply during chemoradiation (group by time interaction: p = 0.018).,HT may benefit cervical cancer patients by moderating effects of chemoradiation on depressed mood and cellular immunity.,Support
2168,AbstRCT_neoplasm_12711121,"Compared to PV, a significantly larger number of GEM-patients had better scores for 'constitutional' items such as anorexia (P=0.007), ability to carry on with daily activities (P=0.04) and overall impression of quality-of-life (P=0.008).","GEM is equally effective in controlling 'disease-specific' symptoms, but superior in controlling 'constitutional' symptoms.",Support
2169,AbstRCT_neoplasm_12711121,Both patients with objective response and disease stabilisation had clearly better symptom control than those with disease progression.,Both GEM and PV yield a symptom control rate much higher than expected by the objective tumour RR.,Support
2170,AbstRCT_neoplasm_12711121,"Symptom control in both arms was similar for 'disease-specific' symptoms such as cough, dyspnea, pain or haemoptysis.",Both GEM and PV yield a symptom control rate much higher than expected by the objective tumour RR.,Support
2171,AbstRCT_neoplasm_16462503,Radiotherapy initially caused a worsening of fatigue but with time fatigue levels returned to baseline,there was the suggestion the multiple sessions may have contributed to worse fatigue during active cancer treatment.,Support
2172,AbstRCT_neoplasm_16462503,"but there were no statistically significant differences found at baseline and weeks 4, 8, and 27 except for SDS at week 8 (P = 0.018) with less patients reporting significant fatigue in the standard treatment arm.","Most of scores indicated less fatigue (higher score) in the standard treatment group,",Partial-Attack
2173,AbstRCT_neoplasm_16462503,"Most of scores indicated less fatigue (higher score) in the standard treatment group,","Clinically, this structured multidisciplinary intervention had no impact on fatigue,",Partial-Attack
2174,AbstRCT_neoplasm_16462503,"For the entire participant population, fatigue levels initially worsened with radiotherapy, stabilized at week 8, and returned to baseline by week 27.","Clinically, this structured multidisciplinary intervention had no impact on fatigue,",Support
2175,AbstRCT_neoplasm_16462503,"Disease site, chemotherapy use, and radiotherapy dose did not have a significant impact on fatigue levels.","Clinically, this structured multidisciplinary intervention had no impact on fatigue,",Support
2176,AbstRCT_neoplasm_12657097,"complete response rate of PSA (13% compared to 57%, P = 0.028) and rate of downsizing of prostate volume (mean, -17.7% compared to -35.4%, P = 0.038) were significantly lower in the flutamide group than in the LHRH group.",This study suggests that flutamide monotherapy can be an acceptable modality as an option for neoadjuvant hormone therapy.,Support
2177,AbstRCT_neoplasm_12657097,"Serum testosterone level was significantly higher (mean 359.2 compared to 10.5, P < 0.001),",This study suggests that flutamide monotherapy can be an acceptable modality as an option for neoadjuvant hormone therapy.,Support
2178,AbstRCT_neoplasm_12657097,"After neoadjuvant hormone therapy, the scores on the sexual problem domain of EORTC-P (P = 0.033) and sexual desire score of SMUF (P = 0.021) were significantly higher in the flutamide group than in the LHRH group.",This study suggests that flutamide monotherapy can be an acceptable modality as an option for neoadjuvant hormone therapy.,Support
2179,AbstRCT_neoplasm_12657097,"At a median follow-up of 34 months after prostatectomy, biochemical failure-free survival rate in the flutamide group did not differ from that in the LHRH group.",This study suggests that flutamide monotherapy can be an acceptable modality as an option for neoadjuvant hormone therapy.,Support
2180,AbstRCT_neoplasm_24246508,"except for the bodily pain domain, four months after lung cancer surgery.","Supervised compared to unsupervised exercise training resulted in no improvement in health-related quality of life,",Partial-Attack
2181,AbstRCT_neoplasm_24246508,We found no effect of the intervention on 6MWT or lung volumes at any time-point.,No effects of the intervention were found for any outcome after one year.,Support
2182,AbstRCT_neoplasm_24246508,"Supervised compared to unsupervised exercise training resulted in no improvement in health-related quality of life,",No effects of the intervention were found for any outcome after one year.,Support
2183,AbstRCT_neoplasm_24246508,"At 12 months, the tendency was reversed, with the CG presenting overall slightly better measures.","We found a statistically significant effect after four months in the bodily pain domain of SF36, with an estimated mean difference (EMD) of 15.3 (95% CI:4 to 26.6, p=0.01) and a trend in favour of the intervention for role physical functioning (EMD 12.04, 95% CI: -1 to 25.1, p=0.07) and physical component summary (EMD 3.76, 95% CI:-0.1 to 7.6, p=0.06).",Attack
2184,AbstRCT_neoplasm_24246508,"We found a statistically significant effect after four months in the bodily pain domain of SF36, with an estimated mean difference (EMD) of 15.3 (95% CI:4 to 26.6, p=0.01) and a trend in favour of the intervention for role physical functioning (EMD 12.04, 95% CI: -1 to 25.1, p=0.07) and physical component summary (EMD 3.76, 95% CI:-0.1 to 7.6, p=0.06).",No effects of the intervention were found for any outcome after one year.,Attack
2185,AbstRCT_neoplasm_18520802,but the results with respect to progression-free survival and overall survival were comparable and the PPX regimen was more convenient.,"PPX/carboplatin failed to provide superior survival compared with paclitaxel/carboplatin in the first-line treatment of PS 2 patients with NSCLC,",Partial-Attack
2186,AbstRCT_neoplasm_18520802,"Median and 1-year survival rates were 7.9 months and 31%, for PPX versus 8 months and 31% for paclitaxel.","PPX/carboplatin failed to provide superior survival compared with paclitaxel/carboplatin in the first-line treatment of PS 2 patients with NSCLC,",Support
2187,AbstRCT_neoplasm_18520802,"Overall survival was similar between treatment arms (hazard ratio, 0.97; log rank p = 0.769).","PPX/carboplatin failed to provide superior survival compared with paclitaxel/carboplatin in the first-line treatment of PS 2 patients with NSCLC,",Support
2188,AbstRCT_neoplasm_18520802,There was no significant difference in the incidence of hypersensitivity reactions despite the absence of routine premedication in the PPX arm.,"PPX/carboplatin failed to provide superior survival compared with paclitaxel/carboplatin in the first-line treatment of PS 2 patients with NSCLC,",Support
2189,AbstRCT_neoplasm_18520802,"Alopecia, arthralgias/myalgias, and cardiac events were significantly less frequent with PPX/carboplatin, whereas grade > or =3 neutropenia and grade 3 neuropathy showed a trend of worsening.","PPX/carboplatin failed to provide superior survival compared with paclitaxel/carboplatin in the first-line treatment of PS 2 patients with NSCLC,",Support
2190,AbstRCT_neoplasm_18448745,"In this small study, CDB-2914 was well-tolerated without serious adverse events.","Thus, there may be a role for CDB-2914 in the treatment of leiomyomata.",Support
2191,AbstRCT_neoplasm_18448745,No serious adverse events were reported.,"In this small study, CDB-2914 was well-tolerated without serious adverse events.",Support
2192,AbstRCT_neoplasm_18448745,CDB-2914 treatment resulted in improvements in the concern subscale of the Uterine Fibroid Symptom Quality of Life assessment.,"Thus, there may be a role for CDB-2914 in the treatment of leiomyomata.",Support
2193,AbstRCT_neoplasm_18448745,"Compared with PLC, CDB-2914 significantly reduced leiomyoma volume after three cycles, or 90-102 days.","Thus, there may be a role for CDB-2914 in the treatment of leiomyomata.",Support
2194,AbstRCT_neoplasm_23598172,investigator-assessed PFS remained longer in the axitinib group compared with the sorafenib group.,These results establish axitinib as a second-line treatment option for patients with metastatic renal cell carcinoma.,Support
2195,AbstRCT_neoplasm_23598172,but decreased at end-of-treatment.,"Patient-reported outcomes scores were similar in the treatment groups at baseline, were maintained during treatment,",Partial-Attack
2196,AbstRCT_neoplasm_23598172,"Median investigator-assessed PFS was 8.3 months (95% CI 6.7-9.2) with axitinib and 5·7 months (4.7-6.5) with sorafenib (HR 0.656, 95% CI 0.552-0.779; one-sided p<0.0001).",investigator-assessed PFS remained longer in the axitinib group compared with the sorafenib group.,Support
2197,AbstRCT_neoplasm_23598172,"Median overall survival was 20.1 months (95% CI 16.7-23.4) with axitinib and 19.2 months (17.5-22.3) with sorafenib (hazard ratio [HR] 0.969, 95% CI 0.800-1.174; one-sided p=0.3744).","overall survival, a secondary endpoint for the study, did not differ between the two groups,",Support
2198,AbstRCT_neoplasm_23598172,"overall survival, a secondary endpoint for the study, did not differ between the two groups,",These results establish axitinib as a second-line treatment option for patients with metastatic renal cell carcinoma.,Partial-Attack
2199,AbstRCT_neoplasm_23598172,"Patient-reported outcomes scores were similar in the treatment groups at baseline, were maintained during treatment,",These results establish axitinib as a second-line treatment option for patients with metastatic renal cell carcinoma.,Support
2200,AbstRCT_neoplasm_23598172,"Common grade 3 or higher treatment-related adverse events were hypertension (60 [17%]), diarrhoea (40 [11%]), and fatigue (37 [10%]) in 359 axitinib-treated patients and hand-foot syndrome (61 [17%]), hypertension (43 [12%]), and diarrhoea (27 [8%]) in 355 sorafenib-treated patients.",These results establish axitinib as a second-line treatment option for patients with metastatic renal cell carcinoma.,Support
2201,AbstRCT_neoplasm_23598172,"In a post-hoc 12-week landmark analysis, median overall survival was longer in patients with a diastolic blood pressure of 90 mm Hg or greater than in those with a diastolic blood pressure of less than 90 mm Hg: 20.7 months (95% CI 18.4-24.6) versus 12.9 months (10.1-20.4) in the axitinib group (p=0.0116), and 20.2 months (17.1-32.0) versus 14.8 months (12.0-17.7) in the sorafenib group (one-sided p=0.0020).","overall survival, a secondary endpoint for the study, did not differ between the two groups,",Support
2202,AbstRCT_neoplasm_8839553,This trial failed to demonstrate that the addition of surgery to radiation therapy improved outcome of patients with a single brain metastasis.,"Thus, the efficacy of surgery plus radiation compared with radiation alone needs to be addressed by further clinical trials and/or a meta-analysis.",Support
2203,AbstRCT_neoplasm_8839553,No difference in survival was detected between the groups;,This trial failed to demonstrate that the addition of surgery to radiation therapy improved outcome of patients with a single brain metastasis.,Support
2204,AbstRCT_neoplasm_8839553,"the median survival for the radiation group was 6.3 months (95% confidence interval, 3-11.4) compared with 5.6 months for the surgery plus radiation group (95% confidence interval, 3.9-7.2) (P = 0.24).",No difference in survival was detected between the groups;,Support
2205,AbstRCT_neoplasm_8839553,Most patients died within the first year (69.8% in the radiation arm vs. 87.8% in the surgery plus radiation arm).,This trial failed to demonstrate that the addition of surgery to radiation therapy improved outcome of patients with a single brain metastasis.,Support
2206,AbstRCT_neoplasm_8839553,"There were no significant differences in the 30-day mortality, morbidity, or causes of death.",This trial failed to demonstrate that the addition of surgery to radiation therapy improved outcome of patients with a single brain metastasis.,Support
2207,AbstRCT_neoplasm_8839553,The mean proportion of days that the Karnofsky performance status was > or = 70% did not differ between the 2 groups.,This trial failed to demonstrate that the addition of surgery to radiation therapy improved outcome of patients with a single brain metastasis.,Support
2208,AbstRCT_neoplasm_10526263,"After 5 years, 18 of the 47 patients who received chemotherapy and 15 of the 48 patients who received irradiation were still alive and tumor free.",the survival rates were by-and-large the same for the two groups.,Support
2209,AbstRCT_neoplasm_10526263,A few more patients had died of recurrence or regional metastasis in the chemotherapy group (23 patients) than in the irradiation group (20 patients).,the survival rates were by-and-large the same for the two groups.,Support
2210,AbstRCT_neoplasm_10526263,"Regarding postoperative quality of life, the chemotherapy group presented a more favorable picture.","Regarding postoperative quality of life, patients who underwent intra-arterial chemotherapy appeared to be in a slightly more favorable situation.",Support
2211,AbstRCT_neoplasm_10526263,the survival rates were by-and-large the same for the two groups.,The long term survival results subsequent to preoperative intra-arterial chemotherapy or preoperative radiotherapy were practically the same.,Support
2212,AbstRCT_neoplasm_21901389,"Secondary outcome improvements resulting in significant between-group contrasts favoring the MBSR group at 4 months included meaningfulness, depression, paranoid ideation, hostility, anxiety, unhappiness, and emotional control.","The MBSR intervention appears to benefit psychosocial adjustment in cancer patients, over and above the effects of usual care or a credible control condition.",Support
2213,AbstRCT_neoplasm_21901389,"Results tended to decline at 12 months and even more at 24 months, though at all times, they were as robust in women with lower expectation of effect as in those with higher expectation.","The MBSR intervention appears to benefit psychosocial adjustment in cancer patients, over and above the effects of usual care or a credible control condition.",Partial-Attack
2214,AbstRCT_neoplasm_21901389,"The MBSR intervention appears to benefit psychosocial adjustment in cancer patients, over and above the effects of usual care or a credible control condition.",The universality of effects across levels of expectation indicates a potential to utilize this stress reduction approach as complementary therapy in oncologic practice.,Support
2215,AbstRCT_neoplasm_16446335,"Although intervention participants maintained and actually improved their QOL during radiation therapy, control participants experienced a significant decrease in their QOL","Thus, a structured multidisciplinary intervention can help maintain or even improve QOL in patients with advanced cancer who are undergoing cancer treatment.",Support
2216,AbstRCT_neoplasm_16446335,"Intervention participants maintained their QOL, and controls gradually returned to baseline by the end of the 6-month follow-up period.","Although intervention participants maintained and actually improved their QOL during radiation therapy, control participants experienced a significant decrease in their QOL",Support
2217,AbstRCT_neoplasm_16446335,This change reflected a 3-point increase from baseline in the intervention group and a 9-point decrease from baseline in the control group (P = .009).,"Although intervention participants maintained and actually improved their QOL during radiation therapy, control participants experienced a significant decrease in their QOL",Support
2218,AbstRCT_neoplasm_16446335,"Of the 103 participants, overall QOL at week 4 was maintained by the patients in the intervention (n = 49), whereas QOL at week 4 significantly decreased for patients in the control group (n = 54).","Although intervention participants maintained and actually improved their QOL during radiation therapy, control participants experienced a significant decrease in their QOL",Support
2219,AbstRCT_neoplasm_15251160,Significant improvements in the symptoms of fatigue and pain were also observed in the 6 mg ibandronate group.,"I.v. ibandronate treatment leads to significant improvements in quality of life, and is an effective and well-tolerated palliative treatment in patients with bone metastases due to breast cancer.",Support
2220,AbstRCT_neoplasm_15251160,Ibandronate was generally well tolerated.,"I.v. ibandronate treatment leads to significant improvements in quality of life, and is an effective and well-tolerated palliative treatment in patients with bone metastases due to breast cancer.",Support
2221,AbstRCT_neoplasm_15251160,"but was significantly reduced in the patients receiving 6 mg ibandronate (-0.28+/-1.11, P < 0.001).","Compared with baseline measurements, the bone pain score was increased at the last assessment in both the placebo and 2 mg ibandronate groups,",Partial-Attack
2222,AbstRCT_neoplasm_15251160,"Compared with baseline measurements, the bone pain score was increased at the last assessment in both the placebo and 2 mg ibandronate groups,","I.v. ibandronate treatment leads to significant improvements in quality of life, and is an effective and well-tolerated palliative treatment in patients with bone metastases due to breast cancer.",Support
2223,AbstRCT_neoplasm_15251160,A significant improvement in quality of life was demonstrated for patients treated with ibandronate (P < 0.05) for all global health status.,"I.v. ibandronate treatment leads to significant improvements in quality of life, and is an effective and well-tolerated palliative treatment in patients with bone metastases due to breast cancer.",Support
2224,AbstRCT_neoplasm_15251160,"Overall, at the last assessment, the 6 mg ibandronate group showed significantly better functioning compared with placebo (P = 0.004), and had significantly better scores on the domains of physical, emotional, and social functioning, and in global health status (P < 0.05).","I.v. ibandronate treatment leads to significant improvements in quality of life, and is an effective and well-tolerated palliative treatment in patients with bone metastases due to breast cancer.",Support
2225,AbstRCT_neoplasm_23788218,"In nondepressed patients who completed the trial, quality of life was also significantly better for 3 consecutive months after cessation of drug use in the escitalopram group.",These findings have important implications for the treatment of patients with head and neck cancer.,Support
2226,AbstRCT_neoplasm_23788218,"In nondepressed patients undergoing treatment for head and neck cancer, prophylactic escitalopram reduced the risk of developing depression by more than 50%.",These findings have important implications for the treatment of patients with head and neck cancer.,Support
2227,AbstRCT_neoplasm_23788218,Patients in the escitalopram group who completed the study and were not depressed rated their overall quality of life as significantly better for 3 consecutive months after cessation of drug use.,"In nondepressed patients who completed the trial, quality of life was also significantly better for 3 consecutive months after cessation of drug use in the escitalopram group.",Support
2228,AbstRCT_neoplasm_23788218,"Significantly fewer patients receiving escitalopram developed depression (24.6% in the placebo group vs 10.0% in the escitalopram group; stratified log-rank test, P = .04).","In nondepressed patients undergoing treatment for head and neck cancer, prophylactic escitalopram reduced the risk of developing depression by more than 50%.",Support
2229,AbstRCT_neoplasm_23788218,"Patients undergoing radiotherapy as the initial modality were significantly more likely to develop depression than those undergoing surgery (radiotherapy compared with surgery group; hazard ratio, 3.6; 95% CI, 1.38-9.40; P = .009).","In nondepressed patients undergoing treatment for head and neck cancer, prophylactic escitalopram reduced the risk of developing depression by more than 50%.",Support
2230,AbstRCT_neoplasm_18485819,The total number of hot flushes decreased from a mean of 79.4 (SD 37.4) per week before the procedure to a mean of 49.9 (SD 39.9) per week during the first 2 weeks after the procedure (p=0.0002).,The findings of this study suggest that stellate-ganglion block can provide survivors of breast cancer with relief from hot flushes and sleep dysfunction with few or no side-effects.,Support
2231,AbstRCT_neoplasm_18485819,"The total number of hot flushes continued to decrease over the remaining follow-up period (weeks 3-12), and stabilised at a mean of 8.1 (SD 5.6) per week (p<0.0001).",The findings of this study suggest that stellate-ganglion block can provide survivors of breast cancer with relief from hot flushes and sleep dysfunction with few or no side-effects.,Support
2232,AbstRCT_neoplasm_18485819,The number of very severe hot flushes was decreased to near zero by the end of the follow-up period (week 12; p<0.0001).,The findings of this study suggest that stellate-ganglion block can provide survivors of breast cancer with relief from hot flushes and sleep dysfunction with few or no side-effects.,Support
2233,AbstRCT_neoplasm_18485819,Night awakenings decreased from a mean of 19.5 (SD 14.8) per week before the procedure to a mean of 7.3 (SD 7.1) per week during the first 2 weeks after the procedure (p<0.0001).,The findings of this study suggest that stellate-ganglion block can provide survivors of breast cancer with relief from hot flushes and sleep dysfunction with few or no side-effects.,Support
2234,AbstRCT_neoplasm_18485819,The total number of night awakenings continued to decrease over the remaining follow-up period (weeks 3-12) and stabilised at a mean of 1.4 (SD 1.2) per week (p<0.0001).,The findings of this study suggest that stellate-ganglion block can provide survivors of breast cancer with relief from hot flushes and sleep dysfunction with few or no side-effects.,Support
2235,AbstRCT_neoplasm_18485819,The findings of this study suggest that stellate-ganglion block can provide survivors of breast cancer with relief from hot flushes and sleep dysfunction with few or no side-effects.,Long-term relief of symptoms has the potential to improve overall quality of life and increase compliance with anti-oestrogen medications for breast cancer.,Support
2236,AbstRCT_neoplasm_17852440,QW epoetin-alpha was found to be well tolerated.,"The once-weekly schedule is convenient, safe, and may reduce the burden on patients, parents, and their caregivers by reducing the number of visits to the clinic.",Support
2237,AbstRCT_neoplasm_17852440,"Among the 30 patients evaluable for hematologic response, the mean increase in Hb from baseline to time of final evaluation was 3.08 +/- 1.48 g/dl (p < 0.001).","Treatment with QW epoetin-alpha was found to increase Hb levels, decrease transfusion requirement, and improve functional status and QOL in anemic patients with ALL in maintenance receiving chemotherapy.",Support
2238,AbstRCT_neoplasm_17852440,"An increase in Hb of > or = 2 g/dl, in the absence of blood transfusion, occurred in 70% of patients (21 of 30 patients) who were on the study for > or = 30 days.","Treatment with QW epoetin-alpha was found to increase Hb levels, decrease transfusion requirement, and improve functional status and QOL in anemic patients with ALL in maintenance receiving chemotherapy.",Support
2239,AbstRCT_neoplasm_17852440,The overall response rate (Hb increase > or = 2 g/dl or Hb > or = 12 g/dl in the absence of blood transfusion) was 90% (27 of 30 patients).,"Treatment with QW epoetin-alpha was found to increase Hb levels, decrease transfusion requirement, and improve functional status and QOL in anemic patients with ALL in maintenance receiving chemotherapy.",Support
2240,AbstRCT_neoplasm_17852440,"Treatment with QW epoetin-alpha was found to increase Hb levels, decrease transfusion requirement, and improve functional status and QOL in anemic patients with ALL in maintenance receiving chemotherapy.","The once-weekly schedule is convenient, safe, and may reduce the burden on patients, parents, and their caregivers by reducing the number of visits to the clinic.",Support
2241,AbstRCT_neoplasm_17852440,"In 30 patients who were evaluable for QOL assessment, epoetin-alpha therapy was found to significantly (p < 0.001) improve mean cancer linear analog scale (CLAS) scores for energy level, ability to perform daily activity, and overall QOL from baseline to the time of final evaluation.","Treatment with QW epoetin-alpha was found to increase Hb levels, decrease transfusion requirement, and improve functional status and QOL in anemic patients with ALL in maintenance receiving chemotherapy.",Support
2242,AbstRCT_neoplasm_15226325,"although some clinically significant improvements in emotional functioning were seen, as well as a reduction in pain over time.","In both groups, selected aspects of HRQOL were impaired over time, with increased fatigue,",Partial-Attack
2243,AbstRCT_neoplasm_15226325,"In both groups, selected aspects of HRQOL were impaired over time, with increased fatigue,","Overall, global quality of life was maintained in both treatment groups.",Attack
2244,AbstRCT_neoplasm_15226325,there were no statistically significant differences in HRQOL between the two treatment groups.,"Overall, global quality of life was maintained in both treatment groups.",Support
2245,AbstRCT_neoplasm_24151326,"In secondary analyses not adjusted for multiple comparisons, HIGH was superior to STAN for the SF-36 physical component summary (P = .04), SF-36 bodily pain (P = .02), and endocrine symptoms (P = .02).",A higher volume of aerobic or combined exercise is achievable and safe during breast cancer chemotherapy and may manage declines in physical functioning and worsening symptoms better than standard volumes.,Support
2246,AbstRCT_neoplasm_24151326,COMB was superior to STAN for endocrine symptoms (P = .009) and superior to STAN (P < .001) and HIGH (P < .001) for muscular strength.,A higher volume of aerobic or combined exercise is achievable and safe during breast cancer chemotherapy and may manage declines in physical functioning and worsening symptoms better than standard volumes.,Support
2247,AbstRCT_neoplasm_24151326,HIGH was superior to COMB for the SF-36 bodily pain (P = .04) and aerobic fitness (P = .03).,A higher volume of aerobic or combined exercise is achievable and safe during breast cancer chemotherapy and may manage declines in physical functioning and worsening symptoms better than standard volumes.,Support
2248,AbstRCT_neoplasm_12004217,"because neorectal capacity decreased equally in both groups,",we speculate that the advantage of the colonic J-pouch is not in the creation of a larger neorectal reservoir but rather may be related to decreased motility.,Support
2249,AbstRCT_neoplasm_12004217,problems with continence for liquids or gas occurred less frequently in the colonic J-pouch group 6 months after surgery.,The colonic J-pouch was superior with regard to continence for gas and liquids compared with a straight coloanal anastomosis.,Support
2250,AbstRCT_neoplasm_12004217,The frequency of bowel movements was lower in the J-pouch group (2.5 per day) than in the coloanal group (4.7 per day).,stool frequency was significantly lower in the J-pouch group than in the coloanal reconstruction group.,Support
2251,AbstRCT_neoplasm_12004217,"in a manometric study at the same postoperative point, neorectal capacity was decreased to a similar degree in both groups compared with the preoperative rectal volume.",we speculate that the advantage of the colonic J-pouch is not in the creation of a larger neorectal reservoir but rather may be related to decreased motility.,Support
2252,AbstRCT_neoplasm_12004217,the expected and postulated reservoir effect could not be achieved by forming a 5-cm colonic J-pouch.,we speculate that the advantage of the colonic J-pouch is not in the creation of a larger neorectal reservoir but rather may be related to decreased motility.,Support
2253,AbstRCT_neoplasm_18591549,CBT was associated with mean reductions in wakefulness of 55 minutes per night compared with no change in TAU.,CBT for insomnia may be both clinically effective and feasible to deliver in real world practice.,Support
2254,AbstRCT_neoplasm_18591549,"CBT was associated with moderate to large effect sizes for five of seven QOL outcomes, including significant reduction in daytime fatigue.",CBT for insomnia may be both clinically effective and feasible to deliver in real world practice.,Support
2255,AbstRCT_neoplasm_18591549,"There was no significant interaction effect between any of these outcomes and baseline demographic, clinical, or sleep characteristics.",CBT for insomnia may be both clinically effective and feasible to deliver in real world practice.,Support
2256,AbstRCT_neoplasm_20733132,"The addition of gemcitabine to carboplatin plus paclitaxel increased treatment burden, reduced PFS time, and did not improve OS in patients with advanced epithelial ovarian cancer.","Therefore, we recommend no additional clinical use of TCG in this population.",Support
2257,AbstRCT_neoplasm_20733132,"Median OS was 49.5 for the TCG arm and 51.5 months for the TC arm (HR, 1.05; 95% CI, 0.91 to 1.20; P = .5106).","The addition of gemcitabine to carboplatin plus paclitaxel increased treatment burden, reduced PFS time, and did not improve OS in patients with advanced epithelial ovarian cancer.",Support
2258,AbstRCT_neoplasm_20733132,"Median PFS was 17.8 months for the TCG arm and 19.3 months for the TC arm (hazard ratio [HR], 1.18; 95% CI, 1.06 to 1.32; P = .0044).","The addition of gemcitabine to carboplatin plus paclitaxel increased treatment burden, reduced PFS time, and did not improve OS in patients with advanced epithelial ovarian cancer.",Support
2259,AbstRCT_neoplasm_20733132,this did not translate into improved progression-free survival (PFS) or overall survival (OS).,"Although objective response was slightly higher in the TCG arm,",Partial-Attack
2260,AbstRCT_neoplasm_20733132,quality-of-life analysis during chemotherapy showed a disadvantage in the TCG arm.,"Therefore, we recommend no additional clinical use of TCG in this population.",Support
2261,AbstRCT_neoplasm_20733132,Grades 3 to 4 hematologic toxicity and fatigue occurred more frequently in the TCG arm.,quality-of-life analysis during chemotherapy showed a disadvantage in the TCG arm.,Support
2262,AbstRCT_neoplasm_20697941,"XZP was better in improving patients' QOL, showing more significant improvements in the treatment group than those in the control group in aspects of mental condition, walking capacity, working capacity, social acceptability, sleep and joy of living (P<0.05 or P<0.01).","Applying an external compress: of XZP showed a synergistic action with 3L analgesia for shortening the initiating time and the optimal effect revealing time, and could evidently enhance patients' QOL with fewer adverse reactions.",Support
2263,AbstRCT_neoplasm_20697941,but the analgesia initiating time and the optimal analgesia effect revealing time in the treatment group were significantly shorter (both P<0.01).,"The total effective rate in the treatment group was: 84.38% (54/64), and in the control group it was 88.33% (53/60), showing no significant difference between them (P>0.05),",Partial-Attack
2264,AbstRCT_neoplasm_20697941,"The total effective rate in the treatment group was: 84.38% (54/64), and in the control group it was 88.33% (53/60), showing no significant difference between them (P>0.05),","Applying an external compress: of XZP showed a synergistic action with 3L analgesia for shortening the initiating time and the optimal effect revealing time, and could evidently enhance patients' QOL with fewer adverse reactions.",Attack
2265,AbstRCT_neoplasm_20697941,"Lower incidence of adverse reactions, such as nausea, vomiting, mouth dryness, dizziness, etc., especially constipation, was noted in the treatment group (P<0.05 or P<0.01).","Applying an external compress: of XZP showed a synergistic action with 3L analgesia for shortening the initiating time and the optimal effect revealing time, and could evidently enhance patients' QOL with fewer adverse reactions.",Support
2266,AbstRCT_neoplasm_15284262,"although a disproportionate number of patients (cisplatin, n = 50; C+P, n = 33) dropped out of the QOL component, presumably because of increasing disease, deteriorating health status, or early death.","There was no significant difference in QOL scores,",Partial-Attack
2267,AbstRCT_neoplasm_15284262,"There was no significant difference in QOL scores,",C+P is superior to cisplatin alone with respect to response rate and PFS with sustained QOL.,Support
2268,AbstRCT_neoplasm_15284262,"The median PFS was 2.8 and 4.8 months, respectively, for cisplatin versus C+P (P < .001).",C+P is superior to cisplatin alone with respect to response rate and PFS with sustained QOL.,Support
2269,AbstRCT_neoplasm_15284262,Objective responses occurred in 19% (6% complete plus 13% partial) of patients receiving cisplatin versus 36% (15% complete plus 21% partial) receiving C+P (P = .002).,C+P is superior to cisplatin alone with respect to response rate and PFS with sustained QOL.,Support
2270,AbstRCT_neoplasm_23735703,"There was no difference between GP and TC in 3-year OS (HR=0.97 [95% confidence interval (CI): 0.76-1.25], p=0.80) or response rates.",This study failed to demonstrate any difference in survival between patients receiving preoperative and perioperative chemotherapy in early-stage NSCLC.,Support
2271,AbstRCT_neoplasm_23735703,"Pathological complete response was observed in 22 (8.2%) and 16 patients (6.1%), respectively.",The increase from two to four preoperative chemotherapy cycles did not increase the pathological response rate.,Support
2272,AbstRCT_neoplasm_21911723,"Older age (P = .02), tumor size (P = .001), nodal status (P = .01), high C-peptide levels (P < .001), and higher body mass index (BMI) in models excluding C-peptide (P < .001) were associated with poorer EFS in multivariate analysis.",High C-peptide levels (surrogate for insulin secretion rate) and high BMI were associated with poor outcome.,Support
2273,AbstRCT_neoplasm_21911723,"At 4 months, TAM-OCT had significantly (P < .001) lowered IGF-1, IGF binding protein 3, and C-peptide levels.",octreotide would lower insulin and IGF-1 levels and reduce risk of breast cancer recurrence.,Support
2274,AbstRCT_neoplasm_21911723,"Among patients with normal baseline gallbladder imaging, cholecystectomy was required in 23.0% of those receiving TAM-OCT but in only 1.4% of those receiving TAM (P < .001).",Octreotide did not add significant clinical benefit.,Support
2275,AbstRCT_neoplasm_21911723,"Adjusted hazard ratios (HRs; TAM-OCT to TAM) were 0.93 for EFS (95% CI, 0.71 to 1.22; P = .62), 0.84 for RFS (95% CI, 0.59 to 1.18; P = .31), and 0.97 for OS (95% CI, 0.69 to 1.37; P = .86).",Octreotide did not add significant clinical benefit.,Support
2276,AbstRCT_neoplasm_24038913,Analysis of QOL outcomes with a median length of follow-up of 15.1 years (9.5-19.2) showed comparable results.,QOL and survival data were similar for the two groups.,Support
2277,AbstRCT_neoplasm_16524633,but like other toxicity scoring systems it has not been formally validated.,"The observer-based toxicity scoring system used by DAHANCA (the Danish head and neck cancer study group) has proved itself sensitive to differences in toxicity in a large randomised study,",Partial-Attack
2278,AbstRCT_neoplasm_16524633,"This weakness seems inherent in an observer-based scoring system, and will probably also apply to newer ones like CTCAE 3.0.",The DAHANCA toxicity score is an effective instrument in assessing objective treatment induced toxicity in head and neck cancer patients but insensitive and non-specific with regard to patient assessed subjective endpoints.,Partial-Attack
2279,AbstRCT_neoplasm_16524633,The DAHANCA toxicity scoring system and the EORTC QLQ correlated with several clinical endpoints.,The DAHANCA toxicity score is an effective instrument in assessing objective treatment induced toxicity in head and neck cancer patients but insensitive and non-specific with regard to patient assessed subjective endpoints.,Support
2280,AbstRCT_neoplasm_16524633,The conceptually similar endpoints of the two methods correlated significantly.,The DAHANCA toxicity scoring system and the EORTC QLQ correlated with several clinical endpoints.,Support
2281,AbstRCT_neoplasm_16524633,The objective endpoints of the DAHANCA scoring system were only correlated with quality of life endpoints to a very low degree.,The DAHANCA toxicity score is an effective instrument in assessing objective treatment induced toxicity in head and neck cancer patients but insensitive and non-specific with regard to patient assessed subjective endpoints.,Support
2282,AbstRCT_neoplasm_16524633,The DAHANCA toxicity scores had a low sensitivity (0.48-0.74) in detecting equivalent subjective complaints from the questionnaires and the observer-based scoring system severely underestimated patient complaints.,The DAHANCA toxicity score is an effective instrument in assessing objective treatment induced toxicity in head and neck cancer patients but insensitive and non-specific with regard to patient assessed subjective endpoints.,Support
2283,AbstRCT_neoplasm_16524633,A specific patient group where the DAHANCA score had a higher tendency to fail could not be detected.,The DAHANCA toxicity score is an effective instrument in assessing objective treatment induced toxicity in head and neck cancer patients but insensitive and non-specific with regard to patient assessed subjective endpoints.,Support
2284,AbstRCT_neoplasm_16490846,it is possible that MMS may become a cost-effective treatment for recurrent BCC.,"At present, it does not seem cost-effective to introduce MMS on a large scale for both primary and recurrent BCC.",Partial-Attack
2285,AbstRCT_neoplasm_16490846,because a 5-year period is normally required to determine definite recurrence rates,it is possible that MMS may become a cost-effective treatment for recurrent BCC.,Support
2286,AbstRCT_neoplasm_16490846,"For primary BCC, the incremental cost-effectiveness ratio was 29,231 euros, while the ratio for recurrent BCC amounted to 8094 euros.","At present, it does not seem cost-effective to introduce MMS on a large scale for both primary and recurrent BCC.",Support
2287,AbstRCT_neoplasm_16490846,"The acceptability curves showed that for these ratios, the probability of MMS being more cost-effective than surgical excision never reached 50%.","At present, it does not seem cost-effective to introduce MMS on a large scale for both primary and recurrent BCC.",Support
2288,AbstRCT_neoplasm_16490846,"Compared with surgical excision, the total treatment costs of MMS are significantly higher (cost difference: primary BCC, 254 euros; 95% confidence interval, 181-324 euros; recurrent BCC, 249 euros; 95% confidence interval, 175-323 euros).","At present, it does not seem cost-effective to introduce MMS on a large scale for both primary and recurrent BCC.",Support
2289,AbstRCT_neoplasm_23771714,"Although, noninferiority of XP to EP was formally not proven,",first-line XP was active and feasible.,Partial-Attack
2290,AbstRCT_neoplasm_23771714,first-line XP was active and feasible.,"XP is a valid first-line alternative to anthracycline/taxane regimens, especially in patients previously treated with adjuvant anthracyclines.",Support
2291,AbstRCT_neoplasm_23771714,There were no major differences in QoL.,"XP is a valid first-line alternative to anthracycline/taxane regimens, especially in patients previously treated with adjuvant anthracyclines.",Support
2292,AbstRCT_neoplasm_23771714,Both regimens were tolerable: there were more grade 3/4 diarrhea and grade 3 hand-foot syndromes with XP and more grade 3/4 hematologic toxicities with EP.,"XP is a valid first-line alternative to anthracycline/taxane regimens, especially in patients previously treated with adjuvant anthracyclines.",Support
2293,AbstRCT_neoplasm_23771714,"Overall survival was also similar [HR 1.027 (95 % CI 0.740-1.424); median 22.0 vs. 26.1 months], and response rate was 47 % versus 42 %.",first-line XP was active and feasible.,Support
2294,AbstRCT_neoplasm_23771714,PFS was similar in the two arms [HR: XP vs. EP: 1.012 (95 % CI 0.785-1.304); median 10.4 months XP vs. 9.2 months EP].,first-line XP was active and feasible.,Support
2295,AbstRCT_neoplasm_8648360,"However, general QL in the present study was not measurably influenced by MPA treatment.","In weight-losing, advanced-stage non-hormone-sensitive cancer patients, MPA exhibits a mild side effects profile, has a beneficial effect on appetite, and may prevent further weight loss.",Partial-Attack
2296,AbstRCT_neoplasm_8648360,The side effects profile of MPA was favorable: only a trend toward an increase in (usually mild) peripheral edema was observed.,"In weight-losing, advanced-stage non-hormone-sensitive cancer patients, MPA exhibits a mild side effects profile, has a beneficial effect on appetite, and may prevent further weight loss.",Support
2297,AbstRCT_neoplasm_8648360,"With the exception of an improvement in appetite and possible also a reduction in nausea and vomiting, no measurable beneficial effects of MPA on QL could be demonstrated.","However, general QL in the present study was not measurably influenced by MPA treatment.",Support
2298,AbstRCT_neoplasm_8648360,This difference of 2.0 kg was statistically significant (P = .04).,"After 12 weeks, a mean weight gain of 0.6 +/- 4.4 kg was seen in the MPA, versus an ongoing mean weight loss of 1.4 +/- 4.6 kg in the placebo group.",Support
2299,AbstRCT_neoplasm_8648360,"After 12 weeks, a mean weight gain of 0.6 +/- 4.4 kg was seen in the MPA, versus an ongoing mean weight loss of 1.4 +/- 4.6 kg in the placebo group.","In weight-losing, advanced-stage non-hormone-sensitive cancer patients, MPA exhibits a mild side effects profile, has a beneficial effect on appetite, and may prevent further weight loss.",Support
2300,AbstRCT_neoplasm_8648360,A beneficial effect of MPA on appetite was observed after both 6 weeks (P = .008) and 12 weeks (P = .01) of treatment.,"In weight-losing, advanced-stage non-hormone-sensitive cancer patients, MPA exhibits a mild side effects profile, has a beneficial effect on appetite, and may prevent further weight loss.",Support
2301,AbstRCT_neoplasm_8648360,"During the study, several areas of QL deteriorated in the total group of patients.","With the exception of an improvement in appetite and possible also a reduction in nausea and vomiting, no measurable beneficial effects of MPA on QL could be demonstrated.",Support
2302,AbstRCT_neoplasm_10210927,octreotide therapy seems to confer a survival benefit and a better quality of life in advanced pancreatic tumour.,"octreotide, the long acting somatostatin analogue, improves survival of animals with pancreatic cancer.",Support
2303,AbstRCT_neoplasm_10210927,"The patients treated with octreotide showed a significant advantage in quality of life (restored appetite, improvement of digestion and intestine function, remission of abdominal pain and preservation of baseline body weight) with a mean > 80 of karnofsky performance score.",octreotide therapy seems to confer a survival benefit and a better quality of life in advanced pancreatic tumour.,Support
2304,AbstRCT_neoplasm_10210927,survival was better in treated patients,octreotide therapy seems to confer a survival benefit and a better quality of life in advanced pancreatic tumour.,Support
2305,AbstRCT_neoplasm_8683634,since the improved outcome in terms of delayed recurrence and increased survival balances the time spent with early and late toxic effects.,"Use of combined chemotherapy and radiation therapy as an adjuvant to surgery for patients with poor-prognosis resectable rectal cancer is justified,",Support
2306,AbstRCT_neoplasm_8683634,"In the 5 years following assignment to treatment, patients who received the combined therapy had more time with toxicity (3.1 months; 95% CI = 2.0-4.1 months), shorter survival after relapse (3.6 months less; 95% CI = 0.9-6.3 months less), and more TWiST (6.1 months; 95% CI = 0.2-12.0 months) than patients who received adjuvant radiation therapy alone.","Despite an increase in the amount of time that individuals spent with early and late toxic effects, the Q-TWiST analysis indicated that the combined therapy conferred significantly greater benefit for a wide range of patient preferences about living with the toxicity of treatment or the symptoms of overt disease.",Support
2307,AbstRCT_neoplasm_8683634,"As reported previously, the combined therapy reduced the risk of relapse by 34% (95% confidence interval [CI] = 12%-50%; P = .0016) and reduced the overall death rate by 29% (95% CI = 7%-45%; P = .025) in comparison with adjuvant radiation therapy alone.","Use of combined chemotherapy and radiation therapy as an adjuvant to surgery for patients with poor-prognosis resectable rectal cancer is justified,",Support
2308,AbstRCT_neoplasm_23768153,"however, this difference was not statistically significant (p = 0.122; 95% confidence interval -15.8, 122.0).","Participants in the intervention group reported, on average, 53 fewer days of sick leave over the first 6 months post-surgery than those in the control group;",Attack
2309,AbstRCT_neoplasm_23768153,but more research about the exact components of a VR intervention and choice of outcomes to measure effectiveness is required.,"Conducting a pragmatic trial of effectiveness of a VR intervention among cancer survivors is both feasible and acceptable,",Partial-Attack
2310,AbstRCT_neoplasm_23768153,"Interviews with trial participants indicated that trial procedures, including recruitment, randomisation and research instruments, were acceptable.","Conducting a pragmatic trial of effectiveness of a VR intervention among cancer survivors is both feasible and acceptable,",Support
2311,AbstRCT_neoplasm_23768153,"Participants in the intervention group reported, on average, 53 fewer days of sick leave over the first 6 months post-surgery than those in the control group;","Conducting a pragmatic trial of effectiveness of a VR intervention among cancer survivors is both feasible and acceptable,",Support
2312,AbstRCT_neoplasm_12783373,"After crossing over from IFN to imatinib, patients experienced a significant (P <.001) increase in TOI scores.",patients who crossed over to imatinib reported higher QoL than those who remained on IFN.,Support
2313,AbstRCT_neoplasm_12783373,"Mean social/family and EWB scores were 22.8 and 19.5, respectively, for imatinib and 21.6 and 17.6, respectively, for IFN (P <.001, ITT).",Imatinib offers clear QoL advantages over IFN as first-line treatment of chronic-phase CML.,Support
2314,AbstRCT_neoplasm_12783373,"There was a significant decline in TOI scores for the IFN treatment arm compared with preservation of baseline TOI scores in the imatinib arm (P <.001, ITT).",Imatinib offers clear QoL advantages over IFN as first-line treatment of chronic-phase CML.,Support
2315,AbstRCT_neoplasm_24127364,The median time to deterioration was 1.6 months versus 1.1 months for GHS (P =.02) and 5.6 months versus 1.7 months for PF (P <.0001) favoring CET/placebo.,"Compared with CET/placebo, the combination of CET/BRIV worsened time to QoL deterioration for patients with K-RAS wild-type, chemotherapy-refractory, metastatic colorectal cancer on the PF and GHS scales of European Organization for Research and Treatment of Cancer Quality of Life Questionnaire C30.",Support
2316,AbstRCT_neoplasm_24127364,"Secondary analysis favored CET/placebo for QOL response on the PF, Cognitive Function, Fatigue, Nausea, Appetite, and Diarrhea scales.","Compared with CET/placebo, the combination of CET/BRIV worsened time to QoL deterioration for patients with K-RAS wild-type, chemotherapy-refractory, metastatic colorectal cancer on the PF and GHS scales of European Organization for Research and Treatment of Cancer Quality of Life Questionnaire C30.",Support
2317,AbstRCT_neoplasm_24127364,This result may be due to higher rates of fatigue and gastrointestinal adverse events.,"Compared with CET/placebo, the combination of CET/BRIV worsened time to QoL deterioration for patients with K-RAS wild-type, chemotherapy-refractory, metastatic colorectal cancer on the PF and GHS scales of European Organization for Research and Treatment of Cancer Quality of Life Questionnaire C30.",Partial-Attack
2318,AbstRCT_neoplasm_24127364,"Clinical adverse events of ≥ grade 3 were more common with CET/BRIV than with CET/placebo, including fatigue (25% vs 11%), hypertension, rash, diarrhea, abdominal pain, dehydration, and anorexia.",This result may be due to higher rates of fatigue and gastrointestinal adverse events.,Support
2319,AbstRCT_neoplasm_20809177,These values differed significantly among the groups (P = .007).,"The dysfunction score was 58.9 ± 15.0 after distal gastrectomy, 66.8 ± 14.1 after total gastrectomy, and 62.4 ± 21.6 after pylorus-preserving gastrectomy.",Attack
2320,AbstRCT_neoplasm_20809177,"Dysfunction scores according to postoperative activity status were 49.1 ± 15.6 in 71 patients who resumed their activities, 56.9 ± 15.7 in 39 patients with reduced activities, 57.3 ± 8.8 in 15 patients with minimal activities, and 63.3 ± 11.8 (P < .05) in 16 patients who did not resume activities because of poor physical condition.",This scoring system for postoperative gastrointestinal dysfunction provides an objective measure of dysfunction related to specific surgical procedures and correlates with activities of daily living in the postoperative period.,Support
2321,AbstRCT_neoplasm_20809177,"The dysfunction score was 58.9 ± 15.0 after distal gastrectomy, 66.8 ± 14.1 after total gastrectomy, and 62.4 ± 21.6 after pylorus-preserving gastrectomy.",This scoring system for postoperative gastrointestinal dysfunction provides an objective measure of dysfunction related to specific surgical procedures and correlates with activities of daily living in the postoperative period.,Support
2322,AbstRCT_neoplasm_23820680,"Nausea and vomiting is the only notable symptom that was worse in whole stomach group at the time of 2 years after surgery,",patients in whole stomach group suffered more severe nausea and vomiting.,Support
2323,AbstRCT_neoplasm_23820680,The perioperative complication rate was 26.9% in narrow gastric tube group and 48.1% in whole stomach group (P = 0.31).,Narrow gastric tube reconstruction may be a good alternative choice for patients undergoing oncologic esophagectomy in view of better health-related quality of life after the surgery.,Support
2324,AbstRCT_neoplasm_23820680,"At the time of 3 weeks after surgery, the reflux and dyspnea scores were higher in whole stomach group than in narrow gastric tube group, which meant that the patients in whole stomach group suffered more severe problem.",patients in whole stomach group suffered more severe nausea and vomiting.,Support
2325,AbstRCT_neoplasm_23820680,"At the time of 6 months and 1 year after surgery, the reflux scores were lower in narrow gastric tube group than in whole stomach group, which revealed that there were less problems of reflux in the patients of narrow gastric tube group;",Narrow gastric tube reconstruction may be a good alternative choice for patients undergoing oncologic esophagectomy in view of better health-related quality of life after the surgery.,Support
2326,AbstRCT_neoplasm_23820680,"the score of physical function scale in narrow gastric tube group was higher conversely, which suggested that the patients gain a better status in physical function.",Narrow gastric tube reconstruction may be a good alternative choice for patients undergoing oncologic esophagectomy in view of better health-related quality of life after the surgery.,Support
2327,AbstRCT_neoplasm_12011126,"After 12 and 16 weeks of treatment, QOL significantly improved in the epoetin beta group compared with placebo (P <.05);","Many severely anemic and transfusion-dependent patients with advanced MM, NHL, and CLL and a low performance status benefited from epoetin therapy, with elimination of severe anemia and transfusion need, and improvement in QOL.",Support
2328,AbstRCT_neoplasm_12011126,"Transfusion-free (P =.0012) survival and transfusion- and severe anemia-free survival (P =.0001) were significantly greater in the epoetin beta group versus placebo (Wald chi(2) test), giving a relative risk reduction of 43% and 51%, respectively.","Many severely anemic and transfusion-dependent patients with advanced MM, NHL, and CLL and a low performance status benefited from epoetin therapy, with elimination of severe anemia and transfusion need, and improvement in QOL.",Support
2329,AbstRCT_neoplasm_23793805,"The LADG and ODG groups showed similar survival [5-year DFS rate: 98.8 % vs. 97.6 %, respectively (P = 0.514), 5-year overall survival (OS) rate: 97.6 vs. 96.3 %, respectively (P = 0.721)] or overall complication rate (29.3 vs. 42.7 %, respectively; P = 0.073).",LADG showed similar DFS and OS compared to ODG in treating early gastric cancer.,Support
2330,AbstRCT_neoplasm_23793805,Mild complications were significantly less frequent in the LADG group than in the ODG group (23.2 vs. 41.5 %; P = 0.012).,Marginal benefits in mild complications were observed with LADG.,Support
2331,AbstRCT_neoplasm_23793805,"The rates of moderate, severe, and long-term complications (i.e., 31 days to 5 years after surgery) did not differ significantly between groups.",LADG did not show advantages over ODG regarding other complications and long-term QOL.,Support
2332,AbstRCT_neoplasm_23793805,No clinically meaningful differences were detected between the two groups in long-term QOL.,LADG did not show advantages over ODG regarding other complications and long-term QOL.,Support
2333,AbstRCT_neoplasm_15157043,but the small sample size and possible predisposing risk factors preclude definitive conclusions.,"This may relate to the administration of r-HuEPO in this high-risk population,",Partial-Attack
2334,AbstRCT_neoplasm_20631341,"After the completion of treatment, average GLQ-8 scores for numbness (P = .003) and hair loss (P = .04) and the Spitzer Quality of Life Index (P = .05) favored 3B(90)E(500)P.","At the end of treatment, average scores for most side effect scales favored 3B(90)E(500)P.",Support
2335,AbstRCT_neoplasm_20631341,"Overall survival remained better in those assigned to 3B(90)E(500)P than in those assigned to 4B(30)E(360)P (8-year survival: 92% vs 83%; hazard ratio of death = 0.38, 95% confidence interval = 0.15 to 0.97, P = .037).",The survival benefit of 3B(90)E(500)P over 4B(30)E(360)P was maintained with long-term follow-up.,Support
2336,AbstRCT_neoplasm_20631341,"Progression-free survival favored 3B(90)E(500)P but was not statistically significantly different between the treatment groups (8-year progression-free survival, 3B(90)E(500)P vs 4B(30)E(360)P: 86% vs 79%; hazard ratio of progression = 0.6, 95% confidence interval = 0.3 to 1.1, P = .15).",The survival benefit of 3B(90)E(500)P over 4B(30)E(360)P was maintained with long-term follow-up.,Support
2337,AbstRCT_neoplasm_23803270,"however, all groups had clinically and statistically significant reduction in volume.",No statistically significant between-group differences were found in volume reduction;,Partial-Attack
2338,AbstRCT_neoplasm_23803270,No statistically significant between-group differences were found in volume reduction;,compression bandaging alone could account for the demonstrated volume reduction.,Support
2339,AbstRCT_neoplasm_12925071,"Acute toxicity (WHO) of RCT was low, with less than 15% of patients experiencing grade 3 or higher toxicity",Neoadjuvant RCT is well tolerated and bears no higher risk for postoperative morbidity.,Support
2340,AbstRCT_neoplasm_12925071,"The principal toxicity was diarrhea, with 12% in the postoperative RCT-arm and 11% in the pre-operative RCT-arm having grade 3-, and 1% in either arm having grade 4-diarrhea.",Neoadjuvant RCT is well tolerated and bears no higher risk for postoperative morbidity.,Support
2341,AbstRCT_neoplasm_12925071,"Erythema, nausea and leukopenia were the next common toxicities, with less than 3% of patients in either arm suffering grade 3 or greater leukopenia or nausea.",Neoadjuvant RCT is well tolerated and bears no higher risk for postoperative morbidity.,Support
2342,AbstRCT_neoplasm_12925071,"Postoperative complication rates were similar in both arms, with 12% (postop. RCT) and 12% (pre-op. RCT) of patients, respectively, suffering from anastomotic leakage, 3% (postop. RCT) and 3% (pre-op. RCT) from postoperative bleeding, and 6% (postop. RCT) and 4% (pre-op. RCT) from delayed wound healing.",Neoadjuvant RCT is well tolerated and bears no higher risk for postoperative morbidity.,Support
2343,AbstRCT_neoplasm_23840308,"Delirium occurred in 31 patients (11.9%), and there was no significant difference between the incidence of delirium in the intervention group and the usual-care group (9.4% vs. 14.3%, OR: 0.63, 95% CI: 0.29-1.35).","Within this study, a geriatric liaison intervention based on frailty for the prevention of postoperative delirium in frail elderly cancer patients undergoing elective surgery for a solid tumour has not proven to be effective.",Support
2344,AbstRCT_neoplasm_12748244,"Withdrawal due to drug-related AEs was 1.9% and 9.4% for patients receiving gefitinib 250 and 500 mg/d, respectively.","At 250 mg/d, gefitinib had a favorable AE profile.",Support
2345,AbstRCT_neoplasm_12748244,Drug-related toxicities were more frequent in the higher-dose group.,"At 250 mg/d, gefitinib had a favorable AE profile.",Support
2346,AbstRCT_neoplasm_12748244,Adverse events (AEs) at both dose levels were generally mild (grade 1 or 2) and consisted mainly of skin reactions and diarrhea.,"At 250 mg/d, gefitinib had a favorable AE profile.",Support
2347,AbstRCT_neoplasm_12748244,"At 250 mg/d, gefitinib had a favorable AE profile.","Gefitinib 250 mg/d is an important, novel treatment option for patients with pretreated advanced NSCLC.",Support
2348,AbstRCT_neoplasm_12748244,Gefitinib showed clinically meaningful antitumor activity and provided symptom relief as second- and third-line treatment in these patients.,"Gefitinib 250 mg/d is an important, novel treatment option for patients with pretreated advanced NSCLC.",Support
2349,AbstRCT_neoplasm_12748244,Symptom improvements were recorded for 69.2% (250 mg/d) and 85.7% (500 mg/d) of patients with a tumor response.,Gefitinib showed clinically meaningful antitumor activity and provided symptom relief as second- and third-line treatment in these patients.,Support
2350,AbstRCT_neoplasm_12748244,"Objective tumor response rates were 18.4% (95% confidence interval [CI], 11.5 to 27.3) and 19.0% (95% CI, 12.1 to 27.9); among evaluable patients, symptom improvement rates were 40.3% (95% CI, 28.5 to 53.0) and 37.0% (95% CI, 26.0 to 49.1); median progression-free survival times were 2.7 and 2.8 months; and median overall survival times were 7.6 and 8.0 months, respectively.",Gefitinib showed clinically meaningful antitumor activity and provided symptom relief as second- and third-line treatment in these patients.,Support
2351,AbstRCT_neoplasm_15226773,"The NI group had statistically smaller deteriorations in weight (P<0.001), nutritional status (P=0.020) and global QoL (P=0.009) compared with those receiving UC.","Early and intensive NI appears beneficial in terms of minimising weight loss, deterioration in nutritional status, global QoL and physical function in oncology outpatients receiving radiotherapy to the GI or head and neck area.",Support
2352,AbstRCT_neoplasm_15226773,"Clinically, but not statistically significant differences in fat-free mass were observed between the groups (P=0.195).","Early and intensive NI appears beneficial in terms of minimising weight loss, deterioration in nutritional status, global QoL and physical function in oncology outpatients receiving radiotherapy to the GI or head and neck area.",Support
2353,AbstRCT_neoplasm_20680680,"At the 9-months assessment, the TEX group scored statistically significantly higher on global quality of life and physical functioning.","after 9 months, when the patients had adapted to treatment, the TEX group seemed to have a slightly better quality of life.",Support
2354,AbstRCT_neoplasm_20680680,There were no statistically significant differences between the TEX group and the ET group on any of the subscales 2 months after randomization.,"At the 2-months assessment, when side-effects of chemotherapy were present, patients in the TEX group appeared to fare a bit worse than those receiving ET.",Support
2355,AbstRCT_neoplasm_20680680,"Small clinical differences (5-10 points) in favor of the ET group were found for global quality of life, role functioning, social functioning, and insomnia.","At the 2-months assessment, when side-effects of chemotherapy were present, patients in the TEX group appeared to fare a bit worse than those receiving ET.",Support
2356,AbstRCT_neoplasm_20680680,"Small clinically significant differences were found for global quality of life, physical functioning, role functioning, emotional functioning, dyspnoea, and insomnia, all in favour of the TEX group.","after 9 months, when the patients had adapted to treatment, the TEX group seemed to have a slightly better quality of life.",Support
2357,AbstRCT_neoplasm_11387359,Adverse events were comparable between groups.,Epoetin alfa safely and effectively ameliorates anemia and significantly improves QOL in cancer patients receiving nonplatinum chemotherapy.,Support
2358,AbstRCT_neoplasm_11387359,"Improvement of all primary cancer- and anemia-specific QOL domains, including energy level, ability to do daily activities, and fatigue, was significantly (P <.01) greater for epoetin alfa versus placebo patients.",Epoetin alfa safely and effectively ameliorates anemia and significantly improves QOL in cancer patients receiving nonplatinum chemotherapy.,Support
2359,AbstRCT_neoplasm_11387359,"Kaplan-Meier estimates showed a trend in overall survival favoring epoetin alfa (P =.13, log-rank test),",Encouraging results regarding increased survival warrant another trial designed to confirm these findings.,Support
2360,AbstRCT_neoplasm_11387359,"Epoetin alfa, compared with placebo, significantly decreased transfusion requirements (P =.0057) and increased hemoglobin (P <.001).",Epoetin alfa safely and effectively ameliorates anemia and significantly improves QOL in cancer patients receiving nonplatinum chemotherapy.,Support
2361,AbstRCT_neoplasm_11387359,Cox regression analysis showed an estimated hazards ratio of 1.309 (P =.052) favoring epoetin alfa.,Epoetin alfa safely and effectively ameliorates anemia and significantly improves QOL in cancer patients receiving nonplatinum chemotherapy.,Support
2362,AbstRCT_neoplasm_16571129,"the treatments are not always well-accepted,","Prospective investigations of complete decongestive lymphatic physiotherapy (CDPT), including manual lymphatic drainage (MLD), have validated the efficacy of these interventions for the initial reduction of edema and long-term maintenance of limb volume in lymphedema.",Partial-Attack
2363,AbstRCT_neoplasm_16571129,patients may suffer from a deterioration in quality-of-life or a time-dependent loss of initial treatment benefits.,"Prospective investigations of complete decongestive lymphatic physiotherapy (CDPT), including manual lymphatic drainage (MLD), have validated the efficacy of these interventions for the initial reduction of edema and long-term maintenance of limb volume in lymphedema.",Partial-Attack
2364,AbstRCT_neoplasm_16571129,This short-term prospective evaluation of the Flexitouch suggests that the device may provide better maintenance edema control than self-adiminstered massage in breast cancer-associated lymphedema.,The apparent ease of use and reliability of response to the device suggest that further broad-scale testing is warranted.,Support
2365,AbstRCT_neoplasm_16571129,"Post-treatment arm volume reduced significantly after the Flexitouch, but not after self-administered massage.",This short-term prospective evaluation of the Flexitouch suggests that the device may provide better maintenance edema control than self-adiminstered massage in breast cancer-associated lymphedema.,Support
2366,AbstRCT_neoplasm_16571129,"The patients' mean weight decreased significantly with Flexitouch use, but not with massage.",This short-term prospective evaluation of the Flexitouch suggests that the device may provide better maintenance edema control than self-adiminstered massage in breast cancer-associated lymphedema.,Support
2367,AbstRCT_neoplasm_16571129,The Flexitouch device was apparently well-tolerated and accepted by patients.,The apparent ease of use and reliability of response to the device suggest that further broad-scale testing is warranted.,Support
2368,AbstRCT_neoplasm_16571129,there were no statistical differences in scores when the two treatment modalities were compared.,Serial SF-36 administration showed no deterioration in physical or psychosocial scores compared to baseline measurements;,Partial-Attack
2369,AbstRCT_neoplasm_16571129,Serial SF-36 administration showed no deterioration in physical or psychosocial scores compared to baseline measurements;,This short-term prospective evaluation of the Flexitouch suggests that the device may provide better maintenance edema control than self-adiminstered massage in breast cancer-associated lymphedema.,Support
2370,AbstRCT_neoplasm_17674351,Previously validated appetite questionnaires revealed negligible improvements in both treatment arms.,"Etanercept, as prescribed in the current trial, does not appear to palliate the cancer anorexia/weight loss syndrome in patients with advanced disease.",Support
2371,AbstRCT_neoplasm_17674351,"Over time, weight gain was found to be minimal in both treatment arms; no patient gained >or=10% of their baseline weight.","Etanercept, as prescribed in the current trial, does not appear to palliate the cancer anorexia/weight loss syndrome in patients with advanced disease.",Support
2372,AbstRCT_neoplasm_21993852,"With respect to DAUGS 20, the total score did not differ significantly between the R-Y and B-I groups (24.8 vs. 23.6, p = 0.41).",The B-I and R-Y techniques were generally equivalent in terms of postoperative QOL and dysfunction.,Support
2373,AbstRCT_neoplasm_21993852,The B-I and R-Y techniques were generally equivalent in terms of postoperative QOL and dysfunction.,Both procedures seem acceptable as standard reconstructions after distal gastrectomy with regard to postoperative QOL and dysfunction.,Support
2374,AbstRCT_neoplasm_21993852,"Only reflux symptoms were significantly worse for B-I than for R-Y (0.7 ± 0.6 vs. 0.5 ± 0.6, p = 0.01).",The B-I and R-Y techniques were generally equivalent in terms of postoperative QOL and dysfunction.,Support
2375,AbstRCT_neoplasm_21993852,"Only the dyspnea symptom scale showed superior results for R-Y than for B-I (B-I 13.6 ± 17.9, R-Y 8.6 ± 16.3, p = 0.02).",The B-I and R-Y techniques were generally equivalent in terms of postoperative QOL and dysfunction.,Support
2376,AbstRCT_neoplasm_15274068,"Men in the control group had significant increases in fatigue scores from baseline to the end of radiotherapy (P = 0.013), with no significant increases observed in the exercise group (P = 0.203).","Home-based, moderate-intensity walking produced a significant improvement in physical functioning with no significant increase in fatigue.",Support
2377,AbstRCT_neoplasm_15274068,"A nonsignificant reduction (2.4%) in shuttle test distance at the end of radiotherapy was observed in the control group; however, in the exercise group, there was a significant increase (13.2%) in distance walked (P = 0.0003).","Home-based, moderate-intensity walking produced a significant improvement in physical functioning with no significant increase in fatigue.",Support
2378,AbstRCT_neoplasm_15274068,Men who followed advice to rest and take things easy if they became fatigued demonstrated a slight deterioration in physical functioning and a significant increase in fatigue at the end of radiotherapy.,Improved physical functioning may be necessary to combat radiation fatigue.,Support
2379,AbstRCT_neoplasm_15274068,"Home-based, moderate-intensity walking produced a significant improvement in physical functioning with no significant increase in fatigue.",Improved physical functioning may be necessary to combat radiation fatigue.,Support
2380,AbstRCT_neoplasm_12721239,"Peak oxygen consumption increased by 0.24 L/min in the exercise group,",Exercise training had beneficial effects on cardiopulmonary function and QOL in postmenopausal breast cancer survivors.,Support
2381,AbstRCT_neoplasm_12721239,"whereas it decreased by 0.05 L/min in the control group (mean difference, 0.29 L/min; 95% confidence interval [CI], 0.18 to 0.40; P <.001).",Exercise training had beneficial effects on cardiopulmonary function and QOL in postmenopausal breast cancer survivors.,Support
2382,AbstRCT_neoplasm_12721239,"Overall QOL increased by 9.1 points in the exercise group compared with 0.3 points in the control group (mean difference, 8.8 points; 95% CI, 3.6 to 14.0; P =.001).",Exercise training had beneficial effects on cardiopulmonary function and QOL in postmenopausal breast cancer survivors.,Support
2383,AbstRCT_neoplasm_12721239,Pearson correlations indicated that change in peak oxygen consumption correlated with change in overall QOL (r = 0.45; P <.01).,Exercise training had beneficial effects on cardiopulmonary function and QOL in postmenopausal breast cancer survivors.,Support
2384,AbstRCT_neoplasm_10506606,The response rate was 71% for DepoCyt and 15% for ara-C on an intent-to-treat basis (P =.006).,DepoCyt injected once every 2 weeks produced a high response rate and a better quality of life as measured by Karnofsky score relative to that produced by free ara-C injected twice a week.,Support
2385,AbstRCT_neoplasm_10506606,DepoCyt treatment was associated with an improved mean change in Karnofsky performance score at the end of induction (P =.041).,DepoCyt injected once every 2 weeks produced a high response rate and a better quality of life as measured by Karnofsky score relative to that produced by free ara-C injected twice a week.,Support
2386,AbstRCT_neoplasm_17717452,"JP patients had fewer bowel movements, less clustering, used fewer pads and had a lower FISI than the CP-2 group.","In patients undergoing a restorative resection for low rectal cancer, a colonic JP offers significant advantages in function over an SA or a coloplasty.",Support
2387,AbstRCT_neoplasm_17717452,There was no difference in bowel function between the CP-1 and SA groups.,"In patients who cannot have a pouch, coloplasty seems not to improve the bowel function of patients over that with an SA.",Support
2388,AbstRCT_neoplasm_17717452,No significant difference was observed in the complications among the 4 groups.,"In patients undergoing a restorative resection for low rectal cancer, a colonic JP offers significant advantages in function over an SA or a coloplasty.",Support
2389,AbstRCT_neoplasm_17717452,Other parameters were not statistically different.,"In patients undergoing a restorative resection for low rectal cancer, a colonic JP offers significant advantages in function over an SA or a coloplasty.",Support
2390,AbstRCT_neoplasm_17717452,QOL scores at 24 months were similar for each of the 4 groups.,"In patients undergoing a restorative resection for low rectal cancer, a colonic JP offers significant advantages in function over an SA or a coloplasty.",Support
2391,AbstRCT_neoplasm_15139072,"There were no significant differences between groups in terms of intrusion or avoidance, state anxiety, depression, or fatigue.","However, there were no significant differences between groups for the other outcomes.",Support
2392,AbstRCT_neoplasm_15139072,"This included better subjective sleep quality (P < 0.02), faster sleep latency (P < 0.01), longer sleep duration (P < 0.03), and less use of sleep medications (P < 0.02).",The participation rates suggested that a TY program is feasible for patients with cancer and that such a program significantly improves sleep-related outcomes.,Support
2393,AbstRCT_neoplasm_15139072,Patients in the TY group reported significantly lower sleep disturbance scores during follow-up compared with patients in the wait-list control group (5.8 vs. 8.1; P < 0.004).,The participation rates suggested that a TY program is feasible for patients with cancer and that such a program significantly improves sleep-related outcomes.,Support
2394,AbstRCT_neoplasm_12118027,but this did not translate into a survival advantage.,"PVI 5-FU plus MMC resulted in a superior response rate in comparison with PVI 5-FU alone in advanced pancreatic cancer,",Partial-Attack
2395,AbstRCT_neoplasm_12118027,although there was no statistically significant difference in QOL between arms.,"Global QOL improved significantly after 24 weeks of treatment compared with baseline for patients receiving 5-FU plus MMC,",Partial-Attack
2396,AbstRCT_neoplasm_12118027,"PVI 5-FU plus MMC resulted in a superior response rate in comparison with PVI 5-FU alone in advanced pancreatic cancer,",These results emphasize the importance of chemotherapy in this setting and the continuing value of the fluoropyrimidines in pancreatic cancer.,Support
2397,AbstRCT_neoplasm_12118027,"Global QOL improved significantly after 24 weeks of treatment compared with baseline for patients receiving 5-FU plus MMC,",These results emphasize the importance of chemotherapy in this setting and the continuing value of the fluoropyrimidines in pancreatic cancer.,Support
2398,AbstRCT_neoplasm_12118027,The overall response rate was 8.4% (95% confidence interval [CI]) 3.2% to 13.7% for patients treated with PVI 5-FU alone compared with 17.6%; 95% CI 10.3% to 25.1% for PVI 5-FU plus MMC (P =.04).,"PVI 5-FU plus MMC resulted in a superior response rate in comparison with PVI 5-FU alone in advanced pancreatic cancer,",Support
2399,AbstRCT_neoplasm_12118027,Median failure-free survival was 2.8 months for PVI 5-FU and 3.8 months for PVI 5-FU plus MMC (P =.14).,but this did not translate into a survival advantage.,Support
2400,AbstRCT_neoplasm_12118027,Median survival was 5.1 months for PVI 5-FU and 6.5 months for PVI 5-FU plus MMC (P =.34).,but this did not translate into a survival advantage.,Support
2401,AbstRCT_neoplasm_24178750,except for patients undergoing autologous HCT.,"Longer neutropenia duration was observed in all patient subgroups,",Partial-Attack
2402,AbstRCT_neoplasm_24178750,"but more deaths were observed with IV (4/57, 7%) versus SC (1/61, 1.6%) G-CSF administration, P = 0.196.","There was no significant difference between groups in the occurrence of infection or death,",Partial-Attack
2403,AbstRCT_neoplasm_24178750,"Longer neutropenia duration was observed in all patient subgroups,","Bolus IV administration of G-CSF results in longer neutropenia duration than SC administration, with no difference in clinical or quality-of-life measures.",Support
2404,AbstRCT_neoplasm_24178750,"The mean time to neutropenia resolution was longer with IV G-CSF [7.9 days, 95% confidence interval (CI) 6.6-9.1] compared with SC G-CSF (5.4 days, 95% CI 4.6-6.2), log-rank P = 0.001.","Bolus IV administration of G-CSF results in longer neutropenia duration than SC administration, with no difference in clinical or quality-of-life measures.",Support
2405,AbstRCT_neoplasm_24178750,Patients reported similar pain and satisfaction scores in both groups.,"Bolus IV administration of G-CSF results in longer neutropenia duration than SC administration, with no difference in clinical or quality-of-life measures.",Support
2406,AbstRCT_neoplasm_12118024,"After completion of chemotherapy, patients treated with trastuzumab and chemotherapy reported significant improvement in fatigue (P <.05) as compared with their baseline scores.",Statistically significantly higher proportions of patients treated with a combination of trastuzumab and chemotherapy reported improved global QOL than did patients treated by chemotherapy alone.,Support
2407,AbstRCT_neoplasm_12118024,Higher proportions of patients receiving the combined therapy achieved improvement in global QOL (P <.05) than did patients treated with chemotherapy alone.,Statistically significantly higher proportions of patients treated with a combination of trastuzumab and chemotherapy reported improved global QOL than did patients treated by chemotherapy alone.,Support
2408,AbstRCT_neoplasm_12118024,but the differences were not statistically significant.,"Higher proportions of the combined therapy group also achieved improvement in physical and role functioning and in fatigue as compared with the chemotherapy group,",Attack
2409,AbstRCT_neoplasm_9643663,'Casodex' had a substantially lower incidence of hot flushes compared to castration (6-13% compared with 39-44%) and the most commonly reported adverse events were those expected for a potent antiandrogen.,'Casodex' has shown a benefit in terms of quality of life and subjective response when compared to castration and has an acceptable tolerability profile.,Support
2410,AbstRCT_neoplasm_9643663,'Casodex' has shown a benefit in terms of quality of life and subjective response when compared to castration and has an acceptable tolerability profile.,Thus 'Casodex' 150 mg monotherapy is an option for patients with M1 prostate cancer for whom surgical or medical castration is not indicated or is not acceptable.,Support
2411,AbstRCT_neoplasm_9643663,Analysis of a validated quality-of-life questionnaire proved an advantage for 'Casodex' in sexual interest and physical capacity.,'Casodex' has shown a benefit in terms of quality of life and subjective response when compared to castration and has an acceptable tolerability profile.,Support
2412,AbstRCT_neoplasm_9643663,"In symptomatic M1 patients, 'Casodex' was associated with a statistically significant improvement in subjective response (70%) compared with castration (58%).",'Casodex' has shown a benefit in terms of quality of life and subjective response when compared to castration and has an acceptable tolerability profile.,Support
2413,AbstRCT_neoplasm_9643663,"In symptomatic M1 patients, 'Casodex' was associated with a statistically significant improvement in subjective response (70%) compared with castration (58%).",'Casodex' 150 mg is less effective than castration in patients with M1 disease.,Attack
2414,AbstRCT_neoplasm_9643663,"At a median follow-up period of approximately 100 weeks for both studies, 'Casodex' 150 mg was found to be less effective than castration in patients with metastatic disease (M1) at entry (hazard ratio of 1.30 for time to death) with a difference in median survival of 6 weeks.",'Casodex' 150 mg is less effective than castration in patients with M1 disease.,Support
2415,AbstRCT_neoplasm_11346336,"Pancreatitis occurred in 3 patients with triglyceride levels higher than 14.69 mmol/L (1300 mg/dL), all of whom were taking 300 mg/m(2) or more of oral bexarotene per day.",Hypertriglyceridemia and hypothyroidism require monitoring but are reversible and manageable with concomitant medication.,Support
2416,AbstRCT_neoplasm_11346336,"The following drug-related adverse effects were reversible and treatable: hypertriglyceridemia (46 patients [79%]), hypercholesterolemia (28 patients [48%]), headache (27 patients [47%]), central hypothyroidism (23 patients [40%]), asthenia (21 patients [36%]), and leukopenia (16 patients [28%]).",Hypertriglyceridemia and hypothyroidism require monitoring but are reversible and manageable with concomitant medication.,Support
2417,AbstRCT_neoplasm_11346336,Eight (73%) of 11 patients crossing over from 6.5 mg/m(2) per day to higher doses subsequently responded.,Bexarotene (Targretin capsules) (the first retinoid X receptor-selective rexinoid) was well tolerated and effective as an oral treatment for 15 (54%) of 28 patients with refractory or persistent early-stage cutaneous T-cell lymphoma at doses of 300 mg/m(2) per day.,Support
2418,AbstRCT_neoplasm_11346336,"The rate of progressive disease was 47%, 21%, and 13% at the same dose levels, respectively.",Bexarotene (Targretin capsules) (the first retinoid X receptor-selective rexinoid) was well tolerated and effective as an oral treatment for 15 (54%) of 28 patients with refractory or persistent early-stage cutaneous T-cell lymphoma at doses of 300 mg/m(2) per day.,Support
2419,AbstRCT_neoplasm_11346336,"Responses (> or = 50% improvement) were seen in 3 (20%) of 15 patients with an initial dose at 6.5 mg/m(2) per day (95% confidence interval [CI], 0%-40%), 15 (54%) of 28 patients at 300 mg/m(2) per day (95% CI, 35%-72%), and 10 (67%) of 15 patients at above 300 mg/m(2) per day (95% CI, 43%-91%).",Bexarotene (Targretin capsules) (the first retinoid X receptor-selective rexinoid) was well tolerated and effective as an oral treatment for 15 (54%) of 28 patients with refractory or persistent early-stage cutaneous T-cell lymphoma at doses of 300 mg/m(2) per day.,Support
2420,AbstRCT_neoplasm_11346336,"No cases of drug-related neutropenic fever, sepsis, or death occurred.",Bexarotene (Targretin capsules) (the first retinoid X receptor-selective rexinoid) was well tolerated and effective as an oral treatment for 15 (54%) of 28 patients with refractory or persistent early-stage cutaneous T-cell lymphoma at doses of 300 mg/m(2) per day.,Support
2421,AbstRCT_neoplasm_23632471,"Participants in the PPDI intervention demonstrated significant (P < .05) reductions in adverse dietary symptoms and significant improvements (P < .05) in functional status, performance status, dietary intake, adherence to dietary guidelines, dietary knowledge, and satisfaction with the intervention as compared with the control group over time.",The PPDI was an effective dietary intervention for patients undergoing a gastrectomy for gastric cancer and deserves additional study in other populations of patients.,Support
2422,AbstRCT_neoplasm_23632471,The PPDI was an effective dietary intervention for patients undergoing a gastrectomy for gastric cancer and deserves additional study in other populations of patients.,Incorporating patients' perspectives into a dietary intervention after gastrectomy for gastric cancer may contribute to improved patient outcomes and quality care.,Support
2423,AbstRCT_neoplasm_17848814,"The cancer-related fatigue was significantly reduced in the training group from t1 to t3, however, not in the control group.",Structured physical training programs initiated during inpatient rehabilitation and continuously practiced in the time thereafter can improve symptoms of chronic fatigue and quality of life in breast cancer patients.,Support
2424,AbstRCT_neoplasm_17848814,but further improvement in the follow-up (t3) was only observed in the training group.,"The scores for global quality of life, physical well-being, and functionality increased from t1 to t2,",Partial-Attack
2425,AbstRCT_neoplasm_17848814,"The scores for global quality of life, physical well-being, and functionality increased from t1 to t2,",Structured physical training programs initiated during inpatient rehabilitation and continuously practiced in the time thereafter can improve symptoms of chronic fatigue and quality of life in breast cancer patients.,Support
2426,AbstRCT_neoplasm_17848814,The increase from t1 to t2 was significantly higher for the training group.,Structured physical training programs initiated during inpatient rehabilitation and continuously practiced in the time thereafter can improve symptoms of chronic fatigue and quality of life in breast cancer patients.,Support
2427,AbstRCT_neoplasm_17848814,There was an improvement of muscle strength at the end of rehabilitation for both groups.,Structured physical training programs initiated during inpatient rehabilitation and continuously practiced in the time thereafter can improve symptoms of chronic fatigue and quality of life in breast cancer patients.,Support
2428,AbstRCT_neoplasm_17848814,The positive effects of physical activity in the rehabilitation of breast cancer patients are documented in several studies.,Structured physical training programs initiated during inpatient rehabilitation and continuously practiced in the time thereafter can improve symptoms of chronic fatigue and quality of life in breast cancer patients.,Support
2429,AbstRCT_neoplasm_24028441,LRH group mean pain score was significantly lower than ARH after 36 h of observation (P = 0.044; mean difference score: 1.42; 95% CI: 0.04-2.80).,LRH provided lower pain scores after 36 h of observation in this series.,Support
2430,AbstRCT_neoplasm_24028441,The relative risk of presenting with complications was 0.70; CI 95% (0.23-2.11); P = 0.694.,The perioperative and serious postoperative complications ratios were comparable between the groups.,Support
2431,AbstRCT_neoplasm_24028441,Four patients (25%) in the LRH group and 5 patients (36%) in the ARH group presented with transoperative or serious postoperative complications.,The perioperative and serious postoperative complications ratios were comparable between the groups.,Support
2432,AbstRCT_neoplasm_23609927,"Gender-based differences appear to play a role in the early, but not late, response to a multidisciplinary intervention to improve QOL for patients with advanced cancer,",early interventions can be tailored for each gender.,Support
2433,AbstRCT_neoplasm_23609927,Men receiving the intervention had a smaller decrease in FACT-G score compared to controls (p = 0.048) and also worsened on the LASA financial (p = 0.02).,"Gender-based differences appear to play a role in the early, but not late, response to a multidisciplinary intervention to improve QOL for patients with advanced cancer,",Support
2434,AbstRCT_neoplasm_23609927,"At week 4 postintervention, women in the intervention group had statistically significant improvement in their FACT-G score, FACT-G physical well-being subscale, LASA fatigue, POMS total score, POMS fatigue-inertia subscale, and POMS confusion-bewilderment subscale (p < 0.05).","Gender-based differences appear to play a role in the early, but not late, response to a multidisciplinary intervention to improve QOL for patients with advanced cancer,",Support
2435,AbstRCT_neoplasm_23609927,"At week 27, the only gender difference was that intervention group men had more POMS anger-hostility (p = 0.009).","Gender-based differences appear to play a role in the early, but not late, response to a multidisciplinary intervention to improve QOL for patients with advanced cancer,",Support
2436,AbstRCT_neoplasm_23609927,"By week 52, there were no statistically significant gender differences in any of the QOL measures.","Gender-based differences appear to play a role in the early, but not late, response to a multidisciplinary intervention to improve QOL for patients with advanced cancer,",Support
2437,AbstRCT_neoplasm_12837811,Both DC and DCb were better tolerated and provided patients with consistently improved QoL compared with VC.,These findings demonstrate that a docetaxel plus platinum combination is an effective treatment option with a favorable therapeutic index for first-line treatment of advanced or metastatic NSCLC.,Support
2438,AbstRCT_neoplasm_12837811,DC resulted in a more favorable overall response and survival rate than VC.,These findings demonstrate that a docetaxel plus platinum combination is an effective treatment option with a favorable therapeutic index for first-line treatment of advanced or metastatic NSCLC.,Support
2439,AbstRCT_neoplasm_12837811,"Patients treated with either docetaxel regimen had consistently improved QoL compared with VC-treated patients, who experienced deterioration in QoL.",Both DC and DCb were better tolerated and provided patients with consistently improved QoL compared with VC.,Support
2440,AbstRCT_neoplasm_12837811,"Median survival (9.4 v 9.9 months [for VC]; P =.657; hazard ratio, 1.048 [97.2 confidence interval, 0.877 to 1.253]) and response (23.9%) with DCb were similar to those results for VC.",DC resulted in a more favorable overall response and survival rate than VC.,Support
2441,AbstRCT_neoplasm_12837811,Overall response rate was 31.6% for DC-treated patients v 24.5% for VC-treated patients (P =.029).,DC resulted in a more favorable overall response and survival rate than VC.,Support
2442,AbstRCT_neoplasm_12837811,The 2-year survival rate was 21% for DC-treated patients and 14% for VC-treated patients.,DC resulted in a more favorable overall response and survival rate than VC.,Support
2443,AbstRCT_neoplasm_12837811,"Patients treated with DC had a median survival of 11.3 v 10.1 months for VC-treated patients (P =.044; hazard ratio, 1.183 [97.2% confidence interval, 0.989 to 1.416]).",DC resulted in a more favorable overall response and survival rate than VC.,Support
2444,AbstRCT_neoplasm_12837811,"Neutropenia, thrombocytopenia, infection, and febrile neutropenia were similar with all three regimens.",Both DC and DCb were better tolerated and provided patients with consistently improved QoL compared with VC.,Support
2445,AbstRCT_neoplasm_12837811,"Grade 3 to 4 anemia, nausea, and vomiting were more common (P <.01) with VC than with DC or DCb.",Both DC and DCb were better tolerated and provided patients with consistently improved QoL compared with VC.,Support
2446,AbstRCT_neoplasm_23816967,"Fatigue and nausea were worse with chemotherapy, whereas diarrhea, dysphagia, and sore mouth were worse with afatinib (all P < .01).","In patients with lung adenocarcinoma with EGFR mutations, first-line afatinib was associated with better control of cough and dyspnea compared with chemotherapy, although diarrhea, dysphagia, and sore mouth were worse.",Support
2447,AbstRCT_neoplasm_23816967,"Afatinib showed significantly better mean scores over time in global health status/QoL (P = .015) and physical (P < .001), role (P = .004), and cognitive (P = .007) functioning compared with chemotherapy.",Global health status/QoL was also improved over time with afatinib compared with chemotherapy.,Support
2448,AbstRCT_neoplasm_23816967,Differences in mean scores over time significantly favored afatinib over chemotherapy for cough (P < .001) and dyspnea (P < .001).,"In patients with lung adenocarcinoma with EGFR mutations, first-line afatinib was associated with better control of cough and dyspnea compared with chemotherapy, although diarrhea, dysphagia, and sore mouth were worse.",Support
2449,AbstRCT_neoplasm_23816967,More patients on afatinib (64%) versus chemotherapy (50%) experienced improvements in dyspnea scores (P = .010).,"In patients with lung adenocarcinoma with EGFR mutations, first-line afatinib was associated with better control of cough and dyspnea compared with chemotherapy, although diarrhea, dysphagia, and sore mouth were worse.",Support
2450,AbstRCT_neoplasm_23816967,"Compared with chemotherapy, afatinib significantly delayed the time to deterioration for cough (hazard ratio [HR], 0.60; 95% CI, 0.41 to 0.87; P = .007) and dyspnea (HR, 0.68; 95% CI, 0.50 to 0.93; P = .015), but not pain (HR, 0.83; 95% CI, 0.62 to 1.10; P = .19).","In patients with lung adenocarcinoma with EGFR mutations, first-line afatinib was associated with better control of cough and dyspnea compared with chemotherapy, although diarrhea, dysphagia, and sore mouth were worse.",Support
2451,AbstRCT_neoplasm_12915593,but this did not lead to a higher complete response rate or better overall survival.,"In elderly patients, G-CSF improved the RDI of CHOP,",Partial-Attack
2452,AbstRCT_neoplasm_12915593,"In 389 eligible patients, the relative dose intensities (RDIs) of cyclophosphamide (median, 96.3% v 93.9%; P =.01) and doxorubicin (median, 95.4% v 93.3%; P =.04) were higher in patients treated with CHOP plus G-CSF.","In elderly patients, G-CSF improved the RDI of CHOP,",Support
2453,AbstRCT_neoplasm_20679600,"From 12 to 36 months, fewer than 15% of either SNAD or SNR patients reported moderate or greater severity of any given symptom or activity limitation.",this study demonstrates that initial problems with either surgery resolve over time.,Support
2454,AbstRCT_neoplasm_20679600,"Arm symptoms were significantly more bothersome for SNAD compared with SNR patients at 6 months (mean, 4.8 v 3.0; P < .001) and at 12 months (3.6 v 2.5; P = .006).",Arm morbidity was greater with SNAD than with SNR.,Support
2455,AbstRCT_neoplasm_24040301,No relation was found between postcancer fatigue and the studied volumetric and metabolic markers.,"This may suggest that, although postcancer fatigue and chronic fatigue syndrome show strong resemblances as a clinical syndrome, the underlying physiology is different.",Support
2456,AbstRCT_neoplasm_24040301,Patients in the therapy group reported a significant larger decrease in fatigue scores than patients in the waiting list group.,"This may suggest that, although postcancer fatigue and chronic fatigue syndrome show strong resemblances as a clinical syndrome, the underlying physiology is different.",Support
2457,AbstRCT_neoplasm_24040301,Change scores of volumetric and metabolic parameters from baseline to follow-up were not significantly different between patients in the therapy and the waiting list group.,"This may suggest that, although postcancer fatigue and chronic fatigue syndrome show strong resemblances as a clinical syndrome, the underlying physiology is different.",Support
2458,AbstRCT_neoplasm_16446330,The TC regimen achieved better QoL outcomes compared with the PT regimen.,"Thus, clinicians may consider replacing cisplatin with carboplatin when treating ovarian cancer patients with chemotherapy.",Support
2459,AbstRCT_neoplasm_16446330,"Concerning symptom experience, patients undergoing TC showed less nausea and vomiting (P < .001), less appetite loss (P < .001), and less fatigue (P = .033) after completion of treatment compared with patients undergoing PT.",The TC regimen achieved better QoL outcomes compared with the PT regimen.,Support
2460,AbstRCT_neoplasm_16446330,"Patients in the TC arm showed better means scores after treatment on overall QoL (P = .012), physical functioning (P = .012), role functioning (P = .005), and cognitive functioning (P = .024), compared with the PT arm.",The TC regimen achieved better QoL outcomes compared with the PT regimen.,Support
2461,AbstRCT_neoplasm_18457329,but did not reach statistical significance.,"Changes in neck dissection impairment, fatigue, and quality of life favored the PRET group",Attack
2462,AbstRCT_neoplasm_18457329,The PRET program significantly reduced shoulder pain and disability and improved upper extremity muscular strength and endurance in head and neck cancer survivors who had shoulder dysfunction because of spinal accessory nerve damage.,Clinicians should consider the addition of PRET in the rehabilitation of postsurgical head and neck cancer survivors.,Support
2463,AbstRCT_neoplasm_18457329,"Changes in neck dissection impairment, fatigue, and quality of life favored the PRET group",Clinicians should consider the addition of PRET in the rehabilitation of postsurgical head and neck cancer survivors.,Support
2464,AbstRCT_neoplasm_18457329,"On the basis of intention-to-treat analyses, PRET was superior to TP for improving shoulder pain and disability (-9.6; 95% confidence interval [95% CI], -16.4 to -4.5; P = .001), upper extremity strength (+10.8 kg; 95% CI, 5.4-16.2 kg; P < .001), and upper extremity endurance (+194 repetitions x kg; 95% CI, 10-378 repetitions x kg; P = .039).",Clinicians should consider the addition of PRET in the rehabilitation of postsurgical head and neck cancer survivors.,Support
2465,AbstRCT_neoplasm_9626213,"Although survival was not improved,",arm B offers a better palliation for advanced NSCLC patients than arm A.,Partial-Attack
2466,AbstRCT_neoplasm_9626213,"Arm B achieved a better score at week 6 for emotional, cognitive and social functioning, global health status, fatigue, and appetite loss, which was lost at 12 weeks.","In conclusion, arm B appears superior to arm A with regard to response rate, side effects, and QoL.",Support
2467,AbstRCT_neoplasm_9626213,"Progression-free survival was 4.9 and 5.4 months in arm A and B, respectively.","Although survival was not improved,",Support
2468,AbstRCT_neoplasm_9626213,"There was no significant difference in survival, with median and 1-year survivals 9.9 versus 9.7 months and 41% versus 43%, respectively in arm A and B.","Although survival was not improved,",Support
2469,AbstRCT_neoplasm_9626213,Responses were one complete and 44 partial on arm A (28%) and two complete and 61 partial (41%) on arm B (P = .018).,"In conclusion, arm B appears superior to arm A with regard to response rate, side effects, and QoL.",Support
2470,AbstRCT_neoplasm_9626213,"There were a total of nine toxic deaths, six due to neutropenic sepsis: five in arm A and one in arm B.",The frequency and severity of other toxicities were comparable between the two arms.,Support
2471,AbstRCT_neoplasm_9626213,"In contrast, arthralgia/myalgia (grade 2 or 3, 4% v 17%), peripheral neurotoxicity (grade 2 or 3, 6% v 29%), and hypersensitivity reactions (1% v 7%, all grades) were significantly more frequent in arm B.",The frequency and severity of other toxicities were comparable between the two arms.,Partial-Attack
2472,AbstRCT_neoplasm_9626213,"Hematologic toxicity was significantly more severe in arm A (leukopenia, neutropenia, and thrombocytopenia grade 3 or 4: 66% v 19%, 83% v 55%, 36% v 2% in arms A and B, respectively), which resulted in more febrile neutropenia (27% v 3% in arms A and B, respectively), dose reductions, and treatment delays.",The frequency and severity of other toxicities were comparable between the two arms.,Partial-Attack
2473,AbstRCT_neoplasm_10403690,"Median survival durations were 5.9 and 8.1 months for the IEP and MVP chemotherapy arms, and 4.1 months for BSC (log-rank test: P = 0.0003).",combination chemotherapy improves the quality of life as well as prolonging the survival of patients with advanced NSCLC.,Support
2474,AbstRCT_neoplasm_10403690,"One year survival was 13, 29.8 and 39.3% for the BSC, IEP and MVP regimens, respectively.",combination chemotherapy improves the quality of life as well as prolonging the survival of patients with advanced NSCLC.,Support
2475,AbstRCT_neoplasm_10403690,"Two years survival was 7.8, 6.4 and 13.1% for the BSC, IEP and MVP regimens, respectively.",combination chemotherapy improves the quality of life as well as prolonging the survival of patients with advanced NSCLC.,Support
2476,AbstRCT_neoplasm_10403690,"Improvement in quality of life (QOL) scores at the first, second and third interview were seen in chemotherapy arms only, not in the BSC arm.",combination chemotherapy improves the quality of life as well as prolonging the survival of patients with advanced NSCLC.,Support
2477,AbstRCT_neoplasm_24019545,AEs more common with sorafenib than with tivozanib were hand-foot skin reaction (54% v 14%) and diarrhea (33% v 23%).,"Tivozanib demonstrated improved PFS, but not OS, and a differentiated safety profile, compared with sorafenib, as initial targeted therapy for metastatic RCC.",Support
2478,AbstRCT_neoplasm_24019545,Adverse events (AEs) more common with tivozanib than with sorafenib were hypertension (44% v 34%) and dysphonia (21% v 5%).,"Tivozanib demonstrated improved PFS, but not OS, and a differentiated safety profile, compared with sorafenib, as initial targeted therapy for metastatic RCC.",Support
2479,AbstRCT_neoplasm_24019545,"The final overall survival (OS) analysis showed a trend toward longer survival on the sorafenib arm than on the tivozanib arm (median, 29.3 v 28.8 months; HR, 1.245; 95% CI, 0.954 to 1.624; P = .105).","Tivozanib demonstrated improved PFS, but not OS, and a differentiated safety profile, compared with sorafenib, as initial targeted therapy for metastatic RCC.",Support
2480,AbstRCT_neoplasm_24019545,"PFS was longer with tivozanib than with sorafenib in the overall population (median, 11.9 v 9.1 months; hazard ratio [HR], 0.797; 95% CI, 0.639 to 0.993; P = .042).","Tivozanib demonstrated improved PFS, but not OS, and a differentiated safety profile, compared with sorafenib, as initial targeted therapy for metastatic RCC.",Support
2481,AbstRCT_glaucoma_21423036,Complication rates were not different between the groups.,Intravitreal injection of triamcinolone acetonide in neovascular glaucoma did not affect the intermediate-term success of the silicone Ahmed valve nor reduce the incidence of complications.,Support
2482,AbstRCT_glaucoma_21423036,The success rate at 1 year was 78% for the study group and 76% for the control group (P=0.82).,Intravitreal injection of triamcinolone acetonide in neovascular glaucoma did not affect the intermediate-term success of the silicone Ahmed valve nor reduce the incidence of complications.,Support
2483,AbstRCT_glaucoma_15741820,Five times more patients receiving brimonidine than latanoprost were withdrawn from the study due to adverse events.,Latanoprost instilled once daily is more effective and better tolerated than brimonidine administered twice daily for the treatment of patients with glaucoma or ocular hypertension.,Support
2484,AbstRCT_glaucoma_15741820,"The mean difference in diurnal IOP reduction was 2.5 +/- 0.3 mm Hg (95% CI: 1.9, 3.2; P < 0.001).",Latanoprost instilled once daily is more effective and better tolerated than brimonidine administered twice daily for the treatment of patients with glaucoma or ocular hypertension.,Support
2485,AbstRCT_glaucoma_15741820,"At month 6, the adjusted mean (+/- SEM) diurnal IOP reduction was 5.7 +/- 0.3 mm Hg in the latanoprost group and 3.1 +/- 0.3 mm Hg in patients receiving brimonidine (P < 0.001).",Latanoprost instilled once daily is more effective and better tolerated than brimonidine administered twice daily for the treatment of patients with glaucoma or ocular hypertension.,Support
2486,AbstRCT_glaucoma_23429621,Both drops provided statistically significant IOP reductions from baseline at all visits (P<0.001).,Both drops provided effective IOP reduction that was greater,Support
2487,AbstRCT_glaucoma_23429621,BTFC provided greater significant mean IOP reductions from baseline than TTFC at each visit (P<0.001).,patients were more likely to achieve lower target pressures with BTFC than with TTFC.,Support
2488,AbstRCT_glaucoma_23429621,"Mean IOP reductions were 11.34 and 6.42 mm Hg at 2 weeks (P=0.000), and 11.17 and 7.89 mmHg at 6 months (P=0.001) for BTFC and TTFC, respectively.",Both drops provided effective IOP reduction that was greater,Support
2489,AbstRCT_glaucoma_23429621,"IOPs at 2 weeks were 18 mm Hg in 36 (90.8%) versus 22 (55%) eyes and 16 mm Hg in 28 (70%) versus 16 (40%) eyes (P<0.001), and at 6 months, 18 mm Hg in 38 (95%) versus 28 (70%) eyes and 16 mm Hg in 30 (75%) versus 18 (45%) eyes for BTFC and TTFC, respectively (P<0.001).",Both drops provided effective IOP reduction that was greater,Support
2490,AbstRCT_glaucoma_18826749,"In the a.m.-dosing crossover comparison, the 24-h post-dose IOP was significantly lower ( p < 0.001) on travoprost (16.9 +/- 3.1 mmHg) compared to latanoprost (18.6 +/- 3.3 mmHg).",a.m.-dosed travoprost is superior to a.m.-dosed latanoprost by 1.7 mmHg at 24-h post-dose.,Support
2491,AbstRCT_glaucoma_18826749,"The mean IOP in the first period when all patients were dosed in the evening was assessed 12 h after dosing at 09:00 and it was similar in the two treatment groups (mean +/- standard deviation: 17.9 +/- 2.7 mmHg for travoprost versus 17.7 +/- 2.5 mmHg for latanoprost, p = 0.812).",a.m.-dosed travoprost is superior to a.m.-dosed latanoprost by 1.7 mmHg at 24-h post-dose.,Support
2492,AbstRCT_glaucoma_11158796,A >/=30% reduction in mean IOP from baseline was achieved by 44% of latanoprost-treated patients compared with 8% of unoprostone-treated patients.,Latanoprost administered once daily was significantly more effective in reducing IOP compared with unoprostone administered twice daily in patients with POAG and OH.,Support
2493,AbstRCT_glaucoma_11158796,"The difference between the groups of 3.4 mmHg was significant (P: < 0.001, analysis of covariance; 95% confidence interval [CI]: -4.7 to -2.1) in favor of latanoprost.",Latanoprost administered once daily was significantly more effective in reducing IOP compared with unoprostone administered twice daily in patients with POAG and OH.,Support
2494,AbstRCT_glaucoma_11158796,"From an overall baseline of 24.1 mmHg, latanoprost reduced IOP by 6.7 mmHg (28%) and unoprostone reduced IOP by 3.3 mmHg (14%).",Latanoprost administered once daily was significantly more effective in reducing IOP compared with unoprostone administered twice daily in patients with POAG and OH.,Support
2495,AbstRCT_glaucoma_8628544,Fewer subjective side effects occurred in latanoprost-treated eyes.,Latanoprost has the potential for becoming a new first-line treatment for glaucoma.,Support
2496,AbstRCT_glaucoma_8628544,"no significant difference between treatment groups occurred visual acuity, slit-lamp examination, blood pressure, and laboratory values.",Latanoprost has the potential for becoming a new first-line treatment for glaucoma.,Support
2497,AbstRCT_glaucoma_20092592,"There was no statistically significant difference in the mean values of Schirmer's tear test 1 and the level of conjunctival hyperaemia between the two groups at baseline, months 1 and 6 post surgery.","Topical cyclosporine 0.05% had no effect on postoperative bleb function and intraocular pressure following trabeculectomy, but improved subjective ocular surface symptoms in these patients.",Support
2498,AbstRCT_glaucoma_20092592,"Mean intraocular pressure at postoperative month 6 was 14.88 +/- 6.2 and 14.62 +/- 5.46 mmHg in the study group and control group, respectively (P = 0.837).","Topical cyclosporine 0.05% had no effect on postoperative bleb function and intraocular pressure following trabeculectomy, but improved subjective ocular surface symptoms in these patients.",Support
2499,AbstRCT_glaucoma_20092592,The mean baseline intraocular pressure was 23.8 +/- 12.6 mmHg in the study group and 25.9 +/- 10.6 mmHg in the control group (P = 0.513).,"Topical cyclosporine 0.05% had no effect on postoperative bleb function and intraocular pressure following trabeculectomy, but improved subjective ocular surface symptoms in these patients.",Support
2500,AbstRCT_glaucoma_19860553,"Further studies with large sample sizes should be taken to support the superior efficacy of latanoprost/timolol, as well as to better assess its profile of side effects.",The fixed combination of latanoprost/timolol was significantly superior to bimatoprost alone in reducing IOP in patients with POAG or OHT.,Partial-Attack
2501,AbstRCT_glaucoma_19860553,"the change in mean IOP values was significantly higher in the latanoprost/timolol group at 10:00 am (P = 0.013) and 12:00 pm (P = 0.01), but not at 8:00 am (P = ns).",The fixed combination of latanoprost/timolol was significantly superior to bimatoprost alone in reducing IOP in patients with POAG or OHT.,Support
2502,AbstRCT_glaucoma_19860553,"The mean IOP levels of latanoprost/timolol (13.83, SD = 2.54) was significantly lower than of bimatoprost (16.16, SD = 3.28; P < 0.0001) at week 8.",The fixed combination of latanoprost/timolol was significantly superior to bimatoprost alone in reducing IOP in patients with POAG or OHT.,Support
2503,AbstRCT_glaucoma_20142538,FCLT was statistically superior to latanoprost at 7 of 9 time points and at all 9 time points when compared with timolol.,Fixed-combination latanoprost-timolol therapy is as safe and effective in lowering IOP in patients with either ocular hypertension or glaucoma as monotherapy with latanoprost or timolol.,Support
2504,AbstRCT_glaucoma_20142538,FCLT was associated with greater percentage reductions in diurnal IOP levels and a greater likelihood of achieving lower mean diurnal IOP levels.,Fixed-combination latanoprost-timolol therapy is as safe and effective in lowering IOP in patients with either ocular hypertension or glaucoma as monotherapy with latanoprost or timolol.,Support
2505,AbstRCT_glaucoma_20142538,"Diurnal IOP reductions of 30% or more from baseline to week 12 were achieved by 73.5%, 57.5%, and 32.8% of those treated with FCLT, latanoprost, and timolol, respectively (P = .007 for FCLT vs timolol; P < .001 for FCLT vs latanoprost).",Fixed-combination latanoprost-timolol therapy is as safe and effective in lowering IOP in patients with either ocular hypertension or glaucoma as monotherapy with latanoprost or timolol.,Support
2506,AbstRCT_glaucoma_18402717,Limitations of this study include the use of a single site and the sample size.,Additional studies are needed to further evaluate these drugs as adjunctive therapy to prostaglandin analogs.,Support
2507,AbstRCT_glaucoma_18402717,Limitations of this study include the use of a single site and the sample size.,Both adjunctive therapies were well tolerated.,Partial-Attack
2508,AbstRCT_glaucoma_18402717,Limitations of this study include the use of a single site and the sample size.,Brimonidine purite 0.1% provided significantly lower IOP compared with brinzolamide 1% when used as adjunctive therapy to latanoprost.,Partial-Attack
2509,AbstRCT_glaucoma_18402717,Additional studies are needed to further evaluate these drugs as adjunctive therapy to prostaglandin analogs.,Both adjunctive therapies were well tolerated.,Partial-Attack
2510,AbstRCT_glaucoma_18402717,Additional studies are needed to further evaluate these drugs as adjunctive therapy to prostaglandin analogs.,Brimonidine purite 0.1% provided significantly lower IOP compared with brinzolamide 1% when used as adjunctive therapy to latanoprost.,Partial-Attack
2511,AbstRCT_glaucoma_18402717,Blurred vision at Month 1 and bitter taste at Months 1 and 3 were more common upon instillation of brinzolamide eye drops.,Both adjunctive therapies were well tolerated.,Support
2512,AbstRCT_glaucoma_18402717,Adjunctive use of brimonidine purite provided greater IOP lowering than brinzolamide at 10 a.m. (p < 0.001) and 4 p.m. (p = 0.050) and equivalent IOP lowering to brinzolamide at 8 a.m. (p = 0.716).,Brimonidine purite 0.1% provided significantly lower IOP compared with brinzolamide 1% when used as adjunctive therapy to latanoprost.,Support
2513,AbstRCT_glaucoma_18402717,Mean diurnal IOP at Month 3 was 16.3 +/- 2.63 mmHg with brimonidine purite and 17.8 +/- 2.19 mmHg with brinzolamide (p = 0.028).,Brimonidine purite 0.1% provided significantly lower IOP compared with brinzolamide 1% when used as adjunctive therapy to latanoprost.,Support
2514,AbstRCT_glaucoma_18402717,"Baseline mean diurnal IOP (+/- standard deviation, mmHg) on latanoprost was comparable between groups (brimonidine purite: 19.6 +/- 2.94; brinzolamide: 19.8 +/- 3.25; p = 0.846).",Brimonidine purite 0.1% provided significantly lower IOP compared with brinzolamide 1% when used as adjunctive therapy to latanoprost.,Support
2515,AbstRCT_glaucoma_21034177,but bimatoprost showed a greater non-significant reductions in mean IOP from baseline.,Both drops lowered IOP effectively,Partial-Attack
2516,AbstRCT_glaucoma_21034177,"IOPs at 2 weeks were 18 mm Hg in 20 (58.8%) versus 19 (50%) eyes (P = 0.603), and 16 mm Hg in 12 (35%) versus 12 (32%) eyes (P = 0.456); and at 6 months 18 mm Hg in 22 (65%) versus 14 (37%) eyes (P = 0.045), and 16 mm Hg in 12 (35%) versus 7 (18%) eyes (P = 0.037) for bimatoprost and travoprost, respectively.",Both drops lowered IOP effectively,Support
2517,AbstRCT_glaucoma_21034177,"Mean IOP reduction was 8.77 mm Hg (33.39%) and 8.42 mm Hg (31.54%) at 2 weeks (P = 0.703), and 8.47 mm Hg (31.61%) and 7.84 mm Hg (29.50%) at 6 months (P = 0.536) for bimatoprost and travoprost, respectively.",Both drops lowered IOP effectively,Support
2518,AbstRCT_glaucoma_21034177,Both drops provided statistically significant IOP reductions from baseline at all visits (P<0.001).,Both drops lowered IOP effectively,Support
2519,AbstRCT_glaucoma_19427617,"After treatment, 6% (19/313) and 11% (35/318) of patients in the latanoprost and timolol groups, respectively, had high intervisit IOP ranges (P = .026).",Both treatments resulted in significant reductions in mean intervisit IOP range during 26 weeks.,Support
2520,AbstRCT_glaucoma_19427617,"After treatment, 6% (19/313) and 11% (35/318) of patients in the latanoprost and timolol groups, respectively, had high intervisit IOP ranges (P = .026).","Compared with timolol, treatment with latanoprost results in significantly fewer patients with a high IOP fluctuation.",Support
2521,AbstRCT_glaucoma_9230823,"Headache, fatigue, and drowsiness were similar in the 2 groups.",Brimonidine is safe and effective in lowering IOP in glaucomatous eyes.,Support
2522,AbstRCT_glaucoma_9230823,"Headache, fatigue, and drowsiness were similar in the 2 groups.","Brimonidine provides a sustained long-term ocular hypotensive effect, is well tolerated, and has a low rate of allergic response.",Support
2523,AbstRCT_glaucoma_9230823,Allergy was seen in 9% of subjects treated with brimonidine.,Brimonidine is safe and effective in lowering IOP in glaucomatous eyes.,Support
2524,AbstRCT_glaucoma_9230823,Allergy was seen in 9% of subjects treated with brimonidine.,"Brimonidine provides a sustained long-term ocular hypotensive effect, is well tolerated, and has a low rate of allergic response.",Support
2525,AbstRCT_glaucoma_9230823,No evidence of tachyphylaxis was seen in either group.,Brimonidine is safe and effective in lowering IOP in glaucomatous eyes.,Support
2526,AbstRCT_glaucoma_9230823,No evidence of tachyphylaxis was seen in either group.,"Brimonidine provides a sustained long-term ocular hypotensive effect, is well tolerated, and has a low rate of allergic response.",Support
2527,AbstRCT_glaucoma_9230823,Brimonidine lowered mean peak IOP significantly more than timolol at week 2 and month 3 (P < .03),Brimonidine is safe and effective in lowering IOP in glaucomatous eyes.,Support
2528,AbstRCT_glaucoma_9230823,Brimonidine lowered mean peak IOP significantly more than timolol at week 2 and month 3 (P < .03),"Brimonidine provides a sustained long-term ocular hypotensive effect, is well tolerated, and has a low rate of allergic response.",Support
2529,AbstRCT_glaucoma_9230823,Brimonidine-treated subjects showed an overall mean peak reduction in intraocular pressure (IOP) of 6.5 mm Hg; timolol-treated subjects had a mean peak reduction in IOP of 6.1 mm Hg.,Brimonidine is safe and effective in lowering IOP in glaucomatous eyes.,Support
2530,AbstRCT_glaucoma_9230823,Brimonidine-treated subjects showed an overall mean peak reduction in intraocular pressure (IOP) of 6.5 mm Hg; timolol-treated subjects had a mean peak reduction in IOP of 6.1 mm Hg.,"Brimonidine provides a sustained long-term ocular hypotensive effect, is well tolerated, and has a low rate of allergic response.",Support
2531,AbstRCT_glaucoma_11813932,"In previously treated patients, however, latanoprost provided greater mean IOP reduction than did brimonidine.",This suggests that brimonidine may be the more reliable choice for first-line therapy of newly diagnosed open-angle glaucoma or ocular hypertension.,Partial-Attack
2532,AbstRCT_glaucoma_11813932,Significantly more patients achieved clinical success with brimonidine monotherapy than with latanoprost monotherapy.,This suggests that brimonidine may be the more reliable choice for first-line therapy of newly diagnosed open-angle glaucoma or ocular hypertension.,Support
2533,AbstRCT_glaucoma_11813932,"In treatment-naive patients, latanoprost was associated with a significantly higher rate of nonresponse after 3 months of treatment compared with brimonidine.",This suggests that brimonidine may be the more reliable choice for first-line therapy of newly diagnosed open-angle glaucoma or ocular hypertension.,Support
2534,AbstRCT_glaucoma_11813932,"At peak effect, brimonidine twice daily was as effective as latanoprost once daily in lowering IOP.",This suggests that brimonidine may be the more reliable choice for first-line therapy of newly diagnosed open-angle glaucoma or ocular hypertension.,Support
2535,AbstRCT_glaucoma_11813932,Significantly more patients in the brimonidine group achieved clinical success at month 3 compared with patients in the latanoprost group (91% vs 74%; P = 0.01).,Significantly more patients achieved clinical success with brimonidine monotherapy than with latanoprost monotherapy.,Support
2536,AbstRCT_glaucoma_11813932,"however, the difference was not statistically significant.","In previously treated patients, a higher percentage of the latanoprost group achieved > or = 20% reduction in IOP compared with the brimonidine group (88% vs 74%, respectively);",Attack
2537,AbstRCT_glaucoma_11813932,"In previously treated patients, a higher percentage of the latanoprost group achieved > or = 20% reduction in IOP compared with the brimonidine group (88% vs 74%, respectively);",This suggests that brimonidine may be the more reliable choice for first-line therapy of newly diagnosed open-angle glaucoma or ocular hypertension.,Support
2538,AbstRCT_glaucoma_11813932,"Among treatment-naive patients, a significantly higher percentage of brimonidine-treated patients achieved > or = 20% decrease in IOP compared with latanoprost-treated patients (88% vs 59%, respectively; P = 0.01).",This suggests that brimonidine may be the more reliable choice for first-line therapy of newly diagnosed open-angle glaucoma or ocular hypertension.,Support
2539,AbstRCT_glaucoma_11813932,"The mean reduction in IOP from baseline at month 3 was 6.8 mm Hg with brimonidine and 6.5 mm Hg with latanoprost (27.8% vs 27.0%, respectively).",This suggests that brimonidine may be the more reliable choice for first-line therapy of newly diagnosed open-angle glaucoma or ocular hypertension.,Support
2540,AbstRCT_glaucoma_11813932,"After 3 months of treatment, 80% of patients in the brimonidine group and 74% of patients in the latanoprost group had achieved > or = 20% reduction in IOP from baseline.",This suggests that brimonidine may be the more reliable choice for first-line therapy of newly diagnosed open-angle glaucoma or ocular hypertension.,Support
2541,AbstRCT_glaucoma_21141017,Hypotony with the IOP less than 6 mmHg was found in the first post-operative day in 2 patients in Group A and in 1 in Group B.,"both triangular and rectangular scleral flaps in trabeculectomy are equally effective in terms of post surgical IOP control, bleb characteristics and complications.",Support
2542,AbstRCT_glaucoma_21141017,Final bleb scores were almost similar in both the groups with 3.27 +/- 1.5 in group A and 3.36 +/- 1.21 in group B (p=0.877).,"both triangular and rectangular scleral flaps in trabeculectomy are equally effective in terms of post surgical IOP control, bleb characteristics and complications.",Support
2543,AbstRCT_glaucoma_21141017,"Trabeculectomy was almost equally effective with complete surgical success of 91% in group A, and 82% in group B (p=0.534).","both triangular and rectangular scleral flaps in trabeculectomy are equally effective in terms of post surgical IOP control, bleb characteristics and complications.",Support
2544,AbstRCT_glaucoma_21141017,The postoperative percentage of IOP reduction (Group A 68.9%; Group B 66.51%) was statically significant in both the groups (p=0.001).,"both triangular and rectangular scleral flaps in trabeculectomy are equally effective in terms of post surgical IOP control, bleb characteristics and complications.",Support
2545,AbstRCT_glaucoma_15037889,There were no patients who dropped out due to the side effects of treatment regimens.,both showed similar effects on visual field performance.,Support
2546,AbstRCT_glaucoma_15037889,No changes in the optic nerve head topography in the vertical cup-to-disc ratio and rim area measured by image-analysis techniques were observed in either group.,both showed similar effects on visual field performance.,Support
2547,AbstRCT_glaucoma_15037889,"In the visual field, the estimated rate of change in the MD value (dB/year) was -0.34+/-0.17 (SE) for the latanoprost group, and -0.10+/-0.18 (SE) for the timolol group.",both showed similar effects on visual field performance.,Support
2548,AbstRCT_glaucoma_15037889,Percentage of IOP reduction or the magnitude of IOP reduction showed no intergroup differences either at any time point (13-15%).,Both latanoprost and timolol single treatments reduced IOP by 13-15% at their trough effects for 3 years in Japanese NTG patients,Support
2549,AbstRCT_glaucoma_11124286,These differences were not statistically significant.,The control group had a mean reduction in intraocular pressure of 10.2 (+/-8.7) mm Hg at a median follow-up of 52.6 weeks.,Attack
2550,AbstRCT_glaucoma_11124286,These differences were not statistically significant.,The patients who received 5-fluorouracil had a mean reduction in intraocular pressure of 11.5 (+/-9.1) mm Hg at a median follow-up of 52.3 weeks.,Attack
2551,AbstRCT_glaucoma_23203707,"Upon instillation, the global subjective ocular symptom score was significantly lower on T2345 than BPL on D42 (0.15 vs 0.41; p=0.001) and D84 (0.18 vs 0.46; p=0.001).","Preservative-free latanoprost has the same efficacy as BPL, with improved local tolerance.",Support
2552,AbstRCT_glaucoma_23203707,"Mean IOP reduction (D0-D84) was -8.6 ±2.6 mm Hg (-36%) on T2345 and -9.0 ±2.4 mm Hg (-38%) on BPL, confirming non-inferiority of T2345 to BPL.","Preservative-free latanoprost has the same efficacy as BPL, with improved local tolerance.",Support
2553,AbstRCT_glaucoma_23203707,"The most frequent ocular adverse event, drug intolerance, was reported in 1 (0.5%) patient on T2345 versus 4 (2.1%) patients on BPL.","Preservative-free latanoprost has the same efficacy as BPL, with improved local tolerance.",Support
2554,AbstRCT_glaucoma_23203707,Moderate to severe conjunctival hyperaemia was less frequent on T2345 than on BPL at D42 (20.2% vs 30.6%; p=0.003) and D84 (21.4% vs 29.1%; p=0.02).,"Preservative-free latanoprost has the same efficacy as BPL, with improved local tolerance.",Partial-Attack
2555,AbstRCT_glaucoma_21491994,Patients who received placebo as premedication had significantly higher IOP at 6 (17.96±5.49 vs 13.61±4.09; P<0.001) and 12 (16.90±4.11 vs 13.96±3.25; P=0.003) h postoperatively compared with those who received oral clonidine.,"Administering preoperative oral clonidine in a dosage of 5g/kg, 2h before phacoemulsification, significantly decreases the prevalence and intensity of acute postoperative IOP rise in those undergoing general anesthesia.",Support
2556,AbstRCT_glaucoma_21491994,The prevalence of acute IOP rise (>21 mmHg) was significantly higher in placebo group compared with clonidine group (25.8% vs 9.6%; P=0.091).,"Administering preoperative oral clonidine in a dosage of 5g/kg, 2h before phacoemulsification, significantly decreases the prevalence and intensity of acute postoperative IOP rise in those undergoing general anesthesia.",Support
2557,AbstRCT_glaucoma_15234141,"More than 80% of the patients had maintained or improved visual function, whereas only 4 (16.0%) of the patients with Baerveldt implants and 2 (16.7%) patients with Ahmed implants had loss of more than 1 Snellen line.","Both Baerveldt and Ahmed glaucoma drainage implants performed well in terms of IOP control, preservation of visual function, and having low complication rates.",Support
2558,AbstRCT_glaucoma_15234141,"Success rates were 20 (83.3%) for Baerveldt and 12 (66.7%) for Ahmed implants, whereas qualified success occurred in 1 (4.2%) Baerveldt and 3 (16.7%) Ahmed implants.","Both Baerveldt and Ahmed glaucoma drainage implants performed well in terms of IOP control, preservation of visual function, and having low complication rates.",Support
2559,AbstRCT_glaucoma_15234141,A decrease in IOP of 56.6% and 65.9% had been achieved.,"Both Baerveldt and Ahmed glaucoma drainage implants performed well in terms of IOP control, preservation of visual function, and having low complication rates.",Support
2560,AbstRCT_glaucoma_15234141,"Both drainage implants achieved remarkable reductions in IOP; from pretreatment IOP of 40.1+/-13.8 mmHg and 43.7+/-9.3 mmHg to postoperative IOP of 17.4+/-6.2 and 14.9+/-5.5 mmHg in the Baerveldt and Ahmed groups, respectively.","Both Baerveldt and Ahmed glaucoma drainage implants performed well in terms of IOP control, preservation of visual function, and having low complication rates.",Support
2561,AbstRCT_glaucoma_22835512,The current results and large number of drop-outs in the brimonidine 0.2% arm suggest that more research is necessary before altering clinical practice paradigms.,This suggests that the beneficial effect of randomization to the brimonidine arm was independent of possible differences in ocular perfusion pressures between the 2 treatment arms.,Partial-Attack
2562,AbstRCT_glaucoma_22835512,"randomization to brimonidine 0.2% was protective compared to timolol 0.5%,",This suggests that the beneficial effect of randomization to the brimonidine arm was independent of possible differences in ocular perfusion pressures between the 2 treatment arms.,Support
2563,AbstRCT_glaucoma_22835512,ower mean ocular perfusion pressure increased the risk for reaching a progression outcome in the Low-pressure Glaucoma Treatment Study.,This suggests that the beneficial effect of randomization to the brimonidine arm was independent of possible differences in ocular perfusion pressures between the 2 treatment arms.,Support
2564,AbstRCT_glaucoma_22835512,"randomization to brimonidine revealed a protective effect (HR = 0.26, 95% CI = 0.12 to 0.55, P < .001).",This suggests that the beneficial effect of randomization to the brimonidine arm was independent of possible differences in ocular perfusion pressures between the 2 treatment arms.,Support
2565,AbstRCT_glaucoma_22835512,"Eyes randomized to timolol progressed faster than those randomized to brimonidine (mean rates of progression, -0.38  0.9 vs 0.02  0.7 dB/y, P < .01).",This suggests that the beneficial effect of randomization to the brimonidine arm was independent of possible differences in ocular perfusion pressures between the 2 treatment arms.,Support
2566,AbstRCT_glaucoma_10080213,"further studies may need to confirm these data on a larger sample and to evaluate the side effect of increased iris pigmentation on long-term follow-up,","in patients with pigmentary glaucoma, 0.005% latanoprost taken once daily was well tolerated and more effective in reducing IOP than 0.5% timolol taken twice daily.",Partial-Attack
2567,AbstRCT_glaucoma_10080213,"Compared with baseline measurements, both latanoprost and timolol caused a significant (P < 0.001) reduction of IOP at each hour of diurnal curve throughout the duration of therapy.","in patients with pigmentary glaucoma, 0.005% latanoprost taken once daily was well tolerated and more effective in reducing IOP than 0.5% timolol taken twice daily.",Support
2568,AbstRCT_glaucoma_10080213,"Reduction of IOP was 6.0 +/- 4.5 and 5.9 +/- 4.6 with latanoprost and 4.8 +/- 3.0 and 4.6 +/- 3.1 with timolol after 6 and 12 months, respectively.","in patients with pigmentary glaucoma, 0.005% latanoprost taken once daily was well tolerated and more effective in reducing IOP than 0.5% timolol taken twice daily.",Support
2569,AbstRCT_glaucoma_10080213,"Comparison of mean diurnal measurements with latanoprost and timolol showed a statistical significant (P < 0.001) difference at 3, 6, and 12 months.","in patients with pigmentary glaucoma, 0.005% latanoprost taken once daily was well tolerated and more effective in reducing IOP than 0.5% timolol taken twice daily.",Support
2570,AbstRCT_glaucoma_10080213,Mean C was found to be significantly enhanced (+30%) only in the latanoprost-treated group compared with the baseline (P = 0.017).,"in patients with pigmentary glaucoma, 0.005% latanoprost taken once daily was well tolerated and more effective in reducing IOP than 0.5% timolol taken twice daily.",Support
2571,AbstRCT_glaucoma_11167277,"After 3 months of treatment, 32.3% of the eyes in the latanoprost group reduced the intraocular pressure in 30% or more with respect to baseline, while 15.6% of the eyes in the timolol plus dorzolamide group achieved this reduction.",Latanoprost administered once daily reduced the intraocular pressure at least as well as timolol plus dorzolamide twice daily in patients with open-angle glaucoma.,Support
2572,AbstRCT_glaucoma_11167277,These differences were statistically significant (p<0.05) at the end of the study.,"Latanoprost reduced the intraocular pressure 1.09 and 1.58 mm Hg more than timolol plus dorzolamide after 2 weeks and 3 months of treatment, respectively.",Support
2573,AbstRCT_glaucoma_11167277,"Latanoprost reduced the intraocular pressure 1.09 and 1.58 mm Hg more than timolol plus dorzolamide after 2 weeks and 3 months of treatment, respectively.",Latanoprost administered once daily reduced the intraocular pressure at least as well as timolol plus dorzolamide twice daily in patients with open-angle glaucoma.,Support
2574,AbstRCT_glaucoma_19476406,"Patients on brimonidine-timolol reported less burning (p < 0.001), stinging (p < 0.001), and unusual taste (p < 0.001) than patients on dorzolamide-timolol.",Both fixed-combination medications were safe and well-tolerated.,Support
2575,AbstRCT_glaucoma_19476406,The mean reduction from PGA-treated baseline IOP for patients on fixed-combination adjunctive therapy was 6.9 (4.8) mmHg (29.3%) with brimonidine-timolol versus 5.2 (3.7) mmHg (23.5%) with dorzolamide-timolol (p = 0.213).,Fixed-combination brimonidine-timolol provided the same or greater IOP lowering compared with fixed-combination dorzolamide-timolol.,Support
2576,AbstRCT_glaucoma_19476406,"At month 3, the mean (SD) reduction from baseline IOP for patients on fixed-combination monotherapy was 7.7 (4.2) mmHg (32.3%) with brimonidine-timolol versus 6.7 (5.0) mmHg (26.1%) with dorzolamide-timolol (p = 0.040).",Fixed-combination brimonidine-timolol provided the same or greater IOP lowering compared with fixed-combination dorzolamide-timolol.,Support
2577,AbstRCT_glaucoma_20202537,"At 15 months, the mean number of medications was lower in the combined group than in the control group (0.4 +/- 0.7 and 1.3 +/- 1.0, respectively; P = .007), as was the proportion of patients on ocular hypotensive medication (33% and 76%, respectively).",Phacoemulsification with stent implantation was more effective in controlling IOP than phacoemulsification alone;,Support
2578,AbstRCT_glaucoma_20202537,"the IOP was statistically significantly lower in the combined group than in the control group at both time points (P = .031 and P = .042, respectively).",Phacoemulsification with stent implantation was more effective in controlling IOP than phacoemulsification alone;,Support
2579,AbstRCT_glaucoma_20202537,"The mean IOP was 14.8 +/- 1.2 mm Hg in the combined group and 15.7 +/- 1.1 mm Hg in the control group at 15 months and 16.6 +/- 3.1 mm Hg and 19.2 +/- 3.5 mm Hg, respectively, after washout;",Phacoemulsification with stent implantation was more effective in controlling IOP than phacoemulsification alone;,Support
2580,AbstRCT_glaucoma_8058290,although the larger implant was associated with a higher rate of some complications.,"The intermediate-term results of the 350- and 500-mm2 Baerveldt implants were statistically comparable with respect to surgical and visual outcomes, as well as complications",Partial-Attack
2581,AbstRCT_glaucoma_8058290,"The most frequent ones in the 350- and 500-mm2 groups, respectively, were serous choroidal effusion (16% and 32%), strabismus (16% and 19%), anterior uveitis (14% and 11%), and corneal or corneal graft edema (11% each).",Complication rates were statistically similar.,Support
2582,AbstRCT_glaucoma_8058290,"The postoperative visual acuities remained within one line of the preoperative visual acuities or improved in 62% and 66% of patients in the 350- and 500-mm2 groups, respectively (P = 0.93).","The intermediate-term results of the 350- and 500-mm2 Baerveldt implants were statistically comparable with respect to surgical and visual outcomes, as well as complications",Support
2583,AbstRCT_glaucoma_8058290,The 500-mm2 implants afforded intraocular pressure control with significantly fewer medications (0.7 versus 1.3; P = 0.006).,the 500-mm2 Baerveldt implant afforded intraocular pressure control with fewer medications than the 350-mm2 implant.,Support
2584,AbstRCT_glaucoma_8058290,"Of patients with 350- and 500-mm2 implants, 93% and 88%, respectively, achieved surgical success (18-month life-table analysis, P = 0.93).","The intermediate-term results of the 350- and 500-mm2 Baerveldt implants were statistically comparable with respect to surgical and visual outcomes, as well as complications",Support
2585,AbstRCT_glaucoma_8058290,Complication rates were statistically similar.,"The intermediate-term results of the 350- and 500-mm2 Baerveldt implants were statistically comparable with respect to surgical and visual outcomes, as well as complications",Support
2586,AbstRCT_glaucoma_21701528,"The most common drug-related adverse event was hyperemia of the eye (ocular hyperemia and conjunctival hyperemia combined), occurring in 11.8% of the TRA/TIM BAK-free group and 13.0% of the TRA/TIM group.",No clinically relevant differences in the safety profiles of travoprost/timolol BAK-free and travoprost/timolol preserved with BAK were identified.,Support
2587,AbstRCT_glaucoma_21701528,Mean IOP reduction across all visits and time points was 8.0 mm Hg in the TRA/TIM BAK-free group and 8.4 mm Hg in the TRA/TIM group (P=0.0943).,Travoprost/timolol BAK-free demonstrated equivalence to travoprost/timolol preserved with BAK in efficacy.,Support
2588,AbstRCT_glaucoma_21701528,"The difference in mean IOP between groups ranged from 0.2 to 0.7  mm Hg across visits and time points, with a mean pooled difference of 0.4  mm Hg (95% CI: -0.1 to 0.8),",Travoprost/timolol BAK-free demonstrated equivalence to travoprost/timolol preserved with BAK in efficacy.,Support
2589,AbstRCT_glaucoma_17397924,"Mean baseline IOP was 24.0+/-2.0 mmHg in the viscocanalostomy group and 23.7+/-2.6 mmHg in the trabeculectomy group (P = 0.7). Mean postoperative IOP was 13.7+/-2.2 mmHg at 3 months, 14.8+/-3.3 mmHg at 6 months, and 14.9+/-3.0 mmHg at 12 months in the viscocanalostomy group and 12.1+/-4.0 mmHg at 3 months, 13.8+/-4.7 mmHg at 6 months, and 14.1+/-4.4 mmHg at 12 months in the trabeculectomy group.",There was no significant difference in IOP reduction between viscocanalostomy and trabeculectomy with mitomycin C in combination with phacoemulsification and intraocular lens implantation in patients with primary open-angle glaucoma.,Support
2590,AbstRCT_glaucoma_17397924,"At 12 months, 17 patients (85%) in the viscocanalostomy group and 16 patients (80%) in the trabeculectomy group achieved an IOP of 20 mmHg or less without medication (P = 0.7).",There was no significant difference in IOP reduction between viscocanalostomy and trabeculectomy with mitomycin C in combination with phacoemulsification and intraocular lens implantation in patients with primary open-angle glaucoma.,Support
2591,AbstRCT_glaucoma_11158795,"After a mean follow-up of 6 months (range, 6-8 months), success was obtained in 5 of 10 cases in the trabeculectomy group and in 0 of 10 case in the viscocanalostomy group.","According to the results of this short-term study, trabeculectomy was more effective than viscocanalostomy in lowering IOP in glaucomatous eyes of white patients.",Support
2592,AbstRCT_glaucoma_11158795,"With Kaplan-Meier's method, subjects with viscocanalostomy showed shorter postoperative IOP-reduction periods than subjects undergoing trabeculectomy.","According to the results of this short-term study, trabeculectomy was more effective than viscocanalostomy in lowering IOP in glaucomatous eyes of white patients.",Support
2593,AbstRCT_glaucoma_22458918,The percentage of patients achieving at least a 20% decrease from baseline diurnal IOP at week 12 was 87.7% in the brimonidine-timolol group and 77.3% in the latanoprost group (p = 0.131).,Fixed-combination brimonidine-timolol was as effective as latanoprost in reducing IOP in patients with glaucoma or ocular hypertension.,Support
2594,AbstRCT_glaucoma_22458918,"At week 12, the mean (SD) diurnal IOP was 17.8 (2.9) mmHg with brimonidine-timolol and 17.9 (3.9) mmHg with latanoprost (p = 0.794).",Fixed-combination brimonidine-timolol was as effective as latanoprost in reducing IOP in patients with glaucoma or ocular hypertension.,Support
2595,AbstRCT_glaucoma_21183518,"125 of 277 patients (45.1%) experienced pain in the lidocaine group, compared with 123 of 229 patients (53.7%) in the BSS group.","The proportion of patients who experienced pain was significantly lower in the intracameral lidocaine group compared with the BSS group (multivariate OR 0.68, 95% CI 0.47 to 0.97; p=0.034).",Support
2596,AbstRCT_glaucoma_21183518,"Pain was more common in females (54.3% vs 43.6%; OR 1.56), non-Chinese (62.3% vs 46.9%; OR 2.13) and those who had previous cataract surgery to the fellow eye (55.3% vs 44.7%; OR 1.61).","Risk factors for pain include females, non-Chinese and previous cataract surgery.",Support
2597,AbstRCT_glaucoma_21183518,The median pain score (range) was 0.0 for intracameral lidocaine group compared with 1.0 for BSS group (p=0.039).,The use of 0.5 cc of 1% intracameral lidocaine during phacoemulsification under topical anaesthesia significantly reduces pain experienced by patients.,Support
2598,AbstRCT_glaucoma_22775229,"Neither LT nor BT altered ONHBF (P=0.4, baseline vs. treatment)",none of the administered drugs induced a significant effect on ocular blood flow parameters.,Support
2599,AbstRCT_glaucoma_22775229,no effect on flow velocities in the retrobulbar vessels was seen with either of the 2 treatments.,none of the administered drugs induced a significant effect on ocular blood flow parameters.,Support
2600,AbstRCT_glaucoma_22775229,"no difference in ocular perfusion pressure was observed between the 2 treatment groups (P=0.1, between groups).",a 6-week treatment with LT or BT was equally effective in reducing IOP.,Support
2601,AbstRCT_glaucoma_22814041,"the mean IOP was stable between 12 months and 24 months (17.0 mm Hg ± 2.8 [SD] and 17.1 ± 2.9 mm Hg, respectively) in the stent group but increased (17.0 ± 3.1 mm Hg to 17.8 ± 3.3 mm Hg, respectively) in the control group.",Patients with combined single trabecular micro-bypass stent and cataract surgery had significantly better IOP control on no medication through 24 months than patients having cataract surgery alone.,Support
2602,AbstRCT_glaucoma_22814041,"Ocular hypotensive medication was statistically significantly lower in the stent group at 12 months; it was also lower at 24 months, although the difference was no longer statistically significant.",Patients with combined single trabecular micro-bypass stent and cataract surgery had significantly better IOP control on no medication through 24 months than patients having cataract surgery alone.,Support
2603,AbstRCT_glaucoma_22814041,"At 24 months, the proportion of patients with an IOP of 21 mm Hg or lower without ocular hypotensive medications was significantly higher in the stent group than in the control group (P=.036).",Patients with combined single trabecular micro-bypass stent and cataract surgery had significantly better IOP control on no medication through 24 months than patients having cataract surgery alone.,Support
2604,AbstRCT_glaucoma_22814041,The incidence of adverse events was low in both groups through 24 months of follow-up.,Both groups had a similar favorable long-term safety profile.,Support
2605,AbstRCT_glaucoma_11912355,"However, latanoprost once daily was significantly more effective than brimonidine twice daily in reducing mean diurnal intraocular pressure.",Both latanoprost and brimonidine reduced intraocular pressure in patients with glaucoma or ocular hypertension after 6 months of treatment.,Partial-Attack
2606,AbstRCT_glaucoma_11912355,Ocular allergy (P < 0.001) and systemic side effects (P = 0.005) were reported significantly less frequently by latanoprost-treated patients compared with brimonidine-treated patients.,Latanoprost was better tolerated with less frequently occurring ocular allergy and systemic side effects.,Support
2607,AbstRCT_glaucoma_11912355,This 1.9 mm Hg difference in intraocular-pressure reduction was significantly in favor of latanoprost (P < 0.001).,"However, latanoprost once daily was significantly more effective than brimonidine twice daily in reducing mean diurnal intraocular pressure.",Support
2608,AbstRCT_glaucoma_11912355,"From an overall baseline mean intraocular pressure of 25.0 mm Hg, latanoprost monotherapy reduced mean diurnal intraocular pressure by 7.1 +/- 3.3 mm Hg (mean +/- SD, P < 0.001), whereas brimonidine monotherapy yielded an intraocular-pressure reduction of 5.2 +/- 3.5 mm Hg (P < 0.001).",Both latanoprost and brimonidine reduced intraocular pressure in patients with glaucoma or ocular hypertension after 6 months of treatment.,Support
2609,AbstRCT_glaucoma_14704542,"Over a follow-up period of 1 year, no statistically significant differences were detected between the Baerveldt-350 implant versus Ahmed valve for IOP control (12.1 +/- 5.3 mm Hg vs 13.6 +/- 5.6 mm Hg respectively, at a power of 90% to detect a difference of 3.2 mm Hg between the two groups and P = 0.05), surgical success rate (65.6% vs. 65.6% respectively, complete and qualified combined), postoperative hypotony rate (37.5% vs. 34.4% respectively), and visual acuity changes of more than 1 line in Snellen visual acuity (43.3% vs. 29.0% respectively).","In a case-controlled comparison, the Baerveldt-350 implant and the Ahmed valve had similar IOP control and surgical outcomes in patients with refractory glaucoma at 1-year follow-up.",Support
2610,AbstRCT_glaucoma_14704542,"Surgical success rate was defined as an IOP reduction greater than or equal to 30% and final IOP more than 5 mm Hg and less than 22 mm Hg, without devastating complications.","In a case-controlled comparison, the Baerveldt-350 implant and the Ahmed valve had similar IOP control and surgical outcomes in patients with refractory glaucoma at 1-year follow-up.",Support
2611,AbstRCT_glaucoma_19092465,No statistical difference in terms of adverse events was found between groups.,both fixed combinations are well tolerated with few side effects.,Support
2612,AbstRCT_glaucoma_19092465,"After 8 weeks of treatment, mean WDT peaks were 20.94+/-3.76 mm Hg (P<0.001) and 20.98+/-4.19 (P<0.001), respectively.","Both fixed combinations were capable of significantly reducing the mean diurnal IOP, mean diurnal peak, and mean WDT peak after 8 weeks of treatment.",Support
2613,AbstRCT_glaucoma_19092465,Mean baseline WDT peak was 27.79+/-4.29 mm Hg in the brimonidine/timolol group and 27.68+/-5.46 mm Hg in the dorzolamide/timolol group.,"Both fixed combinations were capable of significantly reducing the mean diurnal IOP, mean diurnal peak, and mean WDT peak after 8 weeks of treatment.",Support
2614,AbstRCT_glaucoma_19092465,The adjusted difference between groups (analysis of covariance) at week 8 was not statistically significant (P=0.847).,"Mean diurnal IOP reduction after 8 weeks were 7.02+/-3.06 mm Hg and 6.91+/-3.67 mm Hg, respectively (P=0.811).",Attack
2615,AbstRCT_glaucoma_19092465,"Mean diurnal IOP reduction after 8 weeks were 7.02+/-3.06 mm Hg and 6.91+/-3.67 mm Hg, respectively (P=0.811).","Both fixed combinations were capable of significantly reducing the mean diurnal IOP, mean diurnal peak, and mean WDT peak after 8 weeks of treatment.",Support
2616,AbstRCT_glaucoma_12750084,"Two eyes required argon laser suture lysis, and nine underwent one or more 5-FU injections, which caused punctate keratopathy in three eyes.","Trabeculectomy with postoperative 5-FU can probably provides lower IOPs but, with more numerous complications, greater discomfort, and more intensive postoperative management.",Support
2617,AbstRCT_glaucoma_12750084,No patient required reoperation.,Viscocanalostomy is an effective IOP-lowering procedure in white adults affected by open-angle glaucoma.,Support
2618,AbstRCT_glaucoma_12750084,"Complications of trabeculectomy included one case of postoperative bleb bleeding with early transient IOP spike; one early hyphema; five cases of postoperative hypotony, two of which had a positive Seidel test from the conjunctival suture; three cases of transient choroidal detachment, two of which had shallow anterior chamber.","Trabeculectomy with postoperative 5-FU can probably provides lower IOPs but, with more numerous complications, greater discomfort, and more intensive postoperative management.",Support
2619,AbstRCT_glaucoma_12750084,"Complications of viscocanalostomy included one intraoperative conversion into trabeculectomy; microruptures in Descemet's membrane in five eyes; three cases of iris incarceration in the Decemet's window, two of which caused early failure of the procedure requiring reoperation; and a 1-mm to 2-mm transient self-resolving hyphema in three cases","Trabeculectomy with postoperative 5-FU can probably provides lower IOPs but, with more numerous complications, greater discomfort, and more intensive postoperative management.",Support
2620,AbstRCT_glaucoma_12750084,"At the end of the 24-month follow-up, IOP of 21 mmHg or less and more than 6 mmHg was achieved in 76% in group 1 (n = 19) and in 80% in group 2 (n = 20; log-rank P = 0.60);",Viscocanalostomy is an effective IOP-lowering procedure in white adults affected by open-angle glaucoma.,Support
2621,AbstRCT_glaucoma_12750084,an IOP between 6 and 16 mmHg was obtained in 56% in group 1 (n = 14) and in 72% in group 2 (n = 18; log-rank P = 0.17; Kaplan-Meier cumulative probability of success).,Viscocanalostomy is an effective IOP-lowering procedure in white adults affected by open-angle glaucoma.,Support
2622,AbstRCT_glaucoma_12750084,"At the end of the 24-month follow-up, IOP of 21 mmHg or less and more than 6 mmHg was achieved in 76% in group 1 (n = 19) and in 80% in group 2 (n = 20; log-rank P = 0.60);","Trabeculectomy with postoperative 5-FU can probably provides lower IOPs but, with more numerous complications, greater discomfort, and more intensive postoperative management.",Support
2623,AbstRCT_glaucoma_12750084,an IOP between 6 and 16 mmHg was obtained in 56% in group 1 (n = 14) and in 72% in group 2 (n = 18; log-rank P = 0.17; Kaplan-Meier cumulative probability of success).,"Trabeculectomy with postoperative 5-FU can probably provides lower IOPs but, with more numerous complications, greater discomfort, and more intensive postoperative management.",Support
2624,AbstRCT_glaucoma_19336424,Adverse events were mild in both groups;,Both drugs were well tolerated with mild ocular adverse events.,Support
2625,AbstRCT_glaucoma_19336424,"however there were twice as many reports of an adverse event in the bimatoprost group (81%) compared with the latanoprost group (40%, p<0.01).",Adverse events were mild in both groups;,Partial-Attack
2626,AbstRCT_glaucoma_19336424,Latanoprost reduced IOP (mean (SD)) by 8.4 (3.8) mm Hg and bimatoprost by 8.9 (3.9) mm Hg from a baseline of 25.2 (3.6) mm Hg and 25.2 (3.6) mm Hg respectively (p = 0.23).,Bimatoprost once daily was similarly effective in reducing IOP compared with latanoprost once daily in subjects with chronic PACG.,Support
2627,AbstRCT_glaucoma_19336424,22 subjects (37.9%) treated with bimatoprost experienced ocular hyperaemia as compared with 13 subjects (22.4%) treated with latanoprost (p = 0.11).,Both drugs were well tolerated with mild ocular adverse events.,Support
2628,AbstRCT_glaucoma_12908569,The mean heart rate in the brimonidine group was relatively unchanged over the study period.,It has a safe systemic profile with minimum effect on the heart.,Support
2629,AbstRCT_glaucoma_12908569,Patients receiving timolol experienced statistically significant mean heart rate decreases from baseline (p = 0.020) in week 4.,It has a safe systemic profile with minimum effect on the heart.,Support
2630,AbstRCT_glaucoma_12908569,except in week 2 (p = 0.016) when brimonidine had lower systolic blood pressure.,Mean systolic and diastolic blood pressure remained relatively stable in both groups,Partial-Attack
2631,AbstRCT_glaucoma_12908569,"No significant changes in visual acuity, biomicroscopy or ophthalmoscopy were observed in both groups.",It has a safe systemic profile with minimum effect on the heart.,Support
2632,AbstRCT_glaucoma_12908569,Ocular allergy occurred in 10.3% of patients in brimonidine group.,It has a safe systemic profile with minimum effect on the heart.,Support
2633,AbstRCT_glaucoma_12908569,Mean systolic and diastolic blood pressure remained relatively stable in both groups,"Topically applied twice daily for one month, brimonidine tartrate 0.2% has clinical effectiveness equivalent to timolol 0.5% in Taiwanese patients with glaucoma.",Support
2634,AbstRCT_glaucoma_12908569,17.2% of patients in brimonidine group and 9.0% patients in timolol group reported mild adverse events.,It has a safe systemic profile with minimum effect on the heart.,Support
2635,AbstRCT_glaucoma_12908569,"The clinical success rate was 86.2% in the brimonidine group and 81.8% in the timolol group, making no statistically significant difference between them (p = 0.817).","Topically applied twice daily for one month, brimonidine tartrate 0.2% has clinical effectiveness equivalent to timolol 0.5% in Taiwanese patients with glaucoma.",Support
2636,AbstRCT_glaucoma_12908569,"At trough, the mean decreases from baseline ranged from 3.72 +/- 0.32 mmHg to 4.55 +/- 0.32 mmHg for brimonidine and 3.82 +/- 0.52 mmHg to 4.27 +/- 0.51 mmHg for timolol.","Topically applied twice daily for one month, brimonidine tartrate 0.2% has clinical effectiveness equivalent to timolol 0.5% in Taiwanese patients with glaucoma.",Support
2637,AbstRCT_glaucoma_12908569,"At peak, the mean decreases from the baseline IOP ranged from 5.22 +/- 0.30 mmHg to 6.96 +/- 0.33 mmHg for brimonidine and from 4.55 +/- 0.49 mmHg to 6.64 +/- 0.53 mmHg for timolol.","Topically applied twice daily for one month, brimonidine tartrate 0.2% has clinical effectiveness equivalent to timolol 0.5% in Taiwanese patients with glaucoma.",Support
2638,AbstRCT_glaucoma_12908569,The IOP readings after treatment were significantly lower than their baseline levels in both groups at all visits (p < 0.001).,"Topically applied twice daily for one month, brimonidine tartrate 0.2% has clinical effectiveness equivalent to timolol 0.5% in Taiwanese patients with glaucoma.",Support
2639,AbstRCT_glaucoma_12908569,"At baseline, the mean IOP was 24.48 +/- 2.29 mmHg in the brimonidine group and 23.32 +/- 0.82 mmHg in the timolol group.","Topically applied twice daily for one month, brimonidine tartrate 0.2% has clinical effectiveness equivalent to timolol 0.5% in Taiwanese patients with glaucoma.",Support
2640,AbstRCT_glaucoma_28178150,"Success in fluctuation reduction was 75% and 92% for the SLT and travoprost groups, respectively (P = 0.005).","travoprost better controls IOP fluctuations than SLT, especially during the daytime.",Support
2641,AbstRCT_glaucoma_28178150,"Ninety-six percent of NTG eyes in the travoprost group, and 82% of eyes in the SLT group had IOP fluctuations <3 mm Hg (P = 0.01).","travoprost better controls IOP fluctuations than SLT, especially during the daytime.",Support
2642,AbstRCT_glaucoma_28178150,"eyes in the SLT and the travoprost groups achieved a significant reduction in IOP compared with the baseline IOP values (-3.7 mm Hg [P = 0.002] vs -4.1 mm Hg [P < 0.001], respectively).","The effect of travoprost on IOP reduction in POAG and NTG patients was significant both during the daytime and the nighttime,",Support
2643,AbstRCT_glaucoma_15177955,"After 15 days postoperatively, the mean IOP did not significantly differ for both MMC and control eyes.",Mitomycin C did not increase the short- or intermediate-term success rates of Ahmed Glaucoma Valve implantation.,Support
2644,AbstRCT_glaucoma_15177955,"There were no significant differences in survival rates between the 2 groups with either criterion (P = 0.75 and P = 0.37, respectively).",Mitomycin C did not increase the short- or intermediate-term success rates of Ahmed Glaucoma Valve implantation.,Support
2645,AbstRCT_glaucoma_15177955,"When an IOP reduction of at least 30% was used as the criterion to define success, the Kaplan-Meier survival analysis demonstrated a probability of success at 18 months of 62% for the MMC group and 67% for the control group.",Mitomycin C did not increase the short- or intermediate-term success rates of Ahmed Glaucoma Valve implantation.,Support
2646,AbstRCT_glaucoma_15177955,"After a mean follow-up of 12.3 months, Kaplan-Meier survival analysis showed a probability of success of 59% at 18 months for the MMC group and 61% for the control group when the first criterion for success was used (IOP between 6 and 21 mmHg).",Mitomycin C did not increase the short- or intermediate-term success rates of Ahmed Glaucoma Valve implantation.,Support
2647,AbstRCT_glaucoma_19900212,Mean total 36-month direct costs were similar in patients initiated with latanoprost and non-PGs.,Resource utilization and costs were generally similar in those initiating latanoprost or non-PG therapy.,Support
2648,AbstRCT_glaucoma_19900212,Decreases in mean diurnal IOP from baseline were significantly greater for latanoprost than for non-PGs at months 6 and 12 (p < 0.01).,The IOP-reducing effect of latanoprost and tolerability were sustained over the long term.,Support
2649,AbstRCT_glaucoma_22344189,"Postoperative complications were more frequent after trabeculectomy (33%) compared with Ex-PRESS (20%), with four trabeculectomy eyes (27%) needing postoperative interventions, compared with none with Ex-PRESS.","the Ex-PRESS group had a lower rate of complications, fewer postoperative interventions, and needed less glaucoma medications.",Support
2650,AbstRCT_glaucoma_22344189,Complete success rates (5<IOP<18 mm Hg without medications) were higher with Ex-PRESS compared with trabeculectomy (P=0.0024).,"Trabeculectomy and Ex-PRESS implantation provided similar IOP control,",Partial-Attack
2651,AbstRCT_glaucoma_22344189,The mean number of anti-glaucoma medicines prescribed at the last follow-up decreased from 3.7 pre-operatively (both groups) to 0.9 after trabeculectomy vs 0.3 after Ex-PRESS implantation (P=0.001).,"the Ex-PRESS group had a lower rate of complications, fewer postoperative interventions, and needed less glaucoma medications.",Support
2652,AbstRCT_glaucoma_22344189,"At the last follow-up visit, mean pre-operative IOP decreased from 31.1 (± 14.2) to 16.2 (± 1.5) mm Hg after trabeculectomy, and from 28.1 (± 9.0) to 15.7 (± 1.8) mm Hg after Ex-PRESS implantation (P=0.001).","Trabeculectomy and Ex-PRESS implantation provided similar IOP control,",Support
2653,AbstRCT_glaucoma_12644943,"Sixteen (13.2%) of 121 patients in the placebo group converted to glaucoma, compared with 12 (9.0%) of 134 patients in the betaxolol group.",the intent-to-treat analysis did not demonstrate a statistically significant reduction in the conversion rate in the betaxolol-treated group.,Support
2654,AbstRCT_glaucoma_12644943,The intent-to-treat analysis demonstrated no evidence of any difference in conversion rates between the betaxolol and placebo groups after 3 years.,the intent-to-treat analysis did not demonstrate a statistically significant reduction in the conversion rate in the betaxolol-treated group.,Support
2655,AbstRCT_glaucoma_18164068,"Cumulative successes in the Ahmed group were 0.73 at 1 year and 0.62 at 2 years, whereas cumulative successes in the Baerveldt group were 0.92 at 1 year and 0.85 at 2 years (Kaplan-Meier survival functions: P = 0.03, log rank test).",Our study suggests that the Ahmed S2 Glaucoma Valve may be less effective at lowering IOP than the Baerveldt 250-mm(2) Glaucoma Implant.,Support
2656,AbstRCT_glaucoma_18164068,"At last follow-up visit, eyes in the Ahmed group had a significantly higher mean IOP (19.8+/-9.5 vs. 15.8+/-7.9 mmHg, P = 0.003, t test) and more antiglaucoma medications (1.4+/-1.2 vs. 0.9+/-1.1 medications, P = 0.008, Mann-Whitney test) than eyes in the Baerveldt group.",Our study suggests that the Ahmed S2 Glaucoma Valve may be less effective at lowering IOP than the Baerveldt 250-mm(2) Glaucoma Implant.,Support
2657,AbstRCT_glaucoma_15598478,"Similar proportions of patients in the fixed-combination and latanoprost groups reported at least 1 treatment-emergent AE (10.9% and 12.1%, respectively).",Both treatments were well tolerated.,Support
2658,AbstRCT_glaucoma_15598478,"PP analyses found that more patients in the fixed-combination group had IOP decreases >or=3, >or=4, or >or=5 mm Hg (for each target level, P < 0.001 vs latanoprost group) or final IOP 18 mm Hg (fixed -combination, 35.1%; latanoprost, 17.8%; P < 0.001).","patients with an inadequate initial IOP response to latanoprost, switching to fixed-combination latanoprosttimolol resulted in a greater decrease in IOP and similar tolerability compared with continuing latanoprost therapy.",Support
2659,AbstRCT_glaucoma_15598478,"A higher percentage of patients receiving the fixed combination had IOP decreases of 2 mm Hg on day 21 relative to baseline compared with latanoprost-treated patients (79.4% vs 51.4%, respectively; P < 0.001).","patients with an inadequate initial IOP response to latanoprost, switching to fixed-combination latanoprosttimolol resulted in a greater decrease in IOP and similar tolerability compared with continuing latanoprost therapy.",Support
2660,AbstRCT_glaucoma_19243831,"Combined surgery was associated with more postoperative complications (P<0.001) and more progression of optic neuropathy (P = 0.03), compared with phacoemulsification alone.",Combined phacotrabeculectomy is associated with more postoperative complications.,Support
2661,AbstRCT_glaucoma_19243831,"Combined phacotrabeculectomy resulted in 1.25 fewer topical glaucoma drugs (P<0.001) in the 24-month postoperative period, compared with phacoemulsification alone.",Combined phacotrabeculectomy with adjunctive mitomycin C is more effective than phacoemulsification alone in controlling IOP in medically uncontrolled CACG eyes with coexisting cataract.,Support
2662,AbstRCT_glaucoma_19243831,"Combined phacotrabeculectomy resulted in lower mean postoperative IOP than phacoemulsification alone at 3 months (14.0 vs 17.0 mmHg, P = 0.01), 15 months (13.2 vs 15.4 mmHg, P = 0.02), and 18 months (13.6 vs 15.9 mmHg, P = 0.01).",Combined phacotrabeculectomy with adjunctive mitomycin C is more effective than phacoemulsification alone in controlling IOP in medically uncontrolled CACG eyes with coexisting cataract.,Support
2663,AbstRCT_glaucoma_10682964,"Brinzolamide produced less ocular discomfort (burning/stinging) than timolol, and total carbonic anhydrase inhibition levels remained below that known to cause systemic side effects.","Brinzolamide was safe and well tolerated by patients, with minimal ocular discomfort.",Support
2664,AbstRCT_glaucoma_10682964,All regimens produced clinically relevant and statistically significant (P<.05) intraocular pressure reductions from baseline.,Brinzolamide produced significant and equivalent reductions in intraocular pressure when dosed two and three times daily for 18 months.,Support
2665,AbstRCT_glaucoma_10682964,Mean changes in intraocular pressure trough measurements ranged from -2.7 to -3.9 mm Hg with brinzolamide twice-daily dosing and -2.8 to -3.8 mm Hg three times daily dosing compared with -4.7 to -5.6 mm Hg with timolol.,Brinzolamide produced significant and equivalent reductions in intraocular pressure when dosed two and three times daily for 18 months.,Support
2666,AbstRCT_glaucoma_10682964,Adverse events were nonserious and resolved without sequelae.,"Brinzolamide was safe and well tolerated by patients, with minimal ocular discomfort.",Support
2667,AbstRCT_glaucoma_10877373,"Quality of life remained stable, with no significant between-group differences.","As a first-line agent for the treatment of glaucoma and ocular hypertension, brimonidine has clinical effectiveness equivalent to timolol, but with less chronotropic effect on the heart.",Support
2668,AbstRCT_glaucoma_10877373,"As a first-line agent for the treatment of glaucoma and ocular hypertension, brimonidine has clinical effectiveness equivalent to timolol, but with less chronotropic effect on the heart.",Brimonidine is a viable alternative to timolol for first-line therapy in glaucoma and ocular hypertension.,Support
2669,AbstRCT_glaucoma_10877373,Mean systolic and diastolic blood pressure remained relatively stable in both groups.,"As a first-line agent for the treatment of glaucoma and ocular hypertension, brimonidine has clinical effectiveness equivalent to timolol, but with less chronotropic effect on the heart.",Support
2670,AbstRCT_glaucoma_10877373,"with the exception of a slightly higher rate of ocular burning and stinging in the brimonidine group, there were no significant between-group differences.","As a first-line agent for the treatment of glaucoma and ocular hypertension, brimonidine has clinical effectiveness equivalent to timolol, but with less chronotropic effect on the heart.",Support
2671,AbstRCT_glaucoma_10877373,Few patients reported a specific adverse event,"As a first-line agent for the treatment of glaucoma and ocular hypertension, brimonidine has clinical effectiveness equivalent to timolol, but with less chronotropic effect on the heart.",Support
2672,AbstRCT_glaucoma_10877373,The overall mean decrease in IOP was 6.5 mm Hg with brimonidine and 6.2 mm Hg with timolol.,"As a first-line agent for the treatment of glaucoma and ocular hypertension, brimonidine has clinical effectiveness equivalent to timolol, but with less chronotropic effect on the heart.",Support
2673,AbstRCT_glaucoma_10877373,Clinical success was 71% (75/106) with brimonidine and 70% (73/105) with timolol as initial treatment.,"As a first-line agent for the treatment of glaucoma and ocular hypertension, brimonidine has clinical effectiveness equivalent to timolol, but with less chronotropic effect on the heart.",Support
2674,AbstRCT_glaucoma_10877373,No significant chronotropic effects on the heart were seen with brimonidine,"As a first-line agent for the treatment of glaucoma and ocular hypertension, brimonidine has clinical effectiveness equivalent to timolol, but with less chronotropic effect on the heart.",Support
2675,AbstRCT_glaucoma_10877373,small but significant mean decreases in heart rate were seen at months 1 and 4 with timolol.,"As a first-line agent for the treatment of glaucoma and ocular hypertension, brimonidine has clinical effectiveness equivalent to timolol, but with less chronotropic effect on the heart.",Support
2676,AbstRCT_glaucoma_21035866,Cataract extraction was performed on 1 patient in the laser group and in 1 patient in the control group during the study period (laser eye at 18 months; control eye at 34 months).,This study suggests that there was no benefit of Nd:YAG LPI in preventing progression from PDS with OHT to PG within 3 years of follow-up.,Support
2677,AbstRCT_glaucoma_21035866,The proportion of eyes started on medical treatment was similar in the 2 groups: 8 eyes (15%) in the laser group and 9 eyes (17%) in the control group.,This study suggests that there was no benefit of Nd:YAG LPI in preventing progression from PDS with OHT to PG within 3 years of follow-up.,Support
2678,AbstRCT_glaucoma_21921953,No adverse reaction to OLO was noted.,"Our results suggest that OLO implant could be a new, safe, and effective alternative to MMC, with similar long-term success rate.",Support
2679,AbstRCT_glaucoma_21921953,"SD-OCT analysis of successful/unsuccessful bleb in patients with or without complete success at IOP =17  mm Hg indicated a sensitivity of 83% and 73% and a specificity of 75% and 67%, respectively, for MMC and OLO groups.","Our results suggest that OLO implant could be a new, safe, and effective alternative to MMC, with similar long-term success rate.",Support
2680,AbstRCT_glaucoma_21921953,The bleb height in OLO group was higher than MMC one (P<0.05).,"Our results suggest that OLO implant could be a new, safe, and effective alternative to MMC, with similar long-term success rate.",Support
2681,AbstRCT_glaucoma_21921953,The rates and Kaplan-Meier curves did not differ for both complete and qualified success at any target IOP.,"Our results suggest that OLO implant could be a new, safe, and effective alternative to MMC, with similar long-term success rate.",Support
2682,AbstRCT_glaucoma_21921953,"The IOP reduction was significant at end point in all groups (P=0.01), with a mean IOP of 16.0 (±2.9) and 16.5 (±2.1) mm Hg in MMC and OLO, respectively.","Our results suggest that OLO implant could be a new, safe, and effective alternative to MMC, with similar long-term success rate.",Support
2683,AbstRCT_glaucoma_21921953,"One-day postoperatively, the IOP dropped to 5.2 (±3.5) and 9.2 (±5.5) mm Hg, respectively (P=0.009).","Our results suggest that OLO implant could be a new, safe, and effective alternative to MMC, with similar long-term success rate.",Support
2684,AbstRCT_glaucoma_14982045,although ocular stinging occurred more frequently with the dorzolamide/timolol combination.,"Both treatments were well tolerated over 3 months,",Partial-Attack
2685,AbstRCT_glaucoma_14982045,"The difference between treatments in mean IOP change at 3 months was -0.04 mmHg [95% confidence interval (CI) -0.85, 0.77] in Study 1, and -0.57 mmHg (95% CI -1.31, 0.16) in Study 2.",The dorzolamide/timolol combination and latanoprost were equally effective at lowering IOP.,Support
2686,AbstRCT_glaucoma_14982045,"After 3 months, the mean daytime diurnal IOP was 18.9 mmHg for the dorzolamide/timolol combination versus 18.4 mmHg for latanoprost in Study 1, and 17.4 mmHg for the dorzolamide/timolol combination versus 17.5 for latanoprost in Study 2.",The dorzolamide/timolol combination and latanoprost were equally effective at lowering IOP.,Support
2687,AbstRCT_glaucoma_14982045,"At baseline, the mean daytime diurnal IOP was 26.1 mmHg in the dorzolamide/timolol combination group versus 25.6 mmHg in the latanoprost group in Study 1, and 25.3 mmHg in the dorzolamide/timolol combination group versus 24.7 mmHg in the latanoprost group in Study 2.",The dorzolamide/timolol combination and latanoprost were equally effective at lowering IOP.,Support
2688,AbstRCT_glaucoma_14982045,"The probability that the true difference lay between -1.5 and 1.5 mmHg, the predefined bounds for equivalence, was >0.950 in both studies.","The difference between treatments in mean IOP change at 3 months was -0.04 mmHg [95% confidence interval (CI) -0.85, 0.77] in Study 1, and -0.57 mmHg (95% CI -1.31, 0.16) in Study 2.",Attack
2689,AbstRCT_glaucoma_14982045,"The probability that the true difference lay between -1.5 and 1.5 mmHg, the predefined bounds for equivalence, was >0.950 in both studies.","After 3 months, the mean daytime diurnal IOP was 18.9 mmHg for the dorzolamide/timolol combination versus 18.4 mmHg for latanoprost in Study 1, and 17.4 mmHg for the dorzolamide/timolol combination versus 17.5 for latanoprost in Study 2.",Attack
2690,AbstRCT_glaucoma_20472226,IOP was reduced from 24.66 +/- 13.76 mm Hg to 19.03 +/- 6.21 mm Hg in the iridotomy group (P < .001) and from 27.96 +/- 13.06 mm Hg to 20.45 +/- 7.26 mm Hg in the iridotomy plus iridoplasty group (P < .001).,"In eyes with synechial primary angle-closure or primary angle-closure glaucoma, both iridotomy alone or combined with iridoplasty provide a significant and equivalent reduction in IOP.",Support
2691,AbstRCT_glaucoma_20472226,Extent of peripheral anterior synechiae was decreased by 1 more clock-hour after iridoplasty compared with that after iridotomy in the iridotomy plus iridoplasty group (P < .001).,"There is also a possible reduction in peripheral anterior synechiae, more so in the iridoplasty group.",Support
2692,AbstRCT_glaucoma_15474813,Postoperative hypotony and cataract formation occurred more frequently in the trabeculectomy group than in the viscocanalostomy group (P=.002).,the complication rate was lower in the viscocanalostomy group.,Support
2693,AbstRCT_glaucoma_15474813,"Qualified success (IOP 6 to 21 mmHg with medication) was achieved in 95.8% of eyes at 6 months and 79.2% at 3 years in the trabeculectomy group and in 90.7% and 73.9%, respectively, in the viscocanalostomy group (P>.05).",Primary trabeculectomy lowered IOP more than viscocanalostomy in POAG patients.,Support
2694,AbstRCT_glaucoma_15474813,"Complete success (IOP 6 to 21 mm Hg without medication) was achieved in 66.2% of eyes at 6 months and 55.1% at 3 years in the trabeculectomy group and in 52.9% and 35.3%, respectively, in the viscocanalostomy group (P>.05).",Primary trabeculectomy lowered IOP more than viscocanalostomy in POAG patients.,Support
2695,AbstRCT_glaucoma_15474813,"At 3 years, the mean IOP was 16.0 mmHg +/- 7.07 (SD) in the trabeculectomy group and 17.8 +/- 4.6 mmHg in the viscocanalostomy group (P=.694).",Primary trabeculectomy lowered IOP more than viscocanalostomy in POAG patients.,Support
2696,AbstRCT_glaucoma_12383808,"At 12 months, 45 of 48 (94%) eyes in the 5-FU group met a target IOP of 21 mm Hg while 48 of 54 (89%) eyes in the MMC group did (P =.49).",Our study suggests that intraoperative topical 5-FU is at least as effective as intraoperative topical MMC in reducing IOP of eyes undergoing primary trabeculectomy.,Support
2697,AbstRCT_glaucoma_12383808,A target IOP of 21 mm Hg at 6 months was achieved in 53 of 56 (95%) eyes in the 5-FU group and 54 of 57 (95%) eyes in the MMC group (P = 1.00).,Our study suggests that intraoperative topical 5-FU is at least as effective as intraoperative topical MMC in reducing IOP of eyes undergoing primary trabeculectomy.,Support
2698,AbstRCT_glaucoma_9034838,Latanoprost 0.005% once daily reduced IOP more effectively than latanoprost 0.0015% twice daily (P < 0.001).,Both concentrations of latanoprost reduced IOP at least as well as timolol 0.5% eye drops.,Support
2699,AbstRCT_glaucoma_9034838,No statistically significant difference in conjunctival hyperemia between the two latanoprost regimens was found (P = 0.37).,There was no difference in hyperemia between the two regimens.,Support
2700,AbstRCT_glaucoma_9034838,"There was a statistically significant increase in the aqueous humour protein concentration within the timolol group (P = 0.004), but not within the latanoprost group (P = 0.97).",Latanoprost had no statistically or clinically significant effect on the blood-aqueous barrier.,Support
2701,AbstRCT_glaucoma_9034838,"Latanoprost 0.005% once daily reduced IOP (+/- SEM) more effectively than latanoprost 0.0015% twice daily (9.8 +/- 0.9 mm Hg and 6.7 +/- 0.9 mm Hg, respectively).",Both concentrations of latanoprost reduced IOP at least as well as timolol 0.5% eye drops.,Support
2702,AbstRCT_glaucoma_9034838,There was no statistically significant difference in the change in aqueous humour protein concentration from baseline between latanoprost and timolol groups (P = 0.08).,Latanoprost had no statistically or clinically significant effect on the blood-aqueous barrier.,Support
2703,AbstRCT_glaucoma_20828829,The overall incidence of adverse events was similar between groups with no unanticipated adverse device effects.,"Pressure reduction on fewer medications was clinically and statistically significantly better 1 year after stent plus cataract surgery versus cataract surgery alone, with an overall safety profile similar to that of cataract surgery alone.",Support
2704,AbstRCT_glaucoma_20828829,Sixty-six percent of treatment eyes versus 48% of control eyes achieved =20% IOP reduction without medication (P = 0.003).,"Pressure reduction on fewer medications was clinically and statistically significantly better 1 year after stent plus cataract surgery versus cataract surgery alone, with an overall safety profile similar to that of cataract surgery alone.",Support
2705,AbstRCT_glaucoma_20828829,"At 1 year, IOP in both treatment groups was statistically significantly lower from baseline values.","Pressure reduction on fewer medications was clinically and statistically significantly better 1 year after stent plus cataract surgery versus cataract surgery alone, with an overall safety profile similar to that of cataract surgery alone.",Support
2706,AbstRCT_glaucoma_12470755,No serious adverse event related to either medication was reported.,Both agents were safe and well tolerated.,Support
2707,AbstRCT_glaucoma_12470755,"The change in the mean +/- SD of the IOPs measured at 8:00 AM, 12 noon, and 4:00 PM was -7.2 +/- 3.2 mm Hg (28%) for latanoprost (25.3 +/- 2.8 mm Hg at baseline to 18.2 +/- 2.8 mm Hg at 8 weeks) and -3.9 +/- 2.6 mm Hg (15%) for unoprostone (25.5 +/- 3.3 mm Hg at baseline to 21.6 +/- 4.0 mm Hg; P <or=.001.","Over an 8-week period, latanoprost 0.005% once daily lowered IOP more than unoprostone 0.15% twice daily in patients with elevated IOP.",Support
2708,AbstRCT_glaucoma_8628543,both drugs were generally well tolerated.,Latanoprost was generally well tolerated systemically and in the eye.,Support
2709,AbstRCT_glaucoma_8628543,"Diurnal IOP (9:00 am, 1:00 pm, 5:00 pm) was reduced from 25.2 to 16.7 mmHg (33.7%) with lantanoprost and from 25.4 to 17.1 mmHg (32.7%) with timolol as determined at the end of the 6-month treatment period.",Latanoprost 0.005% administered once daily in the evening reduced IOP at least as well as timolol 0.5% administered twice daily.,Support
2710,AbstRCT_glaucoma_19123151,"The mean IOP reduction was significantly greater in the BTFC group than in the LTFC group (-21.4% vs -13.7%, p<0.001).",BTFC demonstrated higher performance than LTFC in terms of relative IOP reduction.,Support
2711,AbstRCT_glaucoma_19123151,A higher percentage of patients in the BTFC group showed a mean IOP reduction from baseline >or=15% (72.3% vs 40.0%) and >or=20% (61.7% vs 17.1%) compared to patients in the LTFC group.,BTFC demonstrated higher performance than LTFC in terms of relative IOP reduction.,Support
2712,AbstRCT_glaucoma_11730649,Mean baseline values (25 mm Hg) for subjects at eligibility (while maintained on timolol) were not significantly different (P <.0001) among the treatment groups.,Travoprost produced clinically relevant and statistically significant additional intraocular pressure reductions from baseline when used adjunctively with timolol in subjects with open-angle glaucoma or ocular hypertension.,Support
2713,AbstRCT_glaucoma_11730649,"The intraocular pressure was lowered an additional -5.7 to -7.2 mm Hg and -5.1 to -6.7 mm Hg in the travoprost 0.004% and 0.0015% concentrations, respectively.",Travoprost produced clinically relevant and statistically significant additional intraocular pressure reductions from baseline when used adjunctively with timolol in subjects with open-angle glaucoma or ocular hypertension.,Support
2714,AbstRCT_glaucoma_11730649,These changes were significantly (P < or =.0001) different from the vehicle group (-1.3 to -2.8 mm Hg).,"The intraocular pressure was lowered an additional -5.7 to -7.2 mm Hg and -5.1 to -6.7 mm Hg in the travoprost 0.004% and 0.0015% concentrations, respectively.",Support
2715,AbstRCT_glaucoma_11730649,The intraocular pressure range on treatment at all visit times over the 6-month treatment period ranged from 17.9 to 19.2 mm Hg for travoprost 0.004% and 18.3 to 20.1 mm Hg for travoprost 0.0015% compared with 22.4 to 24.1 mm Hg for vehicle.,Travoprost produced clinically relevant and statistically significant additional intraocular pressure reductions from baseline when used adjunctively with timolol in subjects with open-angle glaucoma or ocular hypertension.,Support
2716,AbstRCT_glaucoma_21573097,statistical tests showed no difference in mean and median IOP.,TMMC and T5-FU appeared to have similar efficacy in lowering IOP.,Support
2717,AbstRCT_glaucoma_21573097,"Mean preoperative IOPs in the TMMC and T5-FU groups were 31.2 ± 9.8 and 30.6 ± 9.9 mmHg, respectively. Postoperatively, mean IOPs were 11.4 ± 4.9 and 13.6 ± 3.9 mmHg, respectively for TMMC and T5-FU groups after 6 months.",TMMC and T5-FU appeared to have similar efficacy in lowering IOP.,Support
2718,AbstRCT_glaucoma_20420586,Both treatments had a substantial IOP-lowering effect which persisted throughout the study (-7.1 mmHg for tafluprost and -7.7 mmHg for latanoprost at 24 months).,Tafluprost is a new effective and well-tolerated treatment for glaucoma and ocular hypertension.,Support
2719,AbstRCT_glaucoma_20420586,"this difference was clinically small and the noninferiority of tafluprost to latanoprost over all diurnal IOP measurements was shown with anova and almost reached with ancova (upper limits of the 95% confidence intervals 1.38 and 1.52 for the overall period, respectively).","the IOP-lowering effect during the study was slightly larger with latanoprost,",Partial-Attack
2720,AbstRCT_glaucoma_20420586,Both treatments had a substantial IOP-lowering effect which persisted throughout the study (-7.1 mmHg for tafluprost and -7.7 mmHg for latanoprost at 24 months).,"the IOP-lowering effect during the study was slightly larger with latanoprost,",Support
2721,AbstRCT_glaucoma_10599663,The overall success rates were 87% for the 350-mm2 group and 70% for the 500-mm2 group (P = 0.05).,The longer term results show that the 350-mm2 Baerveldt implant is more successful than the 500-mm2 implant for overall IOP control.,Support
2722,AbstRCT_glaucoma_10599663,"The life-table success rates declined over time for both implant groups, from a high of 98% for the 350-mm2 group and 92% for the 500-mm2 group at 1 year to a cumulative success rate of 79% for the 350-mm2 group and 66% for the 500-mm2 group at 5 years.","Interval comparisons indicate a higher rate of success for the 350-mm2 implant in the first, second, third, fourth, and fifth years of implantation.",Support
2723,AbstRCT_glaucoma_10599663,Visual acuities were better or remained the same in 50% of the patients in the 350-mm2 group and 46% of those in the 500-mm2 group.,The longer term results show that the 350-mm2 Baerveldt implant is more successful than the 500-mm2 implant for overall IOP control.,Support
2724,AbstRCT_glaucoma_11148810,Survival analysis showed a tendency but no statistically significant difference between treatment groups (P = 0.07).,"In this long-term study we found a tendency but failed to prove a beneficial effect of topical timolol treatment in patients with elevated IOP, normal visual fields and some additional risk factor.",Support
2725,AbstRCT_glaucoma_11148810,"IOP reduction was greater in eyes passing the 10-year visit without field loss (5.7 mmHg), than in those that reached an end-point (2.3 mmHg; P = 0.0002).","In this long-term study we found a tendency but failed to prove a beneficial effect of topical timolol treatment in patients with elevated IOP, normal visual fields and some additional risk factor.",Support
2726,AbstRCT_glaucoma_11148810,After 5 years of follow-up eight patients in the placebo group and five patients in the timolol group had developed glaucomatous field loss (NS);,"In this long-term study we found a tendency but failed to prove a beneficial effect of topical timolol treatment in patients with elevated IOP, normal visual fields and some additional risk factor.",Support
2727,AbstRCT_glaucoma_17601060,"Because the efficacy of both drugs was equivalent, with an identical safety profile,",the long-acting eye drops seem to be an efficacious formulation for clinical use in Japanese glaucoma patients.,Support
2728,AbstRCT_glaucoma_17601060,Intraocular pressure was significantly reduced during the entire follow-up period in both groups.,the long-acting eye drops seem to be an efficacious formulation for clinical use in Japanese glaucoma patients.,Support
2729,AbstRCT_glaucoma_17601060,"The safety profile was similar in both groups, and the tolerance for the long-acting eye drops was as good as for the currently-prescribed eye drops.","Because the efficacy of both drugs was equivalent, with an identical safety profile,",Support
2730,AbstRCT_glaucoma_17601060,"In the currently-prescribed drug group, the reduction of intraocular pressure was -4.1 +/- 0.2, -4.4 +/- 0.3 and--4.6 +/- 0.2 mmHg at 2, 4, and 8 weeks(paired t test).",the long-acting eye drops seem to be an efficacious formulation for clinical use in Japanese glaucoma patients.,Support
2731,AbstRCT_glaucoma_17601060,"In the long-acting drug group, the reduction of intraocular pressure was -3.5 +/- 0.2, -4.3 +/- 0.2 and -4.6 +/- 0.3 mmHg at 2, 4, and 8 weeks, respectively (paired t test).",the long-acting eye drops seem to be an efficacious formulation for clinical use in Japanese glaucoma patients.,Support
2732,AbstRCT_glaucoma_11558817,The diurnal intraocular pressure reduction was significant in both groups (P < 0.001).,This study clearly showed that the additive diurnal intraocular pressure-lowering effect of latanoprost is superior to that of dorzolamide in patients treated with timolol.,Support
2733,AbstRCT_glaucoma_11558817,The mean intraocular pressure reduction from baseline was 32% for the latanoprost plus timolol group and 20% for the dorzolamide plus timolol group.,This study clearly showed that the additive diurnal intraocular pressure-lowering effect of latanoprost is superior to that of dorzolamide in patients treated with timolol.,Support
2734,AbstRCT_glaucoma_11558817,The least square estimate of the mean diurnal intraocular pressure reduction after 3 months was -7.06 mm Hg in the latanoprost plus timolol group and -4.44 mm Hg in the dorzolamide plus timolol group (P < 0.001).,This study clearly showed that the additive diurnal intraocular pressure-lowering effect of latanoprost is superior to that of dorzolamide in patients treated with timolol.,Support
2735,AbstRCT_glaucoma_1841578,Corneal complications were less common in the group given mitomycin than in that given fluorouracil (12% vs 53%).,The incidence of other complications was similar between the two groups.,Support
2736,AbstRCT_glaucoma_21792284,Adverse events occurred in 14.7% of fixed brimonidine-timolol patients and 12.7% of timolol patients.,Both fixed brimonidine-timolol and timolol were well tolerated as agents adjunctive to latanoprost.,Support
2737,AbstRCT_glaucoma_21792284,Patients treated with fixed brimonidine-timolol adjunctive to latanoprost were significantly more likely than patients treated with adjunctive timolol to achieve an IOP <18 mmHg (P = 0.028) and a  20% reduction in IOP from baseline (P = 0.047) at both 8 am and 10 am in week 12.,Fixed-combination brimonidine-timolol reduced IOP significantly more effectively than timolol when used as adjunctive therapy to latanoprost in patients with glaucoma and ocular hypertension.,Support
2738,AbstRCT_glaucoma_21792284,"The mean additional reduction from latanoprost-treated baseline IOP was 8.3 mmHg (35.5%) with fixed brimonidine-timolol and 6.2 mmHg (27.0%) with timolol at 10 am, week 12 (P < 0.001).",Fixed-combination brimonidine-timolol reduced IOP significantly more effectively than timolol when used as adjunctive therapy to latanoprost in patients with glaucoma and ocular hypertension.,Support
2739,AbstRCT_glaucoma_21680022,Responder rates for latanoprost versus timolol were 50% versus 46% for the PCG group and 72% versus 57% for the non-PCG group.,"Latanoprost 0.005% is not inferior (i.e., is either more or similarly effective) to timolol and produces clinically relevant IOP reductions across pediatric patients with and without PCG.",Support
2740,AbstRCT_glaucoma_21680022,"Between-treatment differences in mean IOP reduction for PCG and non-PCG subgroups were 0.6 mmHg (95% CI, -2.3 to 3.4) and 2.6 mmHg (95% CI, -0.8 to 6.1), respectively.","Latanoprost 0.005% is not inferior (i.e., is either more or similarly effective) to timolol and produces clinically relevant IOP reductions across pediatric patients with and without PCG.",Support
2741,AbstRCT_glaucoma_21680022,Responder rates were 60% for latanoprost and 52% for timolol (P=0.33).,"Latanoprost 0.005% is not inferior (i.e., is either more or similarly effective) to timolol and produces clinically relevant IOP reductions across pediatric patients with and without PCG.",Support
2742,AbstRCT_glaucoma_21680022,"Mean IOP reductions for latanoprost and timolol at week 12 were 7.2 and 5.7 mmHg, respectively, with a difference of 1.5 mmHg (95% CI, -0.8 to 3.7; P=0.21).","Latanoprost 0.005% is not inferior (i.e., is either more or similarly effective) to timolol and produces clinically relevant IOP reductions across pediatric patients with and without PCG.",Support
2743,AbstRCT_glaucoma_11336940,Adverse ocular symptoms and findings were mild in both treatment groups.,Both drugs were well tolerated with few ocular adverse events.,Support
2744,AbstRCT_glaucoma_11336940,Eye redness and ocular irritation were the most frequently reported events.,Both drugs were well tolerated with few ocular adverse events.,Support
2745,AbstRCT_glaucoma_11336940,Unadjusted analysis of responders using the percentage decrease in intraocular pressure showed that the proportion of responders in the latanoprost-treated group was greater than in the unoprostone-treated group.,Latanoprost once daily was significantly more effective in reducing intraocular pressure compared with unoprostone twice daily after 1 month of treatment in patients with primary open-angle glaucoma and ocular hypertension.,Support
2746,AbstRCT_glaucoma_11336940,"After 1 month of treatment, latanoprost significantly reduced intraocular pressure (mean +/- SEM) by 6.1 +/- 0.5 mm Hg (P <.001) and unoprostone by 4.2 +/- 0.4 mm Hg (P <.001) adjusted from an overall baseline of 22.3 +/- 0.5 mm Hg and 23.2 +/- 0.4 mm Hg, respectively.","The difference of 1.9 mm Hg between treatments was statistically significant in favor of latanoprost [P =.003, analysis of covariance (ANCOVA)].",Support
2747,AbstRCT_glaucoma_11336940,"The difference of 1.9 mm Hg between treatments was statistically significant in favor of latanoprost [P =.003, analysis of covariance (ANCOVA)].",Latanoprost once daily was significantly more effective in reducing intraocular pressure compared with unoprostone twice daily after 1 month of treatment in patients with primary open-angle glaucoma and ocular hypertension.,Support
2748,AbstRCT_glaucoma_10901475,The increase in iris pigmentation requires further investigation.,Latanoprost was better tolerated than pilocarpine 2% eye drops in this study.,Partial-Attack
2749,AbstRCT_glaucoma_10901475,Two eyes treated with latanoprost showed an iris color change.,The increase in iris pigmentation requires further investigation.,Support
2750,AbstRCT_glaucoma_10901475,Thirty-six patients in the latanoprost group and 106 in the pilocarpine 2% group reported ocular adverse events (P<0.001).,Latanoprost was better tolerated than pilocarpine 2% eye drops in this study.,Support
2751,AbstRCT_glaucoma_10901475,"The mean difference of -0.8 mmHg (per protocol, PP) and -1.6 mmHg (intend-to-treat, ITT) was statistically significant (P<0.04, PP; P<0.001, ITT) in favor of latanoprost 0.005%.",From the data we conclude that the additivity of latanoprost 0.005% is at least as effective as pilocarpine 2% t.i.d. in reducing IOP when added to eyes currently on monotherapy with timolol 0.5% b.i.d.,Support
2752,AbstRCT_glaucoma_10901475,IOP (mean+/-SD) was reduced from 23.3+/-2.8 to 17.8+/-2.8 (-5.6) mmHg in the latanoprost 0.005% group and from 23.0+/-3.2 to 18.5+/-2.4 (-4.8) mmHg in pilocarpine 2% t.i.d.-treated eyes.,From the data we conclude that the additivity of latanoprost 0.005% is at least as effective as pilocarpine 2% t.i.d. in reducing IOP when added to eyes currently on monotherapy with timolol 0.5% b.i.d.,Support
2753,AbstRCT_glaucoma_10901475,For both treatments the diurnal IOP reduction after 6 months was statistically significant (P<0.001).,From the data we conclude that the additivity of latanoprost 0.005% is at least as effective as pilocarpine 2% t.i.d. in reducing IOP when added to eyes currently on monotherapy with timolol 0.5% b.i.d.,Support
2754,AbstRCT_glaucoma_23059481,"There was no difference in the occurrence of shallow chamber, choroidal detachment, macular edema, additional surgery, or hyphema (P=0.56 to 1.0).",The technique of releasable sutures for trabeculectomy used in this study did not demonstrate significant advantages over standard trabeculectomy.,Support
2755,AbstRCT_glaucoma_23059481,The incidence of transient hypotony was higher in S group (20.4%) than the R group (9.1%) (P=0.046);,The technique of releasable sutures for trabeculectomy used in this study did not demonstrate significant advantages over standard trabeculectomy.,Support
2756,AbstRCT_glaucoma_23059481,"The IOP in the first week after trabeculectomy was significantly higher in the R group: day 1, 17.3 ± 8.6 versus 12.7 ± 6.0 mm Hg (P<0.001); day 3, 18.0 ± 7.3 versus 12.9 ± 6.3 mm Hg (P<0.001); day 7, 14.8 ± 6.3 versus 12.0 ± 4.9 mm Hg (P=0.001),",The technique of releasable sutures for trabeculectomy used in this study did not demonstrate significant advantages over standard trabeculectomy.,Partial-Attack
2757,AbstRCT_glaucoma_23059481,no difference was observed after the second week (P=0.659 to 0.753).,The technique of releasable sutures for trabeculectomy used in this study did not demonstrate significant advantages over standard trabeculectomy.,Support
2758,AbstRCT_glaucoma_22986111,Eight (33%) of 24 trabeculectomy eyes demonstrated cataract during follow-up.,"Trabeculectomy is more effective than phacoemulsification in reducing dependence on glaucoma drugs, but is associated with more complications.",Support
2759,AbstRCT_glaucoma_22986111,trabeculectomy was associated with significantly more surgical complications than phacoemulsification (46% vs 4%; P=0.001).,"Trabeculectomy is more effective than phacoemulsification in reducing dependence on glaucoma drugs, but is associated with more complications.",Support
2760,AbstRCT_glaucoma_22986111,"Over first 24 months, trabeculectomy-treated eyes required on average 1.1 fewer drugs than phacoemulsification-treated eyes (P<0.001).","Trabeculectomy is more effective than phacoemulsification in reducing dependence on glaucoma drugs, but is associated with more complications.",Support
2761,AbstRCT_glaucoma_22986111,Phacoemulsification and trabeculectomy resulted in significant and comparable IOP reduction at 24 months after surgery (reduction of 8.4 mmHg or 34% for phacoemulsification vs 8.9 mmHg or 36% for trabeculectomy; P=0.76).,Both phacoemulsification and trabeculectomy are effective in reducing IOP in medically uncontrolled CACG eyes without cataract.,Support
2762,AbstRCT_glaucoma_12169965,The number of postoperative complications was lower in the viscocanalostomy group than in the trabeculectomy group.,postoperative complications are more frequent after filtering surgery.,Support
2763,AbstRCT_glaucoma_12169965,"The success rate, defined as an intraocular pressure lower than 22 mm Hg without medication, was 56.7% in the trabeculectomy group and 30% in the viscocanalostomy group at 12 months postoperatively (P = 0.041).","In eyes with open-angle glaucoma, viscocanalostomy is less effective in reducing intraocular pressure than standard filtering surgery.",Support
2764,AbstRCT_glaucoma_12169965,"One day after surgery, mean (SD) intraocular pressure was 15.9 (5.2) for the trabeculectomy group (P <0.001) and 15.7 (3.6) for the viscocanalostomy group (P <0.001), respectively.","In eyes with open-angle glaucoma, viscocanalostomy is less effective in reducing intraocular pressure than standard filtering surgery.",Partial-Attack
2765,AbstRCT_glaucoma_21631670,"Vision reduced ≥2 Snellen lines in 15% in the standard trabeculectomy group and 25% in the microtrabeculectomy group, mainly from cataract (P = 0.48).",Scleral flap size had no significant effect on medium-term intraocular pressure control and complication profile.,Support
2766,AbstRCT_glaucoma_21631670,"At 2 years, the mean intraocular pressure and cumulative probability of failure was 12.4 ± 4.6 mmHg and 0.28 for standard trabeculectomy, and 11.5 ± 3.6 mmHg and 0.27 for microtrabeculectomy (P = 0.50 and 0.89, respectively).",Both trabeculectomy techniques achieved good intraocular pressure reduction and had similar complication rates.,Support
2767,AbstRCT_glaucoma_12660585,No serious adverse events were reported.,The new alginate formulation of long-acting carteolol 1% given once a day is effective and well tolerated by glaucoma patients who require chronic treatment.,Support
2768,AbstRCT_glaucoma_12660585,"Among the 17 reported adverse events, three were assessed as drug-related: one vertigo, one superficial punctate keratitis in the alginate group and one decrease in blood pressure in the standard group.",The new alginate formulation of long-acting carteolol 1% given once a day is effective and well tolerated by glaucoma patients who require chronic treatment.,Support
2769,AbstRCT_glaucoma_12660585,A blurred vision sensation was reported by 2 out of 74 patients of the alginate group.,The new alginate formulation of long-acting carteolol 1% given once a day is effective and well tolerated by glaucoma patients who require chronic treatment.,Support
2770,AbstRCT_glaucoma_12660585,Transient discomfort (mainly stinging or burning sensation) was reported by approximately 4% - 6% of patients in each treatment group at each visit.,The new alginate formulation of long-acting carteolol 1% given once a day is effective and well tolerated by glaucoma patients who require chronic treatment.,Support
2771,AbstRCT_glaucoma_12660585,Subjective tolerance upon instillation was judged good or very good at day 60 by 100% of alginate patients and by 98.7% of standard patients.,"The new alginate formulation of long-acting carteolol 1% given once daily is as effective as standard 1% carteolol given twice daily, with no meaningful differences regarding safety.",Support
2772,AbstRCT_glaucoma_12660585,Subjective tolerance upon instillation was judged good or very good at day 60 by 100% of alginate patients and by 98.7% of standard patients.,The new alginate formulation of long-acting carteolol 1% given once a day is effective and well tolerated by glaucoma patients who require chronic treatment.,Support
2773,AbstRCT_glaucoma_12660585,"At each evaluation time, the two unilateral t tests were highly significant (p<0.005),","At 11.00 hours (presumed peak), mean reductions were 6.70+/-2.81 and 6.55+/-3.35 mmHg, respectively.",Support
2774,AbstRCT_glaucoma_12660585,"At each evaluation time, the two unilateral t tests were highly significant (p<0.005),","At 09.00 hours (presumed trough) on day 60, mean reductions from baseline in intraocular pressure were 6.32+/-2.87 and 5.67+/-3.30 mmHg for the alginate carteolol and standard groups, respectively.",Support
2775,AbstRCT_glaucoma_12660585,"At 11.00 hours (presumed peak), mean reductions were 6.70+/-2.81 and 6.55+/-3.35 mmHg, respectively.","The new alginate formulation of long-acting carteolol 1% given once daily is as effective as standard 1% carteolol given twice daily, with no meaningful differences regarding safety.",Support
2776,AbstRCT_glaucoma_12660585,"At 11.00 hours (presumed peak), mean reductions were 6.70+/-2.81 and 6.55+/-3.35 mmHg, respectively.",The new alginate formulation of long-acting carteolol 1% given once a day is effective and well tolerated by glaucoma patients who require chronic treatment.,Support
2777,AbstRCT_glaucoma_12660585,"At 09.00 hours (presumed trough) on day 60, mean reductions from baseline in intraocular pressure were 6.32+/-2.87 and 5.67+/-3.30 mmHg for the alginate carteolol and standard groups, respectively.","The new alginate formulation of long-acting carteolol 1% given once daily is as effective as standard 1% carteolol given twice daily, with no meaningful differences regarding safety.",Support
2778,AbstRCT_glaucoma_12660585,"At 09.00 hours (presumed trough) on day 60, mean reductions from baseline in intraocular pressure were 6.32+/-2.87 and 5.67+/-3.30 mmHg for the alginate carteolol and standard groups, respectively.",The new alginate formulation of long-acting carteolol 1% given once a day is effective and well tolerated by glaucoma patients who require chronic treatment.,Support
2779,AbstRCT_glaucoma_19590523,"At 24 months, complete success rates were 53.3% for the ELT group and 40% for the SLT group (P=0.35, Fisher's exact test);",Both ELT and SLT proved to be effective techniques in the treatment of POAG refractory to medical therapy.,Support
2780,AbstRCT_glaucoma_19590523,Mean IOP decreased from 25.0+/-1.9 to 17.6+/-2.2 mmHg (-29.6%; P<0.0001) in the ELT group and from 23.9+/-0.9 to 19.1+/-1.8 mmHg (-21%; P<0.0001) in the SLT group.,Both ELT and SLT proved to be effective techniques in the treatment of POAG refractory to medical therapy.,Support
2781,AbstRCT_glaucoma_19590523,"qualified success rates were 33.3% for the ELT and 26.6% for the SLT group (P=0.5, Fisher's exact test).",Both ELT and SLT proved to be effective techniques in the treatment of POAG refractory to medical therapy.,Support
2782,AbstRCT_glaucoma_20545217,A total of 51.0% in Tafluprost treated group and 8.9% in Placebo treated group reported adverse drug reactions.,These results indicate that Tafluprost is clinically useful in the treatment of NTG.,Support
2783,AbstRCT_glaucoma_20545217,"IOP change at 4 weeks, % IOP reduction at 2 and 4 weeks were also significantly greater in Tafluprost than in Placebo.",These results indicate that Tafluprost is clinically useful in the treatment of NTG.,Support
2784,AbstRCT_glaucoma_20545217,"Mean intraocular pressure (IOP) changes from baseline were -4.0 +/- 1.7 mmHg in Tafluprost administered patients and -1.4 +/- 1.8 mmHg in Placebo administered patients at 4 weeks, with a statistically significant difference (p<0.001).",These results indicate that Tafluprost is clinically useful in the treatment of NTG.,Support
2785,AbstRCT_glaucoma_21543992,IOP reduction was similar in both arms after 9 to 12-months follow-up.,These results support the option of SLT as a safe and effective initial therapy in open-angle glaucoma or ocular hypertension.,Support
2786,AbstRCT_glaucoma_21543992,"By last follow-up, 11% of eyes received additional SLT, 27% required additional medication.",These results support the option of SLT as a safe and effective initial therapy in open-angle glaucoma or ocular hypertension.,Support
2787,AbstRCT_glaucoma_21543992,"Baseline mean IOP for all eyes was 24.5 mm Hg in the SLT group, 24.7 mm Hg in the medical group. Mean IOP (both eyes) at last follow-up was 18.2 mm Hg (6.3 mm Hg reduction) in the SLT arm, 17.7 mm Hg (7.0 mm Hg reduction) in the medical arm.",These results support the option of SLT as a safe and effective initial therapy in open-angle glaucoma or ocular hypertension.,Support
2788,AbstRCT_glaucoma_19337705,There was a similar level of postoperative interventions and complications for each group.,The Ex-PRESS is a safe and effective device for treating open-angle glaucoma.,Support
2789,AbstRCT_glaucoma_19337705,"At 1-year follow-up, complete success rates were 81.8% for Ex-PRESS and 47.5% for trabeculectomy (P=0.0020), and 71.7% and 37.5% (P=0.0070), respectively, for the more stringent target.",The Ex-PRESS is a safe and effective device for treating open-angle glaucoma.,Support
2790,AbstRCT_glaucoma_19337705,"At 1-year follow-up, complete success rates were 81.8% for Ex-PRESS and 47.5% for trabeculectomy (P=0.0020), and 71.7% and 37.5% (P=0.0070), respectively, for the more stringent target.","In open-angle glaucoma, the Ex-PRESS mini glaucoma shunt implanted under a superficial scleral flap produces significantly higher success rates, and a similar complication rate, compared with trabeculectomy.",Support
2791,AbstRCT_glaucoma_17244215,Both bimatoprost and the timolol-dorzolamide combination were well tolerated.,Bimatoprost can be used as a longterm monotherapy agent in the treatment of POAG and ocular hypertension.,Support
2792,AbstRCT_glaucoma_17244215,The IOP-lowering efficacies of bimatoprost and timolol-dorzolamide combination were similar over a 6-month follow-up.,Bimatoprost can be used as a longterm monotherapy agent in the treatment of POAG and ocular hypertension.,Support
2793,AbstRCT_glaucoma_17244215,The difference was not statistically significant (p = 0.48).,"In the bimatoprost-treated group, the IOP reduction was 6.2 +/- 1.8 mmHg, whereas it was 6.5 +/- 2.3 mmHg in the timolol-dorzolamide group after 6 months of treatment.",Attack
2794,AbstRCT_glaucoma_17244215,"In the bimatoprost-treated group, the IOP reduction was 6.2 +/- 1.8 mmHg, whereas it was 6.5 +/- 2.3 mmHg in the timolol-dorzolamide group after 6 months of treatment.",Bimatoprost can be used as a longterm monotherapy agent in the treatment of POAG and ocular hypertension.,Support
2795,AbstRCT_glaucoma_15220019,"except at 5:00 pm, when the mean IOP level was significantly lower in latanoprost-treated patients.","In this study of patients with unilateral or bilateral primary open-angle, pigmentary, or exfoliative glaucoma or OHT IOP reductions generally were similar between treatment groups,",Partial-Attack
2796,AbstRCT_glaucoma_15220019,"Fewer patients treated with latanoprost reported ocular or systemic AEs (P = 0.025 and P < 0.001, respectively).",Latanoprost was better tolerated than fixed-combination dorzolamide and timolol.,Support
2797,AbstRCT_glaucoma_15220019,"After the water-drinking test, the increase in IOP values was similar between groups at baseline but lower in latanoprost-treated patients at week 8 (adjusted difference, 1.08 mm Hg; P = 0.012).","In this study of patients with unilateral or bilateral primary open-angle, pigmentary, or exfoliative glaucoma or OHT IOP reductions generally were similar between treatment groups,",Support
2798,AbstRCT_glaucoma_15220019,"Mean IOP values were similar at all time points except at 5:00 pm, when levels were significantly lower in latanoprost-treated patients (P = 0.025).","except at 5:00 pm, when the mean IOP level was significantly lower in latanoprost-treated patients.",Support
2799,AbstRCT_glaucoma_15220019,Mean (SD) diurnal IOP reductions at week 8 before the water-drinking test were 6.9 (3.0) mm Hg for the latanoprost group and 6.4 (3.2) mm Hg for the dorzolamide/timolol group.,"In this study of patients with unilateral or bilateral primary open-angle, pigmentary, or exfoliative glaucoma or OHT IOP reductions generally were similar between treatment groups,",Support
2800,AbstRCT_glaucoma_15220019,Mean baseline diurnal IOP values were similar between the 2 groups.,"In this study of patients with unilateral or bilateral primary open-angle, pigmentary, or exfoliative glaucoma or OHT IOP reductions generally were similar between treatment groups,",Support
2801,AbstRCT_glaucoma_1565457,Drug-induced corneal epithelial defects were seen in nine 5-FU-treated eyes and in no MMC-treated eyes (P = 0.0004).,"These results suggest that intraoperative MMC may be a viable alternative to postoperative 5-FU, with lower overall intraocular pressures, decreased dependence on postoperative ocular antihypertensive medications, and decreased corneal toxicity.",Support
2802,AbstRCT_glaucoma_1565457,"Six months after surgery, intraocular pressures averaged 10.9 +/- 5.3 mmHg (mean +/- standard deviation) in the MMC-treated eyes versus 14.2 +/- 5.5 mmHg in the 5-FU-treated eyes (P = 0.08) and were less than or equal to 12 mmHg in 60.0% of MMC-treated eyes and 21.1% of 5-FU-treated eyes (P = 0.03).","These results suggest that intraoperative MMC may be a viable alternative to postoperative 5-FU, with lower overall intraocular pressures, decreased dependence on postoperative ocular antihypertensive medications, and decreased corneal toxicity.",Support
2803,AbstRCT_glaucoma_17947826,"The success probability of trabeculectomy and triple procedure in reducing IOP below 18 mm Hg was 0.748 and 0.825 at 15 years, respectively.","In POAG and CPACG patients, trabeculectomy and triple procedure were effective in reducing IOP for up to 15 years after surgery.",Support
2804,AbstRCT_glaucoma_17947826,"the overall probability of success of trabeculectomy and triple procedure was 0.613 and 0.733 at 15 years, respectively.","In POAG and CPACG patients, trabeculectomy and triple procedure were effective in reducing IOP for up to 15 years after surgery.",Support
2805,AbstRCT_glaucoma_19383599,"However, the combined surgery incurred fewer subsequent surgical interventions.","In patients with PACG, the long-term IOP-lowering effect and surgical complications of combined trabeculectomy and cataract extraction are comparable with those of trabeculectomy alone.",Partial-Attack
2806,AbstRCT_glaucoma_19383599,The incidences of postoperative complications were similar between groups (p = 0.232).,"In patients with PACG, the long-term IOP-lowering effect and surgical complications of combined trabeculectomy and cataract extraction are comparable with those of trabeculectomy alone.",Support
2807,AbstRCT_glaucoma_19383599,"No additional IOP-lowering surgical procedures were required in the combined group, while 13 (54%) eyes in the trabeculectomy group required either cataract extraction or further IOP-lowering surgical procedures (p <0.001).","In patients with PACG, the long-term IOP-lowering effect and surgical complications of combined trabeculectomy and cataract extraction are comparable with those of trabeculectomy alone.",Support
2808,AbstRCT_glaucoma_22310086,The percentages of PF tafluprost and PF timolol patients reporting conjunctival hyperemia were 4.4% vs 1.2% (nominal P = .016).,The IOP-lowering effect of PF tafluprost was noninferior to that of PF timolol.,Support
2809,AbstRCT_glaucoma_22310086,The percentages of PF tafluprost and PF timolol patients reporting conjunctival hyperemia were 4.4% vs 1.2% (nominal P = .016).,PF tafluprost is an efficacious and generally well-tolerated ocular hypotensive agent.,Support
2810,AbstRCT_glaucoma_22310086,Similar percentages of PF tafluprost and PF timolol patients reported ocular pain/stinging/irritation (4.4% vs 4.6%) and pruritus (2.5% vs 1.5%).,PF tafluprost is an efficacious and generally well-tolerated ocular hypotensive agent.,Support
2811,AbstRCT_glaucoma_22310086,IOPs at the 3 time points assessed during the 12-week visit ranged from 17.4 to 18.6 mm Hg for PF tafluprost and 17.9 to 18.5 mm Hg for PF timolol.,The IOP-lowering effect of PF tafluprost was noninferior to that of PF timolol.,Support
2812,AbstRCT_glaucoma_22310086,IOPs at the 3 time points assessed during the baseline visit ranged from 23.8 to 26.1 mm Hg in the PF tafluprost group and 23.5 to 26.0 mm Hg in the PF timolol group.,The IOP-lowering effect of PF tafluprost was noninferior to that of PF timolol.,Support
2813,AbstRCT_glaucoma_17293790,"IOP was lower in the trab group with differences in IOP being statistically significant at month 12 (P=<0.001), 24 (P=<0.001), 30 (P=0.030), 36 (P=<0.001), and 48 (P=0.018).",we found trabeculectomy to be more effective at lowering IOP than viscocanalostomy in POAG patients.,Support
2814,AbstRCT_glaucoma_17293790,"Forty-two percent (n=10) of the patients in the trabeculectomy group had a successful outcome (IOP<18 mm Hg with no treatment) at last follow-up visit, compared to 21% (n=5) in the viscocanalostomy group.",we found trabeculectomy to be more effective at lowering IOP than viscocanalostomy in POAG patients.,Support
2815,AbstRCT_glaucoma_17083910,Nonvalved tube shunt surgery was more likely to maintain IOP control and avoid persistent hypotony or reoperation for glaucoma than trabeculectomy with MMC during the first year of follow-up in the TVT Study.,Both surgical procedures produced similar IOP reduction at one year,Support
2816,AbstRCT_glaucoma_17083910,The number of glaucoma medications (mean +/- SD) was 1.3 +/- 1.3 in the tube group and 0.5 +/- 0.9 in the trabeculectomy group (P < .001).,there was less need for supplemental medical therapy following trabeculectomy with MMC.,Support
2817,AbstRCT_glaucoma_20584708,"However, our study demonstrates that there is a trend towards lower postoperative endothelial cell density for surgeries with longer phacoemulsification time and higher irrigation volumes if Ringer is used.",Ringers solution was similar to BSS Plus for corneal preservation in atraumatic cataract surgery.,Partial-Attack
2818,AbstRCT_glaucoma_20584708,There was no significant difference in CCT increase in both groups at any visit.,Ringers solution was similar to BSS Plus for corneal preservation in atraumatic cataract surgery.,Support
2819,AbstRCT_glaucoma_20584708,"CCT was significantly increased (p<0.05) at 1, 8, 15 and 30 days postoperatively, returning to baseline at 60 days in both groups.",Ringers solution was similar to BSS Plus for corneal preservation in atraumatic cataract surgery.,Support
2820,AbstRCT_glaucoma_20584708,There was no statistically significant difference between ECD reduction in group BSS Plus 13.1 ± 2.0% and Ringer 9.2 ± 1.9% (p<0.05) at day 60 or in any study visit.,"However, our study demonstrates that there is a trend towards lower postoperative endothelial cell density for surgeries with longer phacoemulsification time and higher irrigation volumes if Ringer is used.",Support
2821,AbstRCT_glaucoma_16899528,"No significant difference (p = 0.846) was found in mean decrease in IOP between the SLT (5.86 mm Hg) and ALT (6.04 mm Hg) groups at 1 year or at any other time points, nor were there any significant differences in the rate of early or late complications between the two groups.","SLT is equivalent to ALT in terms of IOP lowering at 1 year, and is a safe and effective procedure for patients with open-angle glaucoma.",Support
2822,AbstRCT_glaucoma_14644719,"At 8 AM at the 3-month visit, the percentages of patients achieving IOPs of <or =13 mmHg, < or =14 mmHg, < or =15 mmHg, or < or =16 mmHg were more than twice as high for bimatoprost than for combined timolol and dorzolamide (all P< or =0.008).","In individuals with glaucoma or ocular hypertension, uncontrolled on a topical beta-blocker alone, bimatoprost lowered IOP more consistently than did combined timolol and dorzolamide.",Support
2823,AbstRCT_glaucoma_14644719,"At the last follow-up, patients had better diurnal IOP control with bimatoprost than combined timolol and dorzolamide.","In individuals with glaucoma or ocular hypertension, uncontrolled on a topical beta-blocker alone, bimatoprost lowered IOP more consistently than did combined timolol and dorzolamide.",Support
2824,AbstRCT_glaucoma_14644719,"At the 8 AM measurements, bimatoprost lowered mean IOP 6.8 mmHg to 7.6 mmHg from baseline, whereas combined timolol and dorzolamide lowered mean IOP 4.4 to 5.0 mmHg from baseline (P<0.001).","In individuals with glaucoma or ocular hypertension, uncontrolled on a topical beta-blocker alone, bimatoprost lowered IOP more consistently than did combined timolol and dorzolamide.",Support
2825,AbstRCT_glaucoma_14644719,Bimatoprost provided significantly greater IOP lowering compared with combined timolol and dorzolamide.,"In individuals with glaucoma or ocular hypertension, uncontrolled on a topical beta-blocker alone, bimatoprost lowered IOP more consistently than did combined timolol and dorzolamide.",Support
2826,AbstRCT_glaucoma_10837379,"After 3 months, latanoprost reduced mean baseline diurnal IOP from 27.2 (SD 3.0) mm Hg by 8.5 (3.3) mm Hg.","Latanoprost was superior to dorzolamide in reducing the IOP, judged both from the effect on IOP at peak and trough and by the effect on diurnal IOP.",Support
2827,AbstRCT_glaucoma_10837379,The corresponding figures for dorzolamide were 27.2 (3.4) and 5.6 (2.6) mm Hg.,"Latanoprost was superior to dorzolamide in reducing the IOP, judged both from the effect on IOP at peak and trough and by the effect on diurnal IOP.",Support
2828,AbstRCT_glaucoma_10837379,"The difference of 2.9 mm Hg (95% CI: 2.3-3.6) was highly significant (p<0.001, ANCOVA).","Latanoprost was superior to dorzolamide in reducing the IOP, judged both from the effect on IOP at peak and trough and by the effect on diurnal IOP.",Support
2829,AbstRCT_glaucoma_10837379,"Latanoprost reduced IOP at peak by 8.6 mm Hg (32%) compared with 6.2 mm Hg (23%) for dorzolamide, and the difference of 2.4 mm Hg was significant (p<0.001, ANCOVA).","Latanoprost was superior to dorzolamide in reducing the IOP, judged both from the effect on IOP at peak and trough and by the effect on diurnal IOP.",Support
2830,AbstRCT_glaucoma_10837379,"The corresponding figures at trough were 8.1 mm Hg (31%) for latanoprost and 4.7 mm Hg (17%) for dorzolamide, a significant difference of 3.4 mm Hg (p<0.001, ANCOVA).",Both drugs were well tolerated systemically and locally.,Support
2831,AbstRCT_glaucoma_17825417,"There were no significant differences in the need for digital pressure, postoperative bleb needling with 5-fluorouracil, or number of postoperative visits.",One-site fornix-based and 2-site limbus-based phacotrabeculectomy were similarly effective in lowering IOP and reducing the need for antiglaucoma medications over a 3-year follow-up period.,Support
2832,AbstRCT_glaucoma_17825417,"At the end of the study, 73% of 1-site eyes and 78.4% of 2-site eyes had IOPs of less than 18 mmHg while receiving no antiglaucoma medications (P = 0.59).",One-site fornix-based and 2-site limbus-based phacotrabeculectomy were similarly effective in lowering IOP and reducing the need for antiglaucoma medications over a 3-year follow-up period.,Support
2833,AbstRCT_glaucoma_17825417,"After 3 years of follow-up, the mean IOP was 12.6+/-4.8 mmHg in the 1-site group and 11.7+/-4.0 mmHg in the 2-site group (P = 0.40), receiving a mean of 0.3+/-0.7 and 0.4+/-0.9 medications, respectively (P = 0.59).",One-site fornix-based and 2-site limbus-based phacotrabeculectomy were similarly effective in lowering IOP and reducing the need for antiglaucoma medications over a 3-year follow-up period.,Support
2834,AbstRCT_glaucoma_17825417,"Mean preoperative IOP was 20.1+/-3.8 mmHg in the 1-site group and 19.5+/-5.3 mmHg in the 2-site group (P = 0.56) using a mean of 2.3+/-0.9 and 2.5+/-0.9 antiglaucoma medications, respectively (P = 0.27).",One-site fornix-based and 2-site limbus-based phacotrabeculectomy were similarly effective in lowering IOP and reducing the need for antiglaucoma medications over a 3-year follow-up period.,Support
2835,AbstRCT_glaucoma_18603947,there was no significant difference in the IOP between the two groups after 6 weeks (Group A: 10.95 +/- 3.03 mmHg vs. Group B: 12.29 +/- 4.67 mmHg; p=0.87).,Both the groups had a significant drop in IOP following surgery,Partial-Attack
2836,AbstRCT_glaucoma_18603947,Six eyes (30%) in group A had peripheral or central irido-corneal touch in early postoperative period as compared to only one in Group B.,Use of combination of permanent and releasable scleral flap sutures is a safe technique that significantly reduces the incidence of immediate postoperative shallow anterior chamber after trabeculectomy.,Support
2837,AbstRCT_glaucoma_18603947,Hypotony was noted in 3 eyes in each group.,Use of combination of permanent and releasable scleral flap sutures is a safe technique that significantly reduces the incidence of immediate postoperative shallow anterior chamber after trabeculectomy.,Support
2838,AbstRCT_glaucoma_18603947,Significantly higher number of eyes belonging to group A (14 eyes) had shallower anterior chamber than group B (7 eyes) on first post operative day (p=0.042).,Use of combination of permanent and releasable scleral flap sutures is a safe technique that significantly reduces the incidence of immediate postoperative shallow anterior chamber after trabeculectomy.,Support
2839,AbstRCT_glaucoma_23285843,although its IOP-lowering effect was inferior to topical timolol as monotherapy.,"Topical brimonidine showed an additive IOP-lowering effect to topical PG analogues,",Partial-Attack
2840,AbstRCT_glaucoma_23285843,"When added to PG analogues, the IOP-lowering effect of brimonidine (-2.9 +/- 1.8 mmHg) was greater than that of the placebo (-2.1 +/- 1.8 mmHg) (p = 0.0010).","Topical brimonidine showed an additive IOP-lowering effect to topical PG analogues,",Support
2841,AbstRCT_glaucoma_23285843,The 95% confidence interval of the inter-group difference was greater than the pre-determined criterion of non-inferiority of brimonidine to timolol.,"Topical brimonidine showed an additive IOP-lowering effect to topical PG analogues,",Support
2842,AbstRCT_glaucoma_23285843,The mean changes were -4.7 +/- 2.1 (S. D.) in the timolol and -4.0 +/- 2.0 mmHg in the brimonidine group (p = 0.0138).,"Topical brimonidine showed an additive IOP-lowering effect to topical PG analogues,",Support
2843,AbstRCT_glaucoma_18327364,"The mean (standard error of mean [SE]) IOP reductions at months one was 7.2 (0.4), at month 3 was 7.3 (0.4), and at month 6 was 7.1 (0.3) mm Hg for the latanoprost group and 7.5 (0.3), 7.8 (0.3), and 7.4 (0.3) mm Hg for the dorzolamide/timolol group.",The latanoprost and dorzolamide/timolol combination were equally effective at lowering IOP compared to untreated baseline.,Support
2844,AbstRCT_glaucoma_18327364,"The mean (standard error of mean [SE]) IOP reductions at months one was 7.2 (0.4), at month 3 was 7.3 (0.4), and at month 6 was 7.1 (0.3) mm Hg for the latanoprost group and 7.5 (0.3), 7.8 (0.3), and 7.4 (0.3) mm Hg for the dorzolamide/timolol group.",The 2 therapies were similarly effective.,Support
2845,AbstRCT_glaucoma_20733558,"However, the bleb morphology caused more problems in the MMC group (avascularity score).",The complete success rate using trabeculectomy with the ologen implant is lower than that achieved by trabeculectomy with MMC.,Partial-Attack
2846,AbstRCT_glaucoma_20733558,The absolute success rate was 100% in the MMC group and 50% in the ologen group (P=0.01).,The complete success rate using trabeculectomy with the ologen implant is lower than that achieved by trabeculectomy with MMC.,Support
2847,AbstRCT_glaucoma_20733558,"At 1 year after surgery, the mean IOP was 15.6+/-2.4mm Hg in the ologen group (P<0.01, 43% reduction) and 11.5+/-4.1 mm Hg in the MMC group (P<0.01, 50% reduction).",The complete success rate using trabeculectomy with the ologen implant is lower than that achieved by trabeculectomy with MMC.,Support
2848,AbstRCT_mixed_29141712,"After a median 2.0 year (range = 0.2-3.1) follow-up, ≥ 1 serious HIV-related events occurred in 101 HIV mono-infected and 15 HIV-HBV co-infected patients (IR = 10.0 versus 13.2/100 person/years, respectively, P = 0.3)","In conclusion, co-infected patients with elevated HBV-replication at ART-initiation are more susceptible to HIV-related morbidity, especially invasive bacterial diseases, during treatment interruption.",Support
2849,AbstRCT_mixed_29141712,"Incidence of bacterial infections was also highest in the co-infected group with HBV-replication > 10,000 copies/mL (IR = 12.9 versus 3.3/100 person/years in HIV mono-infected patients, P = 0.001).","In conclusion, co-infected patients with elevated HBV-replication at ART-initiation are more susceptible to HIV-related morbidity, especially invasive bacterial diseases, during treatment interruption.",Support
2850,AbstRCT_mixed_29514030,The incidence of a maternal alanine aminotransferase level of more than 300 IU per liter after discontinuation of the trial regimen was 6% in the TDF group and 3% in the placebo group (P=0.29).,"In a setting in which the rate of mother-to-child HBV transmission was low with the administration of hepatitis B immune globulin and hepatitis B vaccine in infants born to HBeAg-positive mothers, the additional maternal use of TDF did not result in a significantly lower rate of transmission.",Support
2851,AbstRCT_mixed_29514030,"In the primary analysis, none of the 147 infants (0%; 95% confidence interval [CI], 0 to 2) in the TDF group were infected, as compared with 3 of 147 (2%; 95% CI, 0 to 6) in the placebo group (P=0.12).","In a setting in which the rate of mother-to-child HBV transmission was low with the administration of hepatitis B immune globulin and hepatitis B vaccine in infants born to HBeAg-positive mothers, the additional maternal use of TDF did not result in a significantly lower rate of transmission.",Support
2852,AbstRCT_mixed_29378197,"Twelve weeks administration of GS-9620 had no significant effect on serum hepatitis B surface antigen levels, but did appear to increase T-cell and NK-cell responses and reduce the ability of NK to suppress T cells.",GS-9620 might therefore be included in therapies to increase the immune response to HBV.,Support
2853,AbstRCT_mixed_29378197,Serum levels of hepatitis B surface antigen did not decrease significantly compared to baseline in patients given any dose of GS-9620.,"Twelve weeks administration of GS-9620 had no significant effect on serum hepatitis B surface antigen levels, but did appear to increase T-cell and NK-cell responses and reduce the ability of NK to suppress T cells.",Support
2854,AbstRCT_mixed_29378197,"NK-cell activation and function increased after patients were given GS-9620, but the ability of NK cells to suppress T-cell responses was lower during GS-9620 therapy than before.","Twelve weeks administration of GS-9620 had no significant effect on serum hepatitis B surface antigen levels, but did appear to increase T-cell and NK-cell responses and reduce the ability of NK to suppress T cells.",Support
2855,AbstRCT_mixed_29378197,"However, during or after administration of GS-9620, T cells produced higher levels of cytokines compared to baseline.","Twelve weeks administration of GS-9620 had no significant effect on serum hepatitis B surface antigen levels, but did appear to increase T-cell and NK-cell responses and reduce the ability of NK to suppress T cells.",Support
2856,AbstRCT_mixed_28928855,"The results of the multivariable analysis showed that after adjustment for a set of known risk factors, patients previously infected with HBV (HBsAg-seronegative/anti-HBc-seropositive) and naturally immune to HBV (anti-HBs-seropositive/anti-HBc-seropositive) were at significantly greater odds of being diagnosed with ENKTL (AOR, 1.497; 95% CI 1.098-2.042, P=0.033 and AOR, 1.871; 95% CI 1.302-2.689, P=0.001, respectively).",The results of our study suggest that patients previously infected with HBV and naturally immune to HBV were at greater odds of being diagnosed with ENKTL.,Support
2857,AbstRCT_mixed_29605574,All observed changes (except for Cholesterol Total and LDL-c) were significantly more prominent in patients with higher baseline BMI (BMI ≥ 27).,These benefits are significantly more prominent in patients with higher baseline BMI (BMI ≥ 27).,Support
2858,AbstRCT_mixed_29605574,"Cinnamon supplementation led to improvement of all anthropometric (BMI, body fat, and visceral fat), glycemic (FPG, 2hpp, HbA1C, Fasting Insulin, and Insulin Resistance), and lipids (Cholesterol Total, LDL-c and HDL-c) outcomes (except for triglycerides level).","Based on the study findings, cinnamon may improve anthropometric parameters, glycemic indices and lipid profile of patients with type II diabetes.",Support
2859,AbstRCT_mixed_27629859,HBsAg decline >3.5 log10 IU/mL at Week 24 in the TDF/PI-48w group resulted in a positive predictive value of 85% and a negative predictive value of 99% for HBsAg loss at Week 72.,"HBsAg decline at Week 24 of TDF plus PEG-IFN combination therapy may identify patients who, after completing 48 weeks of treatment, have a better chance of achieving HBsAg loss at Week 72.",Support
2860,AbstRCT_mixed_27629859,HBsAg decline at Week 12 or 24 of treatment was associated with HBsAg loss at Week 72 (P < 0.001).,"HBsAg decline at Week 24 of TDF plus PEG-IFN combination therapy may identify patients who, after completing 48 weeks of treatment, have a better chance of achieving HBsAg loss at Week 72.",Support
2861,AbstRCT_mixed_27629859,"Rates of HBsAg loss at Week 72 were significantly higher in the TDF/PI-48w group (6.5%) than in the TDF/PI-16w+TDF-32w (0.5%), TDF-120w (0%) and PI-48w (2.2%) groups (P = 0.09).","HBsAg decline at Week 24 of TDF plus PEG-IFN combination therapy may identify patients who, after completing 48 weeks of treatment, have a better chance of achieving HBsAg loss at Week 72.",Support
2862,AbstRCT_mixed_29375225,"There was no significant reduction of diastolic BP in the intervention group in comparison to placebo group (between group treatment difference = -1.3 mmHg, p = 0.099).",Short course monotherapy with low dose spironolactone is effective in reducing systolic BP in patients with stage I essential hypertension.,Support
2863,AbstRCT_mixed_29375225,"Systolic BP was reduced from 143.5 ± 8.2 mmHg to 137.10 ± 7.57 mmHg in the intervention group, while it did not change significantly in control (between group treatment difference = -4.5 mmHg, p = 0.004).",Short course monotherapy with low dose spironolactone is effective in reducing systolic BP in patients with stage I essential hypertension.,Support
2864,AbstRCT_mixed_29056008,"The two groups had similar incidence rates of adverse events, serious adverse events, and common adverse events.","In Peg-IFN-α regimen for HBeAg-positive CHB patients, the new drug Peg-IFN-α-2b (Y shape, 40 kD) has comparable effect and safety to the control drug Peg-IFN-α-2a.",Support
2865,AbstRCT_mixed_29056008,"95% CI met the non-inferiority criteria, and the trial group was non-inferior to the control group.","In Peg-IFN-α regimen for HBeAg-positive CHB patients, the new drug Peg-IFN-α-2b (Y shape, 40 kD) has comparable effect and safety to the control drug Peg-IFN-α-2a.",Support
2866,AbstRCT_mixed_29056008,"The data of the per-protocol set showed that HBeAg seroconversion rate at week 72 was 30.75% in the trial group and 27.14% in the control group with a rate difference of 3.61% (95% CI -3.87% to 11.09%, P = 0.3436).","In Peg-IFN-α regimen for HBeAg-positive CHB patients, the new drug Peg-IFN-α-2b (Y shape, 40 kD) has comparable effect and safety to the control drug Peg-IFN-α-2a.",Support
2867,AbstRCT_mixed_29056008,"The data of the full analysis set showed that HBeAg seroconversion rate at week 72 was 27.32% in the trial group and 22.70% in the control group with a rate difference of 4.63% (95% CI -1.54% to 10.80%, P = 0.1493).","In Peg-IFN-α regimen for HBeAg-positive CHB patients, the new drug Peg-IFN-α-2b (Y shape, 40 kD) has comparable effect and safety to the control drug Peg-IFN-α-2a.",Support
2868,AbstRCT_mixed_29133641,The study group required significantly lesser (P = 0.03) bleb needlings as compared to control group.,Amnion enhanced the efficacy of MMC-modulated trabeculectomy in terms of eyes with complete success and lesser interventions such as bleb needling.,Support
2869,AbstRCT_mixed_29133641,"Blebs in AMT group showed better bleb morphology in terms of significantly better extent (E3) on day 1 (P = 0.03) and better height (H2 and H3) (P = 0.04), according to the Indiana Bleb Appearance Grading Scale, at all follow-up visits along with normal vascularity.",Amnion enhanced the efficacy of MMC-modulated trabeculectomy in terms of eyes with complete success and lesser interventions such as bleb needling.,Support
2870,AbstRCT_mixed_29133641,"IOP reduced by 71.1% in study group from 41.9 ± 10.6 to 12.1 ± 2.7 mmHg and from 40.5 ± 8.5 to 12.8 ± 4.5 mmHg in control group, a decline of 68.29%.",Amnion enhanced the efficacy of MMC-modulated trabeculectomy in terms of eyes with complete success and lesser interventions such as bleb needling.,Support
2871,AbstRCT_mixed_29133641,Complete success (defined as IOP <16 mmHg on no medication) could be achieved in 85% eyes in study group while it was 60% in control group (P = 0.04).,Amnion enhanced the efficacy of MMC-modulated trabeculectomy in terms of eyes with complete success and lesser interventions such as bleb needling.,Support
2872,AbstRCT_mixed_29643323,"The change in the total DTR-QOL17 score and the score of one domain, burden on social activities and daily activities, was significantly greater in the linagliptin group than in the voglibose group.",Linagliptin is superior to voglibose in terms of improving treatment-related QOL in Japanese patients with T2DM.,Support
2873,AbstRCT_mixed_29643323,"In addition, only linagliptin treatment was identified as a factor associated with an increased total DTR-QOL17 score.",Linagliptin is superior to voglibose in terms of improving treatment-related QOL in Japanese patients with T2DM.,Support
2874,AbstRCT_mixed_29577107,but evidence from trials is inconclusive.,"Observational data support a role for vitamin D in type 2 diabetes,",Partial-Attack
2875,AbstRCT_mixed_29577107,"Among patients treated with lifestyle only (n = 28), vitamin D supplementation reduced HbA1c compared with placebo (-0.1% vs 0.3%, respectively; P = 0.034) at week 24.","Observational data support a role for vitamin D in type 2 diabetes,",Support
2876,AbstRCT_mixed_29477688,Serious complications requiring reoperation or producing a loss of 2 Snellen lines or more occurred in 1 patient (1%) in the tube group and 8 patients (7%) in the trabeculectomy group (P = 0.03).,The frequency of serious complications producing vision loss or requiring reoperation was lower after tube shunt surgery relative to trabeculectomy with MMC.,Support
2877,AbstRCT_mixed_29477688,Postoperative complications developed in 36 patients (29%) in the tube group and 48 patients (41%) in the trabeculectomy group (P = 0.06).,The frequency of serious complications producing vision loss or requiring reoperation was lower after tube shunt surgery relative to trabeculectomy with MMC.,Support
2878,AbstRCT_mixed_29477688,"Mean ± standard deviation IOP was 13.8±4.1 mmHg in the tube group and 12.4±4.4 mmHg in the trabeculectomy group at 1 year (P = 0.01), and the number of glaucoma medications was 2.1±1.4 in the tube group and 0.9±1.4 in the trabeculectomy group (P < 0.001).",Lower IOP with use of fewer glaucoma medications was achieved after trabeculectomy with MMC compared with tube shunt surgery during the first year of follow-up.,Support
2879,AbstRCT_mixed_29477688,"The cumulative probability of failure during the first year of follow-up was 17.3% in the tube group and 7.9% in the trabeculectomy group (P = 0.01; hazard ratio, 2.59; 95% confidence interval, 1.20-5.60).",Trabeculectomy with MMC had a higher surgical success rate than tube shunt implantation after 1 year in the PTVT Study.,Support
2880,AbstRCT_mixed_29463627,spironolactone promoted greater decrease in 24-h systolic and diastolic BP and diastolic daytime ambulatory BP than clonidine.,spironolactone is preferable for the fourth-drug therapy.,Support
2881,AbstRCT_mixed_29463627,"Secondary end point analysis showed similar office BP (33.3% versus 29.3%) and ambulatory BP monitoring (44% versus 46.2%) control for spironolactone and clonidine, respectively.","clonidine was not superior to spironolactone in true resistant hypertensive patients, but the overall BP control was low (≈21%).",Support
2882,AbstRCT_mixed_29463627,"clonidine was not superior to spironolactone in true resistant hypertensive patients, but the overall BP control was low (≈21%).",spironolactone is preferable for the fourth-drug therapy.,Support
2883,AbstRCT_mixed_29463627,"Compared with the spironolactone group (n=95), the clonidine group (n=92) presented similar rates of achieving the primary end point (20.5% versus 20.8%, respectively; relative risk, 1.01 [0.55-1.88]; P=1.00).","clonidine was not superior to spironolactone in true resistant hypertensive patients, but the overall BP control was low (≈21%).",Support
2884,AbstRCT_mixed_29463627,spironolactone promoted greater decrease in 24-h systolic and diastolic BP and diastolic daytime ambulatory BP than clonidine.,"clonidine was not superior to spironolactone in true resistant hypertensive patients, but the overall BP control was low (≈21%).",Support
2885,AbstRCT_mixed_29527973,A blood-pressure level of less than 130/80 mm Hg was achieved among 63.6% of the participants in the intervention group versus 11.7% of the participants in the control group (P<0.001).,"Among black male barbershop patrons with uncontrolled hypertension, health promotion by barbers resulted in larger blood-pressure reduction when coupled with medication management in barbershops by specialty-trained pharmacists.",Support
2886,AbstRCT_mixed_29527973,"At 6 months, the mean systolic blood pressure fell by 27.0 mm Hg (to 125.8 mm Hg) in the intervention group and by 9.3 mm Hg (to 145.4 mm Hg) in the control group; the mean reduction was 21.6 mm Hg greater with the intervention (95% confidence interval, 14.7 to 28.4; P<0.001).","Among black male barbershop patrons with uncontrolled hypertension, health promotion by barbers resulted in larger blood-pressure reduction when coupled with medication management in barbershops by specialty-trained pharmacists.",Support
2887,AbstRCT_mixed_27545497,"Treatment was generally well tolerated, and renal events were mild and infrequent (∼8.6%).",TDF monotherapy was effective and well tolerated in LAM-R CHB patients for up to 240 weeks.,Support
2888,AbstRCT_mixed_27545497,"Treatment was generally well tolerated, and renal events were mild and infrequent (∼8.6%).","Tenofovir disoproxil fumarate (TDF) monotherapy was effective and well tolerated without TDF resistance development in CHB patients with LAM-R, for up to 240weeks.",Support
2889,AbstRCT_mixed_27545497,No TDF resistance was observed up to week 240.,TDF monotherapy was effective and well tolerated in LAM-R CHB patients for up to 240 weeks.,Support
2890,AbstRCT_mixed_27545497,No TDF resistance was observed up to week 240.,"Tenofovir disoproxil fumarate (TDF) monotherapy was effective and well tolerated without TDF resistance development in CHB patients with LAM-R, for up to 240weeks.",Support
2891,AbstRCT_mixed_27545497,"Overall, six patients achieved hepatitis B surface antigen (HBsAg) loss and one patient (FTC/TDF arm) had HBsAg seroconversion by week 240.",TDF monotherapy was effective and well tolerated in LAM-R CHB patients for up to 240 weeks.,Support
2892,AbstRCT_mixed_27545497,"Overall, six patients achieved hepatitis B surface antigen (HBsAg) loss and one patient (FTC/TDF arm) had HBsAg seroconversion by week 240.","Tenofovir disoproxil fumarate (TDF) monotherapy was effective and well tolerated without TDF resistance development in CHB patients with LAM-R, for up to 240weeks.",Support
2893,AbstRCT_mixed_29432772,"No significant changes in FPG, insulin resistance/sensitivity, lipid profile and TAC indices were seen in synbiotic group compared to the placebo one (p > 0.05).","The results showed that, in women with GDM, synbiotic supplementation had no effect on FPG and insulin resistance/sensitivity indices.",Support
2894,AbstRCT_mixed_29432772,"Between group comparison showed significant decrease in SBP and DBP in synbiotic group compared to placebo (-2.5 vs. 8.6 mmHg, and -1.8 vs. 2.1 mmHg, p < 0.05).",Synbiotic is effective in reducing of blood pressure in women with GDM.,Support
2895,AbstRCT_mixed_29432772,Significant within group increases for HDL-C and TAC levels in synbiotic group were observed (p < 0.05).,Lipid profile and TAC status may be affected by synbiotic supplementation.,Support
2896,AbstRCT_mixed_29432772,"LDL-C showed significant increment in the placebo group compared to the baseline of the study (6.9 mg/dL, p < 0.05).",Lipid profile and TAC status may be affected by synbiotic supplementation.,Support
2897,AbstRCT_mixed_28777224,"however, it increases the risk of early filtering bleb leakage.",A single 1.25 mg dose of intracameral bevacizumab improves the success of trabeculectomy comparable with MMC;,Partial-Attack
2898,AbstRCT_mixed_28777224,Early filtering bleb leak was more prevalent in bevacizumab group (29% vs. 11%).,A single 1.25 mg dose of intracameral bevacizumab improves the success of trabeculectomy comparable with MMC;,Support
2899,AbstRCT_mixed_28777224,"At last visit, complete success was achieved in 25 cases (61%) of bevacizumab group and 23 cases (66%) of MMC group (P=0.669).",A single 1.25 mg dose of intracameral bevacizumab improves the success of trabeculectomy comparable with MMC;,Support
2900,AbstRCT_mixed_28777224,"Compared with baseline, IOP drop at last visit was 11.76±5.51 and 13.43±5.92 in the bevacizumab and MMC groups, respectively (P=0.207).",A single 1.25 mg dose of intracameral bevacizumab improves the success of trabeculectomy comparable with MMC;,Support
2901,AbstRCT_mixed_29553852,"Linear regression showed statistically significant associations between systolic blood pressure, diastolic blood pressure, C-reactive protein, lip-line, and heart rate with c-IMT z-scores of >1.5SD in the fully adjusted models and the p values were 0.000, 0.000, 0.017, 0.001, and 0.044, respectively .","Systolic or diastolic blood pressure, homocysteine, carotid-femoral PWV, and waistline were significantly related to c-IMT increment.",Support
2902,AbstRCT_mixed_29553852,"The results showed that mean c-IMT z-scores increased significantly during 4 years (0.002 ± 0.003, p < 0.001) as well as carotid-femoral PWV (13.99 ± 2.74, p < 0.01) and total cholesterol (6.97 ± 1.08, p < 0.001).","Systolic or diastolic blood pressure, homocysteine, carotid-femoral PWV, and waistline were significantly related to c-IMT increment.",Support
2903,AbstRCT_mixed_28889724,"In the chronic hepatitis B patients with interferon resistance, the combined administration of entecavir and adefovir dipivoxil can significantly improve liver function, hepatic fibrosis and MELD scores.","The results highlight the need to promote the benefits of this drug combination in helping chronic hepatitis B patients with interferon resistance, and to promote its application in clinical practices.",Support
2904,AbstRCT_mixed_28889724,"After treatment, the MELD score of patients in the combination treatment group was significantly lower than that in the entecavir group (18.7±3.2 vs. 22.5±3.4), with a statistically significant difference (P<0.05).","In the chronic hepatitis B patients with interferon resistance, the combined administration of entecavir and adefovir dipivoxil can significantly improve liver function, hepatic fibrosis and MELD scores.",Support
2905,AbstRCT_mixed_28889724,The results showed that the differences in comparison of the indexes before and after the treatment were statistically significant (P<0.05).,"In comparison of the indexes of hepatic fibrosis between the two groups, we found the following differences: PCIII (67.5±7.7 vs. 82.4±13.5 μg/L); IV-C (61.3±18.7 vs. 74.5±17.9 μg/L); HA (147.3±12.4 vs. 87.4±31.6 μg/L); and LN (88.7±13.2 vs 102.5±23.4 μg/L).",Support
2906,AbstRCT_mixed_28889724,The results showed that the differences in comparison of the indexes before and after the treatment were statistically significant (P<0.05).,"After treatment, the levels of the indexes in both groups (the combination treatment group vs. the entecavir group) were as follows: bilirubin (67.5±7.7 vs. 82.4±13.5 μmol/L); International Normalized Ratio (INR) (1.21±0.8 vs. 1.14±0.7); creatinine (147.3±12.4 vs. 287.4±21.6 mg/dL); GGT (67.4±23.2 vs. 88.4±23.7 U/L); and ALT (63.4±40.8 vs. 96.5±23.5 U/L).",Support
2907,AbstRCT_mixed_28889724,"In comparison of the indexes of hepatic fibrosis between the two groups, we found the following differences: PCIII (67.5±7.7 vs. 82.4±13.5 μg/L); IV-C (61.3±18.7 vs. 74.5±17.9 μg/L); HA (147.3±12.4 vs. 87.4±31.6 μg/L); and LN (88.7±13.2 vs 102.5±23.4 μg/L).","In the chronic hepatitis B patients with interferon resistance, the combined administration of entecavir and adefovir dipivoxil can significantly improve liver function, hepatic fibrosis and MELD scores.",Support
2908,AbstRCT_mixed_28889724,"After treatment, the levels of the indexes in both groups (the combination treatment group vs. the entecavir group) were as follows: bilirubin (67.5±7.7 vs. 82.4±13.5 μmol/L); International Normalized Ratio (INR) (1.21±0.8 vs. 1.14±0.7); creatinine (147.3±12.4 vs. 287.4±21.6 mg/dL); GGT (67.4±23.2 vs. 88.4±23.7 U/L); and ALT (63.4±40.8 vs. 96.5±23.5 U/L).","In the chronic hepatitis B patients with interferon resistance, the combined administration of entecavir and adefovir dipivoxil can significantly improve liver function, hepatic fibrosis and MELD scores.",Support
2909,AbstRCT_mixed_29332633,A longitudinal and qualitative study should refine these results.,Psychological factors impact the HRQoL of treated patients.,Partial-Attack
2910,AbstRCT_mixed_29332633,"Multivariate analysis indicated a positive relationship between 6MWD and the Physical Composite Score for QoL (p=0.004),",Psychological factors impact the HRQoL of treated patients.,Support
2911,AbstRCT_mixed_29332633,"negative relationship between delta SPO2 and the Mental Composite Score (p=0.02), irrespective of other known prognostic factors (such as haemodynamics at right heart catheterization).",Psychological factors impact the HRQoL of treated patients.,Support
2912,AbstRCT_mixed_29332633,"Depression and Trait-Anxiety were associated with a lower physical (p=0.001) and mental (p<0.001) QoL, respectively.",Psychological factors impact the HRQoL of treated patients.,Support
2913,AbstRCT_mixed_29580746,"RRS at baseline and Week 16, and change in RRS from baseline, predicted survival and clinical worsening-free survival.",This analysis of RRS in patients with inoperable or persistent/recurrent CTEPH suggests utility for the RRS in indications beyond PAH.,Support
2914,AbstRCT_mixed_29580746,Riociguat improved RRS in patients with inoperable and persistent/recurrent CTEPH.,This analysis of RRS in patients with inoperable or persistent/recurrent CTEPH suggests utility for the RRS in indications beyond PAH.,Support
2915,AbstRCT_mixed_29580746,"In CHEST-1, riociguat significantly improved RRS (p < 0.0001) and risk stratum (p < 0.001) vs placebo from baseline to Week 16.",This analysis of RRS in patients with inoperable or persistent/recurrent CTEPH suggests utility for the RRS in indications beyond PAH.,Support
2916,AbstRCT_mixed_29580746,"RRS at baseline, and at Week 16, and change in RRS during CHEST-1 were significantly associated with survival (hazard ratios for a 1-point reduction in RRS: 0.702, 0.692, and 0.682, respectively) and clinical worsening-free survival (hazard ratios: 0.697, 0.719, and 0.754, respectively) over 2 years in CHEST-2.",This analysis of RRS in patients with inoperable or persistent/recurrent CTEPH suggests utility for the RRS in indications beyond PAH.,Support
2917,AbstRCT_mixed_29406428,"Participants with both raised AST/ALT and positive HBsAg had a higher risk (OR 19.9, 95% CI: 5.3 to 74.3) and earlier onset of hepatotoxicity than participants who did not have these conditions at baseline.",Severely immunosuppressed individuals with raised pretreatment AST/ALT or HBsAg seropositivity need closer monitoring for hepatotoxicity.,Support
2918,AbstRCT_mixed_29406428,"Participants with both raised AST/ALT and positive HBsAg had a higher risk (OR 19.9, 95% CI: 5.3 to 74.3) and earlier onset of hepatotoxicity than participants who did not have these conditions at baseline.",The incidence of hepatotoxicity during IPT and ART was high.,Support
2919,AbstRCT_mixed_29406428,"Raised pretreatment AST/ALT (odds ratio [OR] 3.6, 95% confidence interval [CI]: 1.7 to 7.7) and hepatitis B surface antigen (HBsAg) seropositivity at baseline (OR 4.7, 95% CI: 1.7 to 12.9) were significantly associated with an increased risk of developing hepatotoxicity.",The incidence of hepatotoxicity during IPT and ART was high.,Support
2920,AbstRCT_mixed_29406428,"Among 426 participants (53% male, median age 35 years, median CD4 count 19 cells/µL), 31 developed hepatotoxicity (7.3%).",The incidence of hepatotoxicity during IPT and ART was high.,Support
2921,AbstRCT_mixed_29611209,"When the subjects were restricted to cirrhotic patients or Child-Pugh class A/B patients, similar results were obtained for mortality risk reduction between groups.",Survival advantage was significant with regular surveillance but not with irregular surveillance.,Support
2922,AbstRCT_mixed_29611209,"Mortality risk was significantly lower in the regular surveillance group (adjusted hazard ratio [aHR], 0.69; 95% [CI], 0.57-0.83) but not in the irregular surveillance group (aHR, 0.94; 95% CI, 0.69-1.28) compared with the nonsurveillance group after adjusting for confounding factors and lead-time.",Survival advantage was significant with regular surveillance but not with irregular surveillance.,Support
2923,AbstRCT_mixed_29611209,"Patients in the regular surveillance group were diagnosed at earlier stages ([very] early stage, 64.4%) than the irregular surveillance (40.4%) or nonsurveillance (26.9%) groups and had more chance for curative treatments (52.4%) than the irregular surveillance (39.4%) or nonsurveillance (23.3%) groups (all P < 0.001).",HCC surveillance was associated with longer survival owing to earlier diagnosis and curative treatment.,Support
2924,AbstRCT_mixed_29329305,"In the subgroup analysis for estimated glomerular filtration rate (eGFR) before and after treatment, decreased eGFR was observed only in the TDF group with cirrhosis (85.22 vs. 79.83 mL/min/1.73 m2, p = 0.000).",Stable switching to TDF monotherapy yielded non-inferior results at 96 weeks compared to the results obtained with LAM+ADV combination therapy in patients with LAM-resistant CHB and undetectable HBV DNA.,Support
2925,AbstRCT_mixed_29329305,No serious adverse reactions were observed.,Stable switching to TDF monotherapy yielded non-inferior results at 96 weeks compared to the results obtained with LAM+ADV combination therapy in patients with LAM-resistant CHB and undetectable HBV DNA.,Support
2926,AbstRCT_mixed_29329305,None of the subjects in either group experienced viral reactivation based on per protocol analysis.,Stable switching to TDF monotherapy yielded non-inferior results at 96 weeks compared to the results obtained with LAM+ADV combination therapy in patients with LAM-resistant CHB and undetectable HBV DNA.,Support
2927,AbstRCT_mixed_29329305,"After a mean follow-up period of 96 weeks, the proportion of HBV reactivation observed was 6.8% (4/58) in the LAM+ADV group and 4.5% (5/111) in the TDF group by using intention-to-treat analysis (difference, -2.3%; 95% CI, -9.84-5.24%).",Stable switching to TDF monotherapy yielded non-inferior results at 96 weeks compared to the results obtained with LAM+ADV combination therapy in patients with LAM-resistant CHB and undetectable HBV DNA.,Support
2928,AbstRCT_mixed_28454526,"In Group 1 and 2, intraocular pressure was well controlled to approximately 14 mmHg (9.38-18.46% decrease).",Both preservative containing and preservative-free 0.0015% tafluprost reduced intraocular pressure significantly.,Support
2929,AbstRCT_mixed_29478187,"AG lowered systolic blood pressure (- 5.6 ± 2.7 mmHg; p < 0.001), increased NOx (+ 1.85 ± 2.13 µmol/L; p < 0.03), and produced a mean percent end-difference of - 12.3 ± 3.9% in LDL-C and - 13.9 ± 5.8% in LDL-C/HDL.",AG extract added to conventional treatment provided an effective and safe adjunct in the management of T2DM.,Support
2930,AbstRCT_mixed_29478187,AG extract added to conventional treatment provided an effective and safe adjunct in the management of T2DM.,Larger studies using physiologically standardized ginseng preparations are warranted to substantiate the present findings and to demonstrate therapeutic effectiveness of AG.,Support
2931,AbstRCT_mixed_29478187,"Compared to placebo, AG significantly reduced HbA1c (- 0.29%; p = 0.041) and fasting blood glucose (- 0.71 mmol/L; p = 0.008).",AG extract added to conventional treatment provided an effective and safe adjunct in the management of T2DM.,Support
2932,AbstRCT_mixed_29633159,"adverse effects, such as bone marrow suppression and cardiotoxicity, limit their clinical application.","anthracyclines are effective chemotherapeutic agents for treating B-cell lymphoma,",Partial-Attack
2933,AbstRCT_mixed_29633159,Anthracycline therapy increases diabetes risk in a dose-dependent manner in B-cell lymphoma patients.,Intensive blood glucose monitoring and control should be recommended for B-cell lymphoma patients receiving anthracycline treatment.,Support
2934,AbstRCT_mixed_29633159,The annual alteration of adapted diabetes complications severity index score was not significantly different between B-cell lymphoma patients with or without anthracycline treatment (p = 0.4924).,Anthracycline therapy increases diabetes risk in a dose-dependent manner in B-cell lymphoma patients.,Support
2935,AbstRCT_mixed_29633159,"Cumulative anthracycline doses of 253-400 mg (HR: 2.35; 95% CI 1.41-3.91; p = 0.0010), 401-504 mg (HR: 2.26; 95% CI 1.26-4.05; p = 0.0063), and > 504 mg (HR: 2.29; 95% CI 1.25-4.18; p = 0.0072) increased the incidence density of diabetes in a dose-dependent manner (p = 0.0006).",Anthracycline therapy increases diabetes risk in a dose-dependent manner in B-cell lymphoma patients.,Support
2936,AbstRCT_mixed_29633159,"Anthracycline administration was associated with a higher incidence of diabetes (HR: 1.75; 95% CI 1.11-2.75; p = 0.0163) after adjustments for age, gender, cumulative dose of prednisolone, and co-morbidities.",Anthracycline therapy increases diabetes risk in a dose-dependent manner in B-cell lymphoma patients.,Support
2937,AbstRCT_mixed_28603112,The efficacy response is equal in both drugs while test drug showed more safety response.,It is concluded that Safoof akseer e jigar possesses as effective a therapeutic value in treating hepatitis B as allopathic medicine.,Support
2938,AbstRCT_mixed_28603112,Comparison of the data recorded of the patients was determined as both drugs showed significant improvement and p value>0.05.,The efficacy response is equal in both drugs while test drug showed more safety response.,Support
2939,AbstRCT_mixed_28603112,"According to the statistical analysis by chi square, hepatitis B was recorded as negative in 26 patients (57.77%) out of 45 patients by the use of Interferon Alpha (control therapy) and in 27 patients (64.28%) out of 42 patients by the use of Safoof akseer e jigar (test drug).",The efficacy response is equal in both drugs while test drug showed more safety response.,Support
2940,AbstRCT_mixed_28603112,No significant difference was identified after treatment and it was found that the efficacy of Alpha (Control drug) is same as Safoof akseer e jigar (Test drug).,The efficacy response is equal in both drugs while test drug showed more safety response.,Support
2941,AbstRCT_mixed_29654388,"Hepatic glucose production decreased after rapamycin pre-treatment (- 1.1 ± 1.1 mg/kg/min, p = 0.04) and after ITx (- 1.6 ± 0.6 mg/kg/min, p = 0.015),","Rapamycin pre-treatment before ITx succeeds in reducing insulin requirement, enhancing hepatic insulin sensitivity.",Support
2942,AbstRCT_mixed_29654388,"We found a significant reduction in DIR after rapamycin pre-treatment (- 8 ± 6 U/day, mean ± SD, p < 0.001) and 1 year after ITx.","Rapamycin pre-treatment before ITx succeeds in reducing insulin requirement, enhancing hepatic insulin sensitivity.",Support
2943,AbstRCT_mixed_29654388,"DIR reduction 1 year after ITx was greater in Group 1 as compared to Group 2 (- 37 ± 15 vs. - 19 ± 13 U/day, p = 0.005) and remained significant after adjusting for gender, age, glucose and baseline HbA1c (beta = 18.2 ± 5.9, p = 0.006).","Rapamycin pre-treatment before ITx succeeds in reducing insulin requirement, enhancing hepatic insulin sensitivity.",Support
2944,AbstRCT_mixed_29559030,"Over ten-years follow-up, SSRI + CCB use was associated with improved general cognitive function (Mini-Mental State Examination: β = 0.97; 95% CI 0.14 to 1.81, p = 0.023) and immediate visual memory (Boston Visual Retention Test: β = 0.69; 95% CI 0.06 to 1.32, p = 0.033).",The findings provide general population evidence that SSRI augmentation with CCB may improve depression and cognitive function.,Support
2945,AbstRCT_mixed_29559030,"At two year follow-up there was a significant group by time interaction showing lower Center for Epidemiological Studies-Depression (CESD) scores in the SSRI + CCB group, F(1,291) = 4.13, p = 0.043, η2 p = 0.014.",The findings provide general population evidence that SSRI augmentation with CCB may improve depression and cognitive function.,Support
2946,AbstRCT_mixed_29577550,ZGN-1061 was well tolerated across all doses with most frequent adverse events of mild headache and procedural-related irritation.,ZGN-1061 was well tolerated with no safety signals in all doses tested.,Support
2947,AbstRCT_mixed_27603149,"The non-invasive fibrosis serologic markers were further decreased in the experimental group, with significant differences after treatment observed for hyaluronic acid (p = 0.032) and transforming growth factor-β (p = 0.008), but not for type IV collagen (p = 0.174).",This study suggests the possibility of Korean Red Ginseng as a complementary therapy for chronic hepatitis B.,Support
2948,AbstRCT_mixed_27603149,"Differences in several non-invasive fibrosis serologic markers (type IV collagen, hyaluronic acid, transforming growth factor-β) and in the hepatitis B virus DNA levels were compared between the groups.",This study suggests the possibility of Korean Red Ginseng as a complementary therapy for chronic hepatitis B.,Support
2949,AbstRCT_mixed_29428785,"Among pregnant women aged 20-24 years, iron-folic acid (adjusted odds ratios: 0.81, 95% confidence interval: 0.67-0.96) or multiple micronutrient supplementation (adjusted odds ratios: 0.83, 95% confidence interval: 0.70-0.99) can significantly reduce the risk of pregnancy-induced hypertension compared to folic acid supplementation.","among pregnant women aged 20-24 years, iron-containing multiple micronutrient supplementation was associated with a reduced risk of pregnancy-induced hypertension compared with folic acid supplements only.",Support
2950,AbstRCT_mixed_29428785,"The incidence of pregnancy-induced hypertension was 7.1% (423/5923), 6.3% (374/5933) and 6.3% (372/5914) among the pregnant women who took folic acid only, iron-folic acid and multiple micronutrient supplements, respectively.","among pregnant women aged 20-24 years, iron-containing multiple micronutrient supplementation was associated with a reduced risk of pregnancy-induced hypertension compared with folic acid supplements only.",Support
2951,AbstRCT_mixed_29428785,"The adjusted odds ratios associated with iron-folic acid supplements and multiple micronutrient supplements for pregnancy-induced hypertension were both nearly 0.88 (95% confidence interval, 0.76-1.02), compared with folic acid supplements only.","among pregnant women aged 20-24 years, iron-containing multiple micronutrient supplementation was associated with a reduced risk of pregnancy-induced hypertension compared with folic acid supplements only.",Support
2952,AbstRCT_mixed_29510792,"The apnea-hypopnea index was significantly reduced in all three treatment arms, most prominently by AZT plus CPAP (RM-ANOVA P = .003).","AZT reduced blood pressure, vascular stiffness, and sleep-disordered breathing in patients with OSA and comorbid hypertension.",Support
2953,AbstRCT_mixed_29510792,"The reduction of venous bicarbonate concentration following AZT was correlated with the change of apnea-hypopnea index (r = 0.66, P = .013).","AZT reduced blood pressure, vascular stiffness, and sleep-disordered breathing in patients with OSA and comorbid hypertension.",Support
2954,AbstRCT_mixed_29510792,"Aortic systolic pressure and augmentation index, assessed by radial artery oscillatory tonometry, were unaffected by CPAP but decreased after AZT and AZT plus CPAP (RM-ANOVA P = .030 and .031, respectively).","AZT reduced blood pressure, vascular stiffness, and sleep-disordered breathing in patients with OSA and comorbid hypertension.",Support
2955,AbstRCT_mixed_29510792,"AZT reduced blood pressure, vascular stiffness, and sleep-disordered breathing in patients with OSA and comorbid hypertension.",Carbonic anhydrase inhibition may constitute a potential target for drug therapy in patients with sleep apnea and comorbid hypertension.,Support
2956,AbstRCT_mixed_29104121,Most (41-80%) experienced ≥1 AE during the study with the majority of AEs mild or moderate in severity.,"Vesatolimod was safe and well-tolerated in patients with CHB, demonstrating consistent dose-dependent pharmacodynamic induction of ISG15 without significant systemic induction of IFNα expression or related symptoms.",Support
2957,AbstRCT_mixed_29104121,"ISG15 induction was dose-dependent and consistent after repeat dosing, returning closer to baseline by one week after treatment at all dose levels;","Vesatolimod was safe and well-tolerated in patients with CHB, demonstrating consistent dose-dependent pharmacodynamic induction of ISG15 without significant systemic induction of IFNα expression or related symptoms.",Support
2958,AbstRCT_mixed_29104121,no patient demonstrated significant serum interferon alpha (IFNα) expression at any timepoint evaluated.,"Vesatolimod was safe and well-tolerated in patients with CHB, demonstrating consistent dose-dependent pharmacodynamic induction of ISG15 without significant systemic induction of IFNα expression or related symptoms.",Support
2959,AbstRCT_mixed_29608107,"Compared with SMBG, CGM use improved hypoglycemia-related confidence in social situations (P = 0.016) and confidence in more broadly avoiding serious problems due to hypoglycemia (P = 0.0020).","CGM reduced time in both nocturnal and daytime hypoglycemia in persons with type 1 diabetes treated with MDI and improved hypoglycemia-related confidence, especially in social situations, thus contributing to greater well-being and quality of life.",Support
2960,AbstRCT_mixed_29608107,"For the corresponding glucose cutoffs, daytime hypoglycemia was reduced by 40% (29 vs. 49 min, P < 0.001) and 54% (8 vs. 18 min., P < 0.001), respectively.","CGM reduced time in both nocturnal and daytime hypoglycemia in persons with type 1 diabetes treated with MDI and improved hypoglycemia-related confidence, especially in social situations, thus contributing to greater well-being and quality of life.",Support
2961,AbstRCT_mixed_29608107,"Time with nocturnal hypoglycemia, glucose levels <70 mg/dL was reduced by 48% (10.2 vs. 19.6 min each night, P < 0.001) and glucose levels <54 mg/dL by 65%. (3.1 vs. 8.9 min, P < 0.001).","CGM reduced time in both nocturnal and daytime hypoglycemia in persons with type 1 diabetes treated with MDI and improved hypoglycemia-related confidence, especially in social situations, thus contributing to greater well-being and quality of life.",Support
2962,AbstRCT_mixed_28912358,No major adverse events occurred and biochemical markers were similarly safe with both treatments.,COC plus spironolactone was more effective than metformin for symptoms of PCOS showing similar safety and overall neutral effects on cardiometabolic risk factors.,Support
2963,AbstRCT_mixed_28912358,"No differences were found in frequencies of abnormal glucose tolerance (OR: 1.7, 95% CI: 0.7-4.4), dyslipidemia (OR: 0.6, 95% CI: 0.2-1.8) or hypertension (OR: 0.3, 95% CI: 0.5-2.0).",COC plus spironolactone was more effective than metformin for symptoms of PCOS showing similar safety and overall neutral effects on cardiometabolic risk factors.,Support
2964,AbstRCT_mixed_28912358,"Menstrual dysfunction was less frequent with COC plus spironolactone (OR: 0.06, 95% CI: 0.02-0.23).",COC plus spironolactone was more effective than metformin for symptoms of PCOS showing similar safety and overall neutral effects on cardiometabolic risk factors.,Support
2965,AbstRCT_mixed_28912358,"Compared with metformin, COC plus spironolactone caused larger decreases in hirsutism score (mean difference 4.6 points, 95% CI: 2.6-6.7), total testosterone (1.1 nmol/L, 0.4-1.7), free testosterone (25 pmol/L, 12-39), androstenedione (5.5 nmol/L, 1.8-9.2) and dehydroepiandrosterone sulfate (2.7 μmol/L, 1.4-4.0).",COC plus spironolactone was more effective than metformin for symptoms of PCOS showing similar safety and overall neutral effects on cardiometabolic risk factors.,Support
2966,AbstRCT_mixed_28874133,Changes in WHO functional class and Borg dyspnoea score and incidence of clinical worsening did not differ.,"Sildenafil, in addition to stable (≥3 months) bosentan therapy, had no benefit over placebo for 12-week change from baseline in 6MWD.",Support
2967,AbstRCT_mixed_28874133,"In sildenafil versus placebo arms, week-12 6MWD increases were similar (least squares mean difference [sildenafil-placebo], -2.4 m [90% CI: -21.8 to 17.1 m]; P = 0.6); mean ± SD changes from baseline were 26.4 ± 45.7 versus 11.8 ± 57.4 m, respectively, in IPAH (65% of population) and -18.3 ± 82.0 versus 17.5 ± 59.1 m in APAH-CTD (35% of population).","Sildenafil, in addition to stable (≥3 months) bosentan therapy, had no benefit over placebo for 12-week change from baseline in 6MWD.",Support
2968,AbstRCT_mixed_29565948,"In a previous study of patients with peripheral arterial disease (PAD), 40 mg BID treatment led to a statistically significant reduction in reported pain, similar trends were observed at the end of the trial period for most of the pain questionnaires used in the study.","The ability to alleviate pain with BID treatment of SR-nitrite offers promise for a new non-addictive, non-sedating treatment of chronic pain and warrants further study.",Support
2969,AbstRCT_mixed_29565948,There were no reports of treatment-related headaches.,Sustained release sodium nitrite prevents the prevalent reports of headaches by patients treated with an immediate release formulation of sodium nitrite.,Support
2970,AbstRCT_mixed_29601076,"Older age was also associated with greater risk of syncope, hypotension, and falls, but there was no age-by-treatment interaction for any of the SAE outcomes.","Participants randomized to intensive SBP control had greater risk of hypotension and possibly syncope, but not falls.",Support
2971,AbstRCT_mixed_29601076,"Randomization to intensive SBP control was associated with greater risk of an SAE involving hypotension (hazard ratio (HR) = 1.67, 95% confidence interval (CI) = 1.21-2.32, P = .002), and possibly syncope (HR = 1.32, 95% CI = 0.98-1.79, P = .07), but not falls (HR = 0.98, 95% CI = 0.75-1.29, P = .90).","Participants randomized to intensive SBP control had greater risk of hypotension and possibly syncope, but not falls.",Support
2972,AbstRCT_mixed_28370419,No patients developed additional resistance mutations throughout the study period.,"TDF monotherapy was efficacious and safe for up to 144 weeks, providing an increasing rate of virologic response in heavily pretreated patients with multidrug-resistant HBV.",Support
2973,AbstRCT_mixed_28370419,"At week 144, 19 patients who had HBV DNA levels >60 IU/mL qualified for genotypic resistance analysis, and 6 retained some of their baseline resistance mutations of HBV.","TDF monotherapy was efficacious and safe for up to 144 weeks, providing an increasing rate of virologic response in heavily pretreated patients with multidrug-resistant HBV.",Support
2974,AbstRCT_mixed_28370419,"Transient virologic breakthrough occurred in 6 patients, which was due to poor drug adherence.","TDF monotherapy was efficacious and safe for up to 144 weeks, providing an increasing rate of virologic response in heavily pretreated patients with multidrug-resistant HBV.",Support
2975,AbstRCT_mixed_28370419,"Serum HBV DNA <15 IU/mL at week 48, the primary efficacy endpoint, was achieved in 66.3% in the TDF-TDF group and 68.0% in the TDF/ETV-TDF group (P = 0.80).","TDF monotherapy was efficacious and safe for up to 144 weeks, providing an increasing rate of virologic response in heavily pretreated patients with multidrug-resistant HBV.",Support
2976,AbstRCT_mixed_28370419,"At week 144, the proportion with HBV DNA <15 IU/mL increased to 74.5%, which was significantly higher compared with that at week 48 (P = 0.03), without a significant difference between groups (P = 0.46).","TDF monotherapy was efficacious and safe for up to 144 weeks, providing an increasing rate of virologic response in heavily pretreated patients with multidrug-resistant HBV.",Support
2977,AbstRCT_mixed_29116050,"LAM-based treatment was associated with a higher probability of virologic breakthrough and genotypic resistance (21.4% and 19.6%, respectively) than ETV (1.6% and 0.1%, respectively) (P<0.0001).","Consistent with clinical trial results, ETV was more effective than LAM-based treatments in a real-world setting, with treatment modification being relatively low in ETV-treated patients.",Support
2978,AbstRCT_mixed_29116050,"At week 52, the virologic response rate was higher with ETV than with LAM-based treatment (77.0% versus 61.4%, P<0.0001).","Consistent with clinical trial results, ETV was more effective than LAM-based treatments in a real-world setting, with treatment modification being relatively low in ETV-treated patients.",Support
2979,AbstRCT_mixed_29116050,"Overall, 6.6% of patients modified their initial treatment, with ETV having lower rates of treatment modification than other major NUCs (P<0.05).","Consistent with clinical trial results, ETV was more effective than LAM-based treatments in a real-world setting, with treatment modification being relatively low in ETV-treated patients.",Support
2980,AbstRCT_mixed_28898281,"By ITT analysis, HBV reactivation was 0% (0/33) in the study group and 10.7% (3/28) in the observation group (p = 0.091).","In patients with hematological malignancy and resolved hepatitis B infection receiving RTX-based regimens, HBV reactivation did not occur in patients given TDF prophylaxis.",Support
2981,AbstRCT_mixed_29596950,"In instrumental variable analysis estimating effects among the subgroup of participants who attended any GLI visits, the effect of GLI attendance was 2.30% weight loss at six months (95% CI, 0.30-4.30%; P = 0.02), and 2.07% weight loss at 12 months (95% CI, 0.25-3.88%; P = 0.02).","Among adults with type 2 diabetes, a group-based lifestyle intervention in a community-based setting achieved modest weight loss at 6 and 12 months.",Support
2982,AbstRCT_mixed_29596950,but this result did not achieve statistical significance (P = 0.054).,"At 12 months, there was a 0.30% (3.3 mmol/mol) reduction in hemoglobin A1c,",Attack
2983,AbstRCT_mixed_29596950,"In the primary intention-to-treat analysis, the effect of GLI encouragement was 0.95% weight loss at six months (95% confidence interval [CI], 0.13-1.77%; P = 0.02), and 1.20% weight loss at 12 months (95% CI, 0.05-2.36%; P = 0.04).","Among adults with type 2 diabetes, a group-based lifestyle intervention in a community-based setting achieved modest weight loss at 6 and 12 months.",Support
2984,AbstRCT_mixed_28291960,"AS-OCT showed that ologen-induced blebs had significantly more fluid-filled spaces, cleavage planes, and less fibrosis.","Ologen resulted in a lower long-term postoperative IOP, a better bleb morphology, and fewer complications.",Support
2985,AbstRCT_mixed_28291960,"According to the MBGS, blebs with an ologen implant showed significantly better scoring than those with MMC.","Ologen resulted in a lower long-term postoperative IOP, a better bleb morphology, and fewer complications.",Support
2986,AbstRCT_mixed_28291960,"At 1 year, the mean postoperative IOP was significantly lower in group A.","Ologen resulted in a lower long-term postoperative IOP, a better bleb morphology, and fewer complications.",Support
2987,AbstRCT_mixed_28291960,The mean postoperative IOP was statistically significantly lower than the mean preoperative IOP at each follow-up in each group.,"Ologen resulted in a lower long-term postoperative IOP, a better bleb morphology, and fewer complications.",Support
2988,AbstRCT_mixed_28291960,"Ologen resulted in a lower long-term postoperative IOP, a better bleb morphology, and fewer complications.",Our results suggest that ologen may be a useful alternative to MMC in JOAG.,Support
2989,AbstRCT_mixed_29364091,"However, the difference among these three groups and the 24-week optimized therapy group were significant.","There were no obvious differences in the normalization rate of ALT, negative conversion rate of HBV DNA and HBeAg, as well as improvement in Child-Pugh scores among the combination therapy group, 12-week optimized therapy group, and ETV monotherapy group.",Support
2990,AbstRCT_mixed_29588138,compared to placebo a significant reduction in AIP were seen after taking EPA (p < 0.04).,"EPA supplementation in patients with T2DM for eight weeks had beneficial effects on Met, Cys and AIP, which may attribute to the prevention of vascular complications in the T2DM patients.",Support
2991,AbstRCT_mixed_29588138,Eight weeks supplementation with EPA led to significant reductions in Met (p < 0.002) and Cys (p < 0.001) compared with the placebo (p < 0.06).,"EPA supplementation in patients with T2DM for eight weeks had beneficial effects on Met, Cys and AIP, which may attribute to the prevention of vascular complications in the T2DM patients.",Support
2992,AbstRCT_mixed_29658370,Chronic HFHT compared with LFLT intake significantly increased plasma theobromine (p < 0.0001).,"Chronic HFHT intake increased plasma theobromine, though it did not have positive impacts on endothelial function, arterial stiffness or BP when compared to LFLT in pregnant women at risk of PE.",Support
2993,AbstRCT_mixed_29658370,"Compared with LFLT, acute HFHT intake significantly increased plasma epicatechin and theobromine (p < 0.0001), decreased AIx (p < 0.0001) and increased diastolic BP (3.49 ± 3.40 mmHg increase in HFHT group vs 1.55 ± 2.59 mmHg increase in LFLT group, p = 0.0008).","Chronic HFHT intake increased plasma theobromine, though it did not have positive impacts on endothelial function, arterial stiffness or BP when compared to LFLT in pregnant women at risk of PE.",Support
2994,AbstRCT_mixed_29658370,"Compared with LFLT, acute HFHT intake significantly increased plasma epicatechin and theobromine (p < 0.0001), decreased AIx (p < 0.0001) and increased diastolic BP (3.49 ± 3.40 mmHg increase in HFHT group vs 1.55 ± 2.59 mmHg increase in LFLT group, p = 0.0008).","Acute consumption of HFHT, compared to LFLT, increased plasma epicatechin and theobromine concentrations and decreased arterial stiffness, with no effect on endothelial function and a marginal increase in diastolic BP.",Support
2995,AbstRCT_mixed_29658370,Chronic HFHT compared with LFLT intake significantly increased plasma theobromine (p < 0.0001).,"Acute consumption of HFHT, compared to LFLT, increased plasma epicatechin and theobromine concentrations and decreased arterial stiffness, with no effect on endothelial function and a marginal increase in diastolic BP.",Support
2996,AbstRCT_mixed_29316213,Valsartan/cilnidipine could not significantly suppress HMBPS compared with valsartan/hydrochlorothiazide.,valsartan/cilnidipine combination would suppress the home morning blood pressure (BP) surge (HMBPS) more effectively than a valsartan/hydrochlorothiazide combination in patients with morning hypertension,Attack
2997,AbstRCT_mixed_29316213,"HMBPS was significantly decreased from baseline in both groups (P < .001), but there was no significant difference between the two groups: 14.4 mm Hg vs 14.0 mm Hg, respectively (P = .892).",Valsartan/cilnidipine could not significantly suppress HMBPS compared with valsartan/hydrochlorothiazide.,Support
2998,AbstRCT_mixed_29316213,"At the end of the treatment period, the changes in nocturnal SBP and morning SBP from baseline were significant in both the valsartan/cilnidipine and valsartan/hydrochlorothiazide groups (P < .001): -5.0 vs -10.0 mm Hg (P = .035) and -10.7 vs -13.6 mm Hg (P = .142), respectively.",Valsartan/cilnidipine could not significantly suppress HMBPS compared with valsartan/hydrochlorothiazide.,Support
2999,AbstRCT_mixed_29620663,"At the end of the study, the mean systolic blood pressure (SBP) of the ISH LSSalt group had significantly decreased by 10.18 mm Hg (95% confidence interval (CI): 3.13 to 17.2, P = .006) compared with that of the ISH NSalt group,","The present study showed that the SBP of ISH patients was significantly decreased with the LSSalt intervention,",Support
3000,AbstRCT_mixed_29620663,"the mean SBP only decreased by 5.10 mm Hg (95% CI: -2.02 to 12.2, P = .158) in the NISH LSSalt group compared with that of the NISH NSalt group.","neither the SBP of the NISH patients nor the DBP of either group were similarly decreased, which indicated that ISH patients were more sensitive to salt restriction.",Support
3001,AbstRCT_mixed_29620663,The mean diastolic blood pressure (DBP) had no significant differences in the ISH and NISH groups.,"neither the SBP of the NISH patients nor the DBP of either group were similarly decreased, which indicated that ISH patients were more sensitive to salt restriction.",Support
3002,AbstRCT_mixed_29507099,"At lower but not higher levels of 24-hour sodium excretion, potassium intake blunted the sodium-BP relation.",The adverse association of dietary sodium with BP is minimally attenuated by other dietary constituents;,Support
3003,AbstRCT_mixed_29507099,Normal weight and obese participants manifested significant positive relations to BP of urinary sodium; relations were weaker for overweight people.,The adverse association of dietary sodium with BP is minimally attenuated by other dietary constituents;,Support
3004,AbstRCT_mixed_29654381,but have not shown beneficial effects on eGFR.,Large-scale clinical trials have shown that incretin-based therapies mitigate albuminuria,Partial-Attack
3005,AbstRCT_mixed_29654381,but the system is complex and not amenable to simple explanation or prior prediction.,"There may be salutary effects of incretin-based treatments on the diabetic kidney,",Partial-Attack
3006,AbstRCT_mixed_29654381,"This contrasts with the renal effects of SGLT2 inhibitors, which can be explained concisely.",but the system is complex and not amenable to simple explanation or prior prediction.,Partial-Attack
3007,AbstRCT_mixed_29654381,Large-scale clinical trials have shown that incretin-based therapies mitigate albuminuria,"There may be salutary effects of incretin-based treatments on the diabetic kidney,",Support
3008,AbstRCT_mixed_29654381,"Research on the incretin-based therapies has yielded a diverse array of direct effects throughout the body, which fuels speculation as to how these drugs might benefit the diabetic kidney and affect its function(s).","There may be salutary effects of incretin-based treatments on the diabetic kidney,",Support
3009,AbstRCT_mixed_29654381,"But in vivo experiments have yet to confirm that the proposed mechanisms underlying emergent phenomena, such as proximal tubular fluid reabsorption, are the ones predicted by cell and molecular experiments.","There may be salutary effects of incretin-based treatments on the diabetic kidney,",Partial-Attack
3010,AbstRCT_mixed_29588137,"There was no statistically significant difference between placebo, calcitriol, vitamin D groups in terms of serum aminotransferase, alkaline phosphatase, serum GGT and lipid profile (P > 0.05).","no beneficial effects was seen when comparing vitamin D, calcitriol and placebo groups at the end of trial.",Support
3011,AbstRCT_mixed_29588137,"After 12 weeks of treatment, serum alkaline phosphatase levels was significantly decreased from baseline levels in vitamin D and calcitriol treated groups (P < 0.05).","significant reduction of serum alkaline phosphatase and GGT were seen with vitamin D and calcitriol supplementation from baseline levels,",Support
3012,AbstRCT_mixed_29452204,"For all patients, no serious adverse events were observed.",It shows that a sequential combination of interferon-α and lamivudine was beneficial.,Support
3013,AbstRCT_mixed_29452204,"Antiviral treatment with a sequential combination of IFN and LAM resulted in a significant improvement in the rates of undetectable serum HBV DNA, HBeAg seroconversion and HBsAg loss in children with chronic HBV infection and immune-tolerant characteristics.",It shows that a sequential combination of interferon-α and lamivudine was beneficial.,Support
3014,AbstRCT_mixed_29452204,No LAM resistance emerged at week 96.,It shows that a sequential combination of interferon-α and lamivudine was beneficial.,Support
3015,AbstRCT_mixed_29452204,"In the control group, only one (4.35%) patient underwent spontaneous HBeAg seroconversion and had undetectable serum HBV DNA during observation, and moreover, none developed HBsAg clearance.",It shows that a sequential combination of interferon-α and lamivudine was beneficial.,Support
3016,AbstRCT_mixed_29452204,"Of the 46 patients in the treatment group, 73.91% had undetectable serum HBV DNA, 32.61% achieved HBeAg seroconversion and 21.74% lost hepatitis B surface antigen (HBsAg) at the endpoint.",It shows that a sequential combination of interferon-α and lamivudine was beneficial.,Support
3017,AbstRCT_mixed_28266150,The mean survival time was significantly longer for the microcatheter group (p = 0.01).,"At 2 years postoperatively, microcatheter-assisted trabeculotomy still yielded superior results in terms of IOP control and success rates in children with primary congenital glaucoma.",Support
3018,AbstRCT_mixed_28266150,"There was a tendency towards lower IOP in the microcatheter group at 1, 3, 6, 12 and 24 months postoperatively, with the difference in IOP reaching statistical significance at 6 months (p = 0.004).","At 2 years postoperatively, microcatheter-assisted trabeculotomy still yielded superior results in terms of IOP control and success rates in children with primary congenital glaucoma.",Support
3019,AbstRCT_mixed_28266150,"At the end of the 2-year follow-up period, the complete success and the failure rates were 67% and 15%, respectively, in the microcatheter-assisted group versus 47% and 50% in the rigid probe trabeculotomy group (p = 0.006).","At 2 years postoperatively, microcatheter-assisted trabeculotomy still yielded superior results in terms of IOP control and success rates in children with primary congenital glaucoma.",Support
3020,AbstRCT_mixed_29654849,Neither metformin nor rosiglitazone plasma concentrations was associated with BTMs.,"The choice of insulin treatment is not influencing BTMs,",Support
3021,AbstRCT_mixed_29654849,Allocation of insulin regimens was not associated with different levels of BTMs.,"The choice of insulin treatment is not influencing BTMs,",Support
3022,AbstRCT_mixed_29654849,Metformin and metformin + rosiglitazone but not rosiglitazone alone were associated with lower bone formation (PINP).,"metformin treatment may decrease BTMs,",Support
3023,AbstRCT_mixed_29428751,"Results revealed that during daily consumption of fermented milk for 5 wk, systolic [(116.55 ± 12.26 mmHg vs. 124.77 ± 11.04 mmHg) and diastolic blood pressure (80.7 ± 9 vs. 84.5 ± 8.5 mmHg)] from the fermented milk group was lower than the control group.",Results demonstrated that daily consumption of fermented milk with Lactococcus lactis (NRRL B-50571) had a blood pressure-lowering effect on prehypertensive subjects.,Support
3024,AbstRCT_mixed_29428751,Results demonstrated that daily consumption of fermented milk with Lactococcus lactis (NRRL B-50571) had a blood pressure-lowering effect on prehypertensive subjects.,Regular consumption of this product may be used as a potential functional food.,Support
3025,AbstRCT_mixed_28911991,"Four control group, but no sclerostomy group, eyes developed postoperative uveal effusions (P = .04).",Cataract surgery in eyes with nanophthalmos is associated with a high risk for vision-threatening complications.,Support
3026,AbstRCT_mixed_28911991,"Fewer complications were noted in eyes receiving sclerostomy (5/29, 17.2%) as compared to control group eyes (12/31, 38.7%), though differences were marginally significant (P = .065).","Performing a simultaneous prophylactic sclerostomy with cataract surgery reduces complication rates, particularly uveal effusions.",Support
3027,AbstRCT_mixed_28911991,"In multivariable models, sclerostomy decreased the odds of an intraoperative or postoperative complication by 80% (odds ratio [OR] = 0.2, 95% confidence interval [CI] = 0.04-0.92, P = .039);","Performing a simultaneous prophylactic sclerostomy with cataract surgery reduces complication rates, particularly uveal effusions.",Support
3028,AbstRCT_mixed_28911991,"SICS was associated with a significantly higher risk of complications as compared to phacoemulsification (OR = 5.95, 95% CI = 1.49-23.73, P = .012), while high preoperative intraocular pressure (OR = 4.54, 95% CI = 0.99-20.9, P = .052) and greater lens thickness (OR = 3.38, 95% CI = 0.88-12.91, P = .075) demonstrated a marginally significant association.","Performing a simultaneous prophylactic sclerostomy with cataract surgery reduces complication rates, particularly uveal effusions.",Support
3029,AbstRCT_mixed_29456079,"No significant differences were observed among groups for HBeAg seroconversion (PEG-IFN alfa-2a+placebo, 36.3%; PEG-IFN alfa-2a+ETV, 29.5%; and PEG-IFN alfa-2a+ADV, 27.4%), HBeAg loss (37.4%, 32.2%, and 28.6%, respectively) or change in hepatitis B surface antigen (HBsAg) levels from baseline (-0.56 IU/mL, -0.60 IU/mL, and -0.41 IU/mL, respectively).",Pre-therapy with ADV or ETV followed by PEG-IFN alfa-2a is not superior to PEG-IFN alfa-2a monotherapy in Taiwanese patients with HBeAg-positive CHB.,Support
3030,AbstRCT_mixed_29456079,"However, hepatitis B virus DNA levels were higher with PEG-IFN alfa-2a+placebo than PEG-IFN alfa+ETV at week 64 (p = 0.0412), 76 (p = 0.0311), and 88 (p = 0.0113), and alanine aminotransferase (ALT) normalization rate was higher with PEG-IFN alfa-2a+placebo than PEG-IFN alfa-2a+ADV (p = 0.0283) or PEG-IFN alfa-2a+ETV (p = 0.0369) at week 88.",Pre-therapy with ADV or ETV followed by PEG-IFN alfa-2a is not superior to PEG-IFN alfa-2a monotherapy in Taiwanese patients with HBeAg-positive CHB.,Partial-Attack
3031,AbstRCT_mixed_29456079,Safety was comparable among treatment groups.,Pre-therapy with ADV or ETV followed by PEG-IFN alfa-2a is not superior to PEG-IFN alfa-2a monotherapy in Taiwanese patients with HBeAg-positive CHB.,Support
3032,AbstRCT_mixed_28371482,treatment difference decreased and disappeared with time.,"the score of blurred vision was transiently higher in BTFC than DTFC,",Partial-Attack
3033,AbstRCT_mixed_28371482,"blurred vision was frequently seen in BTFC group,","the score of blurred vision was transiently higher in BTFC than DTFC,",Support
3034,AbstRCT_mixed_28371482,No noteworthy issue was observed in other safety outcome.,BTFC can be considered as a safe and effective agent for glaucoma treatment.,Support
3035,AbstRCT_mixed_28371482,"Intra-ocular pressure (IOP) change from baseline at 9 AM/11 AM pooled over the 8 weeks was -3.3/-3.3 mmHg in the BTFC group and -2.9/-3.4 mmHg in the DTFC group,",Non-inferiority of BTFC to DTFC in IOP reduction was demonstrated after adding onto PGA therapy in Japanese OAG/OH patients.,Support
3036,AbstRCT_mixed_29436152,"Mean atrial natriuretic peptide significantly increased in the wet session, by 31.36 pgr/mL (95%CI 8.73-53.99), P = 0.007, and slightly and insignificantly decreased in the dry session, by 21.66 pgr/mL (95% CI -52.59 to 9.25), P = 0.167.","Reduced effective circulating volume is a major cause for IDH, which can be prevented using head-out water immersion facilitated redistribution.",Support
3037,AbstRCT_mixed_29436152,"Systolic blood pressure adjusted to ultrafiltration was stable during the wet session, 0.22 mmHg/15 min (95% CI -0.27 to 0.70), P = 0.38, and significantly decreased during the dry session, -0.68 mmHg/15 min (95%CI -1.24 to -0.11), P = 0.02.","Reduced effective circulating volume is a major cause for IDH, which can be prevented using head-out water immersion facilitated redistribution.",Support
3038,AbstRCT_mixed_29436152,"Symptomatic hypotension did not develop in any of the patients during the wet session, compared to 4 (40%) during the dry session.","Reduced effective circulating volume is a major cause for IDH, which can be prevented using head-out water immersion facilitated redistribution.",Support
3039,AbstRCT_mixed_29652567,"significant improvements in the liver steatosis grading, Doppler perfusion index values, and reactive oxygen species (ROS) production were evident after consumption of both the khorasan and control products.",This study suggests that a short-term replacement diet with ancient KAMUT khorasan products is most effective in reducing metabolic risk factors and ameliorating the liver profile in patients with NAFLD.,Support
3040,AbstRCT_mixed_29652567,"significant reductions in circulating proinflammatory tumor necrosis factor-alpha by 50%, interleukin l-receptor antagonist-alpha by 37%, interleukin-8 by 24%, and interferon gamma by 24% were evident only in participants who consumed the khorasan products (p < 0.05 for all).",This study suggests that a short-term replacement diet with ancient KAMUT khorasan products is most effective in reducing metabolic risk factors and ameliorating the liver profile in patients with NAFLD.,Support
3041,AbstRCT_mixed_29652567,"After the implementation of a general linear model for repeated measurements adjusted for baseline demographic details, risk factors, and medication, alanine aminotransferase (ALT) was significantly reduced by 12%, aspartate aminotransferase (AST) by 14%, alkaline phosphatase (ALP) by 8%, and cholesterol by 6% only in the khorasan group (p < 0.05 for all).",This study suggests that a short-term replacement diet with ancient KAMUT khorasan products is most effective in reducing metabolic risk factors and ameliorating the liver profile in patients with NAFLD.,Support
3042,AbstRCT_mixed_29571976,"vitamin C and/or E improve fasting blood sugar (FBS), HbA1c, lipid profile, insulin, homeostasis model assessment of insulin resistance (HOMA-IR), reduced glutathione (GSH); and Quantitative Insulin Sensitivity Check Index (QISCI) compared with diabetic patients group that received placebo.","This study provided additional evidence on the beneficial effects of supplementing antioxidant vitamins in T2DM which could improve the clinical condition and attenuate or prevent diabetic pathogenesis and complications that, secondly to poor glycemic control, could attribute to the imbalance between the decline in the endogenous antioxidants and increasing production of the reactive oxygen species leading to the oxidant-mediated damage present in the diabetic context.",Support
3043,AbstRCT_mixed_29506674,Larger sample size is presumably needed to assess the effect of RIPC for patients with diabetes mellitus.,Remote ischemic preconditioning significantly reduces the incidence of acute kidney injury in non-diabetic patients undergoing PCI.,Partial-Attack
3044,AbstRCT_mixed_29506674,"RIPC significantly reduced CIN incidence in the overall population (12.1% vs. 26.1%, p=0.01, with a NNT=9) and in non-diabetic patients (9.2% vs. 25.0%, p=0.02), but showed no benefit in diabetics (16.7% vs. 28.2%, p=0.21).",Remote ischemic preconditioning significantly reduces the incidence of acute kidney injury in non-diabetic patients undergoing PCI.,Support
3045,AbstRCT_mixed_29506674,"A trend for lower PMI was seen in the intervention arm (creatine kinase - muscle brain >5 URL; 8.4% vs. 16.4%, p=0.07; troponin T >5 URL; 27% vs. 38%, p=0.21).",Remote ischemic preconditioning significantly reduces the incidence of acute kidney injury in non-diabetic patients undergoing PCI.,Support
3046,AbstRCT_mixed_29507944,"Change in global perfusion did not differ between treatment groups: the mean (SD) change was -0.5 (9.4) mL/min/100 g in the standard group vs 0.7 (8.6) mL/min/100 g in the intensive group (partial η2, 0.004; 95% CI, -3.551 to 5.818; P = .63).",Intensive BP lowering did not reduce cerebral perfusion in severe small vessel disease.,Support
3047,AbstRCT_mixed_29507944,"The mean (SD) systolic BP decreased by 8 (12) mm Hg in the standard group and by 27 (17) mm Hg in the intensive group (P < .001), with mean (SD) achieved pressures of 141 (13) and 126 (10) mm Hg, respectively.",Intensive BP lowering did not reduce cerebral perfusion in severe small vessel disease.,Support
3048,AbstRCT_mixed_29625440,Changes in UACR category were not different among treatment groups at the 52-week visit (global P = 0.29).,"There do not appear to be treatment group differences for changes in blood pressure or UACR as a reflection of kidney function in patients with DME treated with aflibercept, bevacizumab, or ranibizumab.",Support
3049,AbstRCT_mixed_29625440,"Average change in mean arterial pressure from baseline to 2 years was -1.2 ± 15, -1.8 ± 13.5, -2.6 ± 14.4 mm Hg in the aflibercept, bevacizumab, and ranibizumab groups, respectively (global P = 0.69).","There do not appear to be treatment group differences for changes in blood pressure or UACR as a reflection of kidney function in patients with DME treated with aflibercept, bevacizumab, or ranibizumab.",Support
3050,AbstRCT_mixed_28624326,"eyes undergoing IMCT achieved a lower IOP than CPT group eyes at 12 months follow-up (9.5 ± 2.4 mm Hg and 11.7 ± 2.1 mm Hg, respectively, P < .001).","In primary congential glaucoma, illuminated microcatheter-assisted 360-degree circumferential trabeculotomy performed better than conventional partial trabeculotomy at 1 year follow-up and resulted in significantly lower IOP measurements.",Support
3051,AbstRCT_mixed_28624326,"eyes undergoing IMCT achieved a lower IOP than CPT group eyes at 12 months follow-up (9.5 ± 2.4 mm Hg and 11.7 ± 2.1 mm Hg, respectively, P < .001).","Both procedures produced a statistically significant reduction in IOP,",Support
3052,AbstRCT_mixed_28624326,"For the IMCT group and CPT groups, respectively, the absolute success rates were 80% (16/20) and 60% (12/20) (P < .001) and qualified success rates were 90% (18/20) and 70% (14/20) (P < .001).","Both procedures produced a statistically significant reduction in IOP,",Support
